/****************************************************************************
** Resource object code
**
** Created by: The Resource Compiler for Qt version 6.8.3
**
** WARNING! All changes made in this file will be lost!
*****************************************************************************/

#ifdef _MSC_VER
// disable informational message "function ... selected for automatic inline expansion"
#pragma warning (disable: 4711)
#endif

static const unsigned char qt_resource_data[] = {
  // close-button-disabled.svg
  0x0,0x0,0x15,0xa0,
  0x3c,
  0x3f,0x78,0x6d,0x6c,0x20,0x76,0x65,0x72,0x73,0x69,0x6f,0x6e,0x3d,0x22,0x31,0x2e,
  0x30,0x22,0x20,0x65,0x6e,0x63,0x6f,0x64,0x69,0x6e,0x67,0x3d,0x22,0x55,0x54,0x46,
  0x2d,0x38,0x22,0x20,0x73,0x74,0x61,0x6e,0x64,0x61,0x6c,0x6f,0x6e,0x65,0x3d,0x22,
  0x6e,0x6f,0x22,0x3f,0x3e,0xa,0x3c,0x73,0x76,0x67,0xa,0x20,0x20,0x20,0x78,0x6d,
  0x6c,0x6e,0x73,0x3a,0x64,0x63,0x3d,0x22,0x68,0x74,0x74,0x70,0x3a,0x2f,0x2f,0x70,
  0x75,0x72,0x6c,0x2e,0x6f,0x72,0x67,0x2f,0x64,0x63,0x2f,0x65,0x6c,0x65,0x6d,0x65,
  0x6e,0x74,0x73,0x2f,0x31,0x2e,0x31,0x2f,0x22,0xa,0x20,0x20,0x20,0x78,0x6d,0x6c,
  0x6e,0x73,0x3a,0x63,0x63,0x3d,0x22,0x68,0x74,0x74,0x70,0x3a,0x2f,0x2f,0x63,0x72,
  0x65,0x61,0x74,0x69,0x76,0x65,0x63,0x6f,0x6d,0x6d,0x6f,0x6e,0x73,0x2e,0x6f,0x72,
  0x67,0x2f,0x6e,0x73,0x23,0x22,0xa,0x20,0x20,0x20,0x78,0x6d,0x6c,0x6e,0x73,0x3a,
  0x72,0x64,0x66,0x3d,0x22,0x68,0x74,0x74,0x70,0x3a,0x2f,0x2f,0x77,0x77,0x77,0x2e,
  0x77,0x33,0x2e,0x6f,0x72,0x67,0x2f,0x31,0x39,0x39,0x39,0x2f,0x30,0x32,0x2f,0x32,
  0x32,0x2d,0x72,0x64,0x66,0x2d,0x73,0x79,0x6e,0x74,0x61,0x78,0x2d,0x6e,0x73,0x23,
  0x22,0xa,0x20,0x20,0x20,0x78,0x6d,0x6c,0x6e,0x73,0x3a,0x73,0x76,0x67,0x3d,0x22,
  0x68,0x74,0x74,0x70,0x3a,0x2f,0x2f,0x77,0x77,0x77,0x2e,0x77,0x33,0x2e,0x6f,0x72,
  0x67,0x2f,0x32,0x30,0x30,0x30,0x2f,0x73,0x76,0x67,0x22,0xa,0x20,0x20,0x20,0x78,
  0x6d,0x6c,0x6e,0x73,0x3d,0x22,0x68,0x74,0x74,0x70,0x3a,0x2f,0x2f,0x77,0x77,0x77,
  0x2e,0x77,0x33,0x2e,0x6f,0x72,0x67,0x2f,0x32,0x30,0x30,0x30,0x2f,0x73,0x76,0x67,
  0x22,0xa,0x20,0x20,0x20,0x78,0x6d,0x6c,0x6e,0x73,0x3a,0x73,0x6f,0x64,0x69,0x70,
  0x6f,0x64,0x69,0x3d,0x22,0x68,0x74,0x74,0x70,0x3a,0x2f,0x2f,0x73,0x6f,0x64,0x69,
  0x70,0x6f,0x64,0x69,0x2e,0x73,0x6f,0x75,0x72,0x63,0x65,0x66,0x6f,0x72,0x67,0x65,
  0x2e,0x6e,0x65,0x74,0x2f,0x44,0x54,0x44,0x2f,0x73,0x6f,0x64,0x69,0x70,0x6f,0x64,
  0x69,0x2d,0x30,0x2e,0x64,0x74,0x64,0x22,0xa,0x20,0x20,0x20,0x78,0x6d,0x6c,0x6e,
  0x73,0x3a,0x69,0x6e,0x6b,0x73,0x63,0x61,0x70,0x65,0x3d,0x22,0x68,0x74,0x74,0x70,
  0x3a,0x2f,0x2f,0x77,0x77,0x77,0x2e,0x69,0x6e,0x6b,0x73,0x63,0x61,0x70,0x65,0x2e,
  0x6f,0x72,0x67,0x2f,0x6e,0x61,0x6d,0x65,0x73,0x70,0x61,0x63,0x65,0x73,0x2f,0x69,
  0x6e,0x6b,0x73,0x63,0x61,0x70,0x65,0x22,0xa,0x20,0x20,0x20,0x73,0x6f,0x64,0x69,
  0x70,0x6f,0x64,0x69,0x3a,0x64,0x6f,0x63,0x6e,0x61,0x6d,0x65,0x3d,0x22,0x63,0x6c,
  0x6f,0x73,0x65,0x2d,0x62,0x75,0x74,0x74,0x6f,0x6e,0x2d,0x64,0x69,0x73,0x61,0x62,
  0x6c,0x65,0x64,0x2e,0x73,0x76,0x67,0x22,0xa,0x20,0x20,0x20,0x69,0x6e,0x6b,0x73,
  0x63,0x61,0x70,0x65,0x3a,0x76,0x65,0x72,0x73,0x69,0x6f,0x6e,0x3d,0x22,0x31,0x2e,
  0x30,0x20,0x28,0x34,0x30,0x33,0x35,0x61,0x34,0x66,0x62,0x34,0x39,0x2c,0x20,0x32,
  0x30,0x32,0x30,0x2d,0x30,0x35,0x2d,0x30,0x31,0x29,0x22,0xa,0x20,0x20,0x20,0x76,
  0x65,0x72,0x73,0x69,0x6f,0x6e,0x3d,0x22,0x31,0x2e,0x31,0x22,0xa,0x20,0x20,0x20,
  0x69,0x64,0x3d,0x22,0x73,0x76,0x67,0x32,0x22,0xa,0x20,0x20,0x20,0x76,0x69,0x65,
  0x77,0x42,0x6f,0x78,0x3d,0x22,0x30,0x20,0x30,0x20,0x31,0x36,0x20,0x31,0x36,0x22,
  0xa,0x20,0x20,0x20,0x68,0x65,0x69,0x67,0x68,0x74,0x3d,0x22,0x31,0x36,0x70,0x78,
  0x22,0xa,0x20,0x20,0x20,0x77,0x69,0x64,0x74,0x68,0x3d,0x22,0x31,0x36,0x70,0x78,
  0x22,0x3e,0xa,0x20,0x20,0x3c,0x73,0x74,0x79,0x6c,0x65,0xa,0x20,0x20,0x20,0x20,
  0x20,0x69,0x64,0x3d,0x22,0x73,0x74,0x79,0x6c,0x65,0x32,0x22,0x3e,0x3c,0x2f,0x73,
  0x74,0x79,0x6c,0x65,0x3e,0xa,0x20,0x20,0x3c,0x64,0x65,0x66,0x73,0xa,0x20,0x20,
  0x20,0x20,0x20,0x69,0x64,0x3d,0x22,0x64,0x65,0x66,0x73,0x34,0x22,0x3e,0xa,0x20,
  0x20,0x20,0x20,0x3c,0x70,0x61,0x74,0x74,0x65,0x72,0x6e,0xa,0x20,0x20,0x20,0x20,
  0x20,0x20,0x20,0x69,0x64,0x3d,0x22,0x45,0x4d,0x46,0x68,0x62,0x61,0x73,0x65,0x70,
  0x61,0x74,0x74,0x65,0x72,0x6e,0x22,0xa,0x20,0x20,0x20,0x20,0x20,0x20,0x20,0x70,
  0x61,0x74,0x74,0x65,0x72,0x6e,0x55,0x6e,0x69,0x74,0x73,0x3d,0x22,0x75,0x73,0x65,
  0x72,0x53,0x70,0x61,0x63,0x65,0x4f,0x6e,0x55,0x73,0x65,0x22,0xa,0x20,0x20,0x20,
  0x20,0x20,0x20,0x20,0x77,0x69,0x64,0x74,0x68,0x3d,0x22,0x36,0x22,0xa,0x20,0x20,
  0x20,0x20,0x20,0x20,0x20,0x68,0x65,0x69,0x67,0x68,0x74,0x3d,0x22,0x36,0x22,0xa,
  0x20,0x20,0x20,0x20,0x20,0x20,0x20,0x78,0x3d,0x22,0x30,0x22,0xa,0x20,0x20,0x20,
  0x20,0x20,0x20,0x20,0x79,0x3d,0x22,0x30,0x22,0x20,0x2f,0x3e,0xa,0x20,0x20,0x20,
  0x20,0x3c,0x70,0x61,0x74,0x74,0x65,0x72,0x6e,0xa,0x20,0x20,0x20,0x20,0x20,0x20,
  0x20,0x69,0x64,0x3d,0x22,0x45,0x4d,0x46,0x68,0x62,0x61,0x73,0x65,0x70,0x61,0x74,
  0x74,0x65,0x72,0x6e,0x2d,0x34,0x22,0xa,0x20,0x20,0x20,0x20,0x20,0x20,0x20,0x70,
  0x61,0x74,0x74,0x65,0x72,0x6e,0x55,0x6e,0x69,0x74,0x73,0x3d,0x22,0x75,0x73,0x65,
  0x72,0x53,0x70,0x61,0x63,0x65,0x4f,0x6e,0x55,0x73,0x65,0x22,0xa,0x20,0x20,0x20,
  0x20,0x20,0x20,0x20,0x77,0x69,0x64,0x74,0x68,0x3d,0x22,0x36,0x22,0xa,0x20,0x20,
  0x20,0x20,0x20,0x20,0x20,0x68,0x65,0x69,0x67,0x68,0x74,0x3d,0x22,0x36,0x22,0xa,
  0x20,0x20,0x20,0x20,0x20,0x20,0x20,0x78,0x3d,0x22,0x30,0x22,0xa,0x20,0x20,0x20,
  0x20,0x20,0x20,0x20,0x79,0x3d,0x22,0x30,0x22,0x20,0x2f,0x3e,0xa,0x20,0x20,0x20,
  0x20,0x3c,0x70,0x61,0x74,0x74,0x65,0x72,0x6e,0xa,0x20,0x20,0x20,0x20,0x20,0x20,
  0x20,0x69,0x64,0x3d,0x22,0x45,0x4d,0x46,0x68,0x62,0x61,0x73,0x65,0x70,0x61,0x74,
  0x74,0x65,0x72,0x6e,0x2d,0x33,0x22,0xa,0x20,0x20,0x20,0x20,0x20,0x20,0x20,0x70,
  0x61,0x74,0x74,0x65,0x72,0x6e,0x55,0x6e,0x69,0x74,0x73,0x3d,0x22,0x75,0x73,0x65,
  0x72,0x53,0x70,0x61,0x63,0x65,0x4f,0x6e,0x55,0x73,0x65,0x22,0xa,0x20,0x20,0x20,
  0x20,0x20,0x20,0x20,0x77,0x69,0x64,0x74,0x68,0x3d,0x22,0x36,0x22,0xa,0x20,0x20,
  0x20,0x20,0x20,0x20,0x20,0x68,0x65,0x69,0x67,0x68,0x74,0x3d,0x22,0x36,0x22,0xa,
  0x20,0x20,0x20,0x20,0x20,0x20,0x20,0x78,0x3d,0x22,0x30,0x22,0xa,0x20,0x20,0x20,
  0x20,0x20,0x20,0x20,0x79,0x3d,0x22,0x30,0x22,0x20,0x2f,0x3e,0xa,0x20,0x20,0x20,
  0x20,0x3c,0x70,0x61,0x74,0x74,0x65,0x72,0x6e,0xa,0x20,0x20,0x20,0x20,0x20,0x20,
  0x20,0x69,0x64,0x3d,0x22,0x45,0x4d,0x46,0x68,0x62,0x61,0x73,0x65,0x70,0x61,0x74,
  0x74,0x65,0x72,0x6e,0x2d,0x38,0x22,0xa,0x20,0x20,0x20,0x20,0x20,0x20,0x20,0x70,
  0x61,0x74,0x74,0x65,0x72,0x6e,0x55,0x6e,0x69,0x74,0x73,0x3d,0x22,0x75,0x73,0x65,
  0x72,0x53,0x70,0x61,0x63,0x65,0x4f,0x6e,0x55,0x73,0x65,0x22,0xa,0x20,0x20,0x20,
  0x20,0x20,0x20,0x20,0x77,0x69,0x64,0x74,0x68,0x3d,0x22,0x36,0x22,0xa,0x20,0x20,
  0x20,0x20,0x20,0x20,0x20,0x68,0x65,0x69,0x67,0x68,0x74,0x3d,0x22,0x36,0x22,0xa,
  0x20,0x20,0x20,0x20,0x20,0x20,0x20,0x78,0x3d,0x22,0x30,0x22,0xa,0x20,0x20,0x20,
  0x20,0x20,0x20,0x20,0x79,0x3d,0x22,0x30,0x22,0x20,0x2f,0x3e,0xa,0x20,0x20,0x3c,
  0x2f,0x64,0x65,0x66,0x73,0x3e,0xa,0x20,0x20,0x3c,0x73,0x6f,0x64,0x69,0x70,0x6f,
  0x64,0x69,0x3a,0x6e,0x61,0x6d,0x65,0x64,0x76,0x69,0x65,0x77,0xa,0x20,0x20,0x20,
  0x20,0x20,0x69,0x6e,0x6b,0x73,0x63,0x61,0x70,0x65,0x3a,0x67,0x75,0x69,0x64,0x65,
  0x2d,0x62,0x62,0x6f,0x78,0x3d,0x22,0x74,0x72,0x75,0x65,0x22,0xa,0x20,0x20,0x20,
  0x20,0x20,0x73,0x68,0x6f,0x77,0x67,0x75,0x69,0x64,0x65,0x73,0x3d,0x22,0x74,0x72,
  0x75,0x65,0x22,0xa,0x20,0x20,0x20,0x20,0x20,0x69,0x6e,0x6b,0x73,0x63,0x61,0x70,
  0x65,0x3a,0x64,0x6f,0x63,0x75,0x6d,0x65,0x6e,0x74,0x2d,0x72,0x6f,0x74,0x61,0x74,
  0x69,0x6f,0x6e,0x3d,0x22,0x30,0x22,0xa,0x20,0x20,0x20,0x20,0x20,0x69,0x6e,0x6b,
  0x73,0x63,0x61,0x70,0x65,0x3a,0x73,0x6e,0x61,0x70,0x2d,0x67,0x6c,0x6f,0x62,0x61,
  0x6c,0x3d,0x22,0x74,0x72,0x75,0x65,0x22,0xa,0x20,0x20,0x20,0x20,0x20,0x69,0x6e,
  0x6b,0x73,0x63,0x61,0x70,0x65,0x3a,0x73,0x6e,0x61,0x70,0x2d,0x62,0x62,0x6f,0x78,
  0x2d,0x6d,0x69,0x64,0x70,0x6f,0x69,0x6e,0x74,0x73,0x3d,0x22,0x74,0x72,0x75,0x65,
  0x22,0xa,0x20,0x20,0x20,0x20,0x20,0x69,0x6e,0x6b,0x73,0x63,0x61,0x70,0x65,0x3a,
  0x73,0x6e,0x61,0x70,0x2d,0x62,0x62,0x6f,0x78,0x2d,0x65,0x64,0x67,0x65,0x2d,0x6d,
  0x69,0x64,0x70,0x6f,0x69,0x6e,0x74,0x73,0x3d,0x22,0x74,0x72,0x75,0x65,0x22,0xa,
  0x20,0x20,0x20,0x20,0x20,0x69,0x6e,0x6b,0x73,0x63,0x61,0x70,0x65,0x3a,0x62,0x62,
  0x6f,0x78,0x2d,0x6e,0x6f,0x64,0x65,0x73,0x3d,0x22,0x74,0x72,0x75,0x65,0x22,0xa,
  0x20,0x20,0x20,0x20,0x20,0x69,0x6e,0x6b,0x73,0x63,0x61,0x70,0x65,0x3a,0x62,0x62,
  0x6f,0x78,0x2d,0x70,0x61,0x74,0x68,0x73,0x3d,0x22,0x74,0x72,0x75,0x65,0x22,0xa,
  0x20,0x20,0x20,0x20,0x20,0x69,0x6e,0x6b,0x73,0x63,0x61,0x70,0x65,0x3a,0x73,0x6e,
  0x61,0x70,0x2d,0x62,0x62,0x6f,0x78,0x3d,0x22,0x74,0x72,0x75,0x65,0x22,0xa,0x20,
  0x20,0x20,0x20,0x20,0x69,0x6e,0x6b,0x73,0x63,0x61,0x70,0x65,0x3a,0x77,0x69,0x6e,
  0x64,0x6f,0x77,0x2d,0x6d,0x61,0x78,0x69,0x6d,0x69,0x7a,0x65,0x64,0x3d,0x22,0x31,
  0x22,0xa,0x20,0x20,0x20,0x20,0x20,0x69,0x6e,0x6b,0x73,0x63,0x61,0x70,0x65,0x3a,
  0x77,0x69,0x6e,0x64,0x6f,0x77,0x2d,0x79,0x3d,0x22,0x2d,0x38,0x22,0xa,0x20,0x20,
  0x20,0x20,0x20,0x69,0x6e,0x6b,0x73,0x63,0x61,0x70,0x65,0x3a,0x77,0x69,0x6e,0x64,
  0x6f,0x77,0x2d,0x78,0x3d,0x22,0x31,0x39,0x31,0x32,0x22,0xa,0x20,0x20,0x20,0x20,
  0x20,0x69,0x6e,0x6b,0x73,0x63,0x61,0x70,0x65,0x3a,0x77,0x69,0x6e,0x64,0x6f,0x77,
  0x2d,0x68,0x65,0x69,0x67,0x68,0x74,0x3d,0x22,0x31,0x30,0x31,0x37,0x22,0xa,0x20,
  0x20,0x20,0x20,0x20,0x69,0x6e,0x6b,0x73,0x63,0x61,0x70,0x65,0x3a,0x77,0x69,0x6e,
  0x64,0x6f,0x77,0x2d,0x77,0x69,0x64,0x74,0x68,0x3d,0x22,0x31,0x39,0x32,0x30,0x22,
  0xa,0x20,0x20,0x20,0x20,0x20,0x75,0x6e,0x69,0x74,0x73,0x3d,0x22,0x70,0x78,0x22,
  0xa,0x20,0x20,0x20,0x20,0x20,0x73,0x68,0x6f,0x77,0x67,0x72,0x69,0x64,0x3d,0x22,
  0x74,0x72,0x75,0x65,0x22,0xa,0x20,0x20,0x20,0x20,0x20,0x69,0x6e,0x6b,0x73,0x63,
  0x61,0x70,0x65,0x3a,0x63,0x75,0x72,0x72,0x65,0x6e,0x74,0x2d,0x6c,0x61,0x79,0x65,
  0x72,0x3d,0x22,0x67,0x35,0x32,0x32,0x38,0x22,0xa,0x20,0x20,0x20,0x20,0x20,0x69,
  0x6e,0x6b,0x73,0x63,0x61,0x70,0x65,0x3a,0x64,0x6f,0x63,0x75,0x6d,0x65,0x6e,0x74,
  0x2d,0x75,0x6e,0x69,0x74,0x73,0x3d,0x22,0x70,0x78,0x22,0xa,0x20,0x20,0x20,0x20,
  0x20,0x69,0x6e,0x6b,0x73,0x63,0x61,0x70,0x65,0x3a,0x63,0x79,0x3d,0x22,0x31,0x33,
  0x2e,0x31,0x37,0x36,0x39,0x31,0x22,0xa,0x20,0x20,0x20,0x20,0x20,0x69,0x6e,0x6b,
  0x73,0x63,0x61,0x70,0x65,0x3a,0x63,0x78,0x3d,0x22,0x36,0x2e,0x32,0x33,0x31,0x36,
  0x38,0x38,0x39,0x22,0xa,0x20,0x20,0x20,0x20,0x20,0x69,0x6e,0x6b,0x73,0x63,0x61,
  0x70,0x65,0x3a,0x7a,0x6f,0x6f,0x6d,0x3d,0x22,0x32,0x32,0x2e,0x36,0x32,0x37,0x34,
  0x31,0x37,0x22,0xa,0x20,0x20,0x20,0x20,0x20,0x69,0x6e,0x6b,0x73,0x63,0x61,0x70,
  0x65,0x3a,0x70,0x61,0x67,0x65,0x73,0x68,0x61,0x64,0x6f,0x77,0x3d,0x22,0x32,0x22,
  0xa,0x20,0x20,0x20,0x20,0x20,0x69,0x6e,0x6b,0x73,0x63,0x61,0x70,0x65,0x3a,0x70,
  0x61,0x67,0x65,0x6f,0x70,0x61,0x63,0x69,0x74,0x79,0x3d,0x22,0x30,0x2e,0x30,0x22,
  0xa,0x20,0x20,0x20,0x20,0x20,0x62,0x6f,0x72,0x64,0x65,0x72,0x6f,0x70,0x61,0x63,
  0x69,0x74,0x79,0x3d,0x22,0x31,0x2e,0x30,0x22,0xa,0x20,0x20,0x20,0x20,0x20,0x62,
  0x6f,0x72,0x64,0x65,0x72,0x63,0x6f,0x6c,0x6f,0x72,0x3d,0x22,0x23,0x36,0x36,0x36,
  0x36,0x36,0x36,0x22,0xa,0x20,0x20,0x20,0x20,0x20,0x70,0x61,0x67,0x65,0x63,0x6f,
  0x6c,0x6f,0x72,0x3d,0x22,0x23,0x66,0x66,0x66,0x66,0x66,0x66,0x22,0xa,0x20,0x20,
  0x20,0x20,0x20,0x69,0x64,0x3d,0x22,0x62,0x61,0x73,0x65,0x22,0x3e,0xa,0x20,0x20,
  0x20,0x20,0x3c,0x69,0x6e,0x6b,0x73,0x63,0x61,0x70,0x65,0x3a,0x67,0x72,0x69,0x64,
  0xa,0x20,0x20,0x20,0x20,0x20,0x20,0x20,0x69,0x64,0x3d,0x22,0x67,0x72,0x69,0x64,
  0x33,0x33,0x33,0x36,0x22,0xa,0x20,0x20,0x20,0x20,0x20,0x20,0x20,0x74,0x79,0x70,
  0x65,0x3d,0x22,0x78,0x79,0x67,0x72,0x69,0x64,0x22,0x20,0x2f,0x3e,0xa,0x20,0x20,
  0x20,0x20,0x3c,0x73,0x6f,0x64,0x69,0x70,0x6f,0x64,0x69,0x3a,0x67,0x75,0x69,0x64,
  0x65,0xa,0x20,0x20,0x20,0x20,0x20,0x20,0x20,0x69,0x64,0x3d,0x22,0x67,0x75,0x69,
  0x64,0x65,0x38,0x38,0x33,0x22,0xa,0x20,0x20,0x20,0x20,0x20,0x20,0x20,0x6f,0x72,
  0x69,0x65,0x6e,0x74,0x61,0x74,0x69,0x6f,0x6e,0x3d,0x22,0x31,0x2c,0x30,0x22,0xa,
  0x20,0x20,0x20,0x20,0x20,0x20,0x20,0x70,0x6f,0x73,0x69,0x74,0x69,0x6f,0x6e,0x3d,
  0x22,0x34,0x2c,0x31,0x30,0x22,0x20,0x2f,0x3e,0xa,0x20,0x20,0x20,0x20,0x3c,0x73,
  0x6f,0x64,0x69,0x70,0x6f,0x64,0x69,0x3a,0x67,0x75,0x69,0x64,0x65,0xa,0x20,0x20,
  0x20,0x20,0x20,0x20,0x20,0x69,0x64,0x3d,0x22,0x67,0x75,0x69,0x64,0x65,0x38,0x38,
  0x35,0x22,0xa,0x20,0x20,0x20,0x20,0x20,0x20,0x20,0x6f,0x72,0x69,0x65,0x6e,0x74,
  0x61,0x74,0x69,0x6f,0x6e,0x3d,0x22,0x30,0x2c,0x2d,0x31,0x22,0xa,0x20,0x20,0x20,
  0x20,0x20,0x20,0x20,0x70,0x6f,0x73,0x69,0x74,0x69,0x6f,0x6e,0x3d,0x22,0x31,0x30,
  0x2c,0x31,0x32,0x22,0x20,0x2f,0x3e,0xa,0x20,0x20,0x20,0x20,0x3c,0x73,0x6f,0x64,
  0x69,0x70,0x6f,0x64,0x69,0x3a,0x67,0x75,0x69,0x64,0x65,0xa,0x20,0x20,0x20,0x20,
  0x20,0x20,0x20,0x69,0x64,0x3d,0x22,0x67,0x75,0x69,0x64,0x65,0x38,0x38,0x37,0x22,
  0xa,0x20,0x20,0x20,0x20,0x20,0x20,0x20,0x6f,0x72,0x69,0x65,0x6e,0x74,0x61,0x74,
  0x69,0x6f,0x6e,0x3d,0x22,0x31,0x2c,0x30,0x22,0xa,0x20,0x20,0x20,0x20,0x20,0x20,
  0x20,0x70,0x6f,0x73,0x69,0x74,0x69,0x6f,0x6e,0x3d,0x22,0x31,0x32,0x2c,0x32,0x22,
  0x20,0x2f,0x3e,0xa,0x20,0x20,0x20,0x20,0x3c,0x73,0x6f,0x64,0x69,0x70,0x6f,0x64,
  0x69,0x3a,0x67,0x75,0x69,0x64,0x65,0xa,0x20,0x20,0x20,0x20,0x20,0x20,0x20,0x69,
  0x64,0x3d,0x22,0x67,0x75,0x69,0x64,0x65,0x38,0x38,0x39,0x22,0xa,0x20,0x20,0x20,
  0x20,0x20,0x20,0x20,0x6f,0x72,0x69,0x65,0x6e,0x74,0x61,0x74,0x69,0x6f,0x6e,0x3d,
  0x22,0x30,0x2c,0x2d,0x31,0x22,0xa,0x20,0x20,0x20,0x20,0x20,0x20,0x20,0x70,0x6f,
  0x73,0x69,0x74,0x69,0x6f,0x6e,0x3d,0x22,0x31,0x34,0x2c,0x34,0x22,0x20,0x2f,0x3e,
  0xa,0x20,0x20,0x3c,0x2f,0x73,0x6f,0x64,0x69,0x70,0x6f,0x64,0x69,0x3a,0x6e,0x61,
  0x6d,0x65,0x64,0x76,0x69,0x65,0x77,0x3e,0xa,0x20,0x20,0x3c,0x67,0xa,0x20,0x20,
  0x20,0x20,0x20,0x74,0x72,0x61,0x6e,0x73,0x66,0x6f,0x72,0x6d,0x3d,0x22,0x74,0x72,
  0x61,0x6e,0x73,0x6c,0x61,0x74,0x65,0x28,0x30,0x2c,0x2d,0x31,0x30,0x33,0x36,0x2e,
  0x33,0x36,0x32,0x32,0x29,0x22,0xa,0x20,0x20,0x20,0x20,0x20,0x69,0x64,0x3d,0x22,
  0x6c,0x61,0x79,0x65,0x72,0x31,0x22,0xa,0x20,0x20,0x20,0x20,0x20,0x69,0x6e,0x6b,
  0x73,0x63,0x61,0x70,0x65,0x3a,0x67,0x72,0x6f,0x75,0x70,0x6d,0x6f,0x64,0x65,0x3d,
  0x22,0x6c,0x61,0x79,0x65,0x72,0x22,0xa,0x20,0x20,0x20,0x20,0x20,0x69,0x6e,0x6b,
  0x73,0x63,0x61,0x70,0x65,0x3a,0x6c,0x61,0x62,0x65,0x6c,0x3d,0x22,0x4c,0x61,0x79,
  0x65,0x72,0x20,0x31,0x22,0x3e,0xa,0x20,0x20,0x20,0x20,0x3c,0x67,0xa,0x20,0x20,
  0x20,0x20,0x20,0x20,0x20,0x69,0x64,0x3d,0x22,0x67,0x35,0x32,0x32,0x38,0x22,0xa,
  0x20,0x20,0x20,0x20,0x20,0x20,0x20,0x74,0x72,0x61,0x6e,0x73,0x66,0x6f,0x72,0x6d,
  0x3d,0x22,0x74,0x72,0x61,0x6e,0x73,0x6c,0x61,0x74,0x65,0x28,0x36,0x32,0x38,0x2c,
  0x2d,0x31,0x34,0x30,0x2e,0x34,0x39,0x39,0x39,0x38,0x29,0x22,0x3e,0xa,0x20,0x20,
  0x20,0x20,0x20,0x20,0x3c,0x70,0x61,0x74,0x68,0xa,0x20,0x20,0x20,0x20,0x20,0x20,
  0x20,0x20,0x20,0x69,0x64,0x3d,0x22,0x70,0x61,0x74,0x68,0x38,0x34,0x36,0x22,0xa,
  0x20,0x20,0x20,0x20,0x20,0x20,0x20,0x20,0x20,0x73,0x74,0x79,0x6c,0x65,0x3d,0x22,
  0x63,0x6f,0x6c,0x6f,0x72,0x3a,0x23,0x30,0x30,0x30,0x30,0x30,0x30,0x3b,0x66,0x6f,
  0x6e,0x74,0x2d,0x73,0x74,0x79,0x6c,0x65,0x3a,0x6e,0x6f,0x72,0x6d,0x61,0x6c,0x3b,
  0x66,0x6f,0x6e,0x74,0x2d,0x76,0x61,0x72,0x69,0x61,0x6e,0x74,0x3a,0x6e,0x6f,0x72,
  0x6d,0x61,0x6c,0x3b,0x66,0x6f,0x6e,0x74,0x2d,0x77,0x65,0x69,0x67,0x68,0x74,0x3a,
  0x6e,0x6f,0x72,0x6d,0x61,0x6c,0x3b,0x66,0x6f,0x6e,0x74,0x2d,0x73,0x74,0x72,0x65,
  0x74,0x63,0x68,0x3a,0x6e,0x6f,0x72,0x6d,0x61,0x6c,0x3b,0x66,0x6f,0x6e,0x74,0x2d,
  0x73,0x69,0x7a,0x65,0x3a,0x6d,0x65,0x64,0x69,0x75,0x6d,0x3b,0x6c,0x69,0x6e,0x65,
  0x2d,0x68,0x65,0x69,0x67,0x68,0x74,0x3a,0x6e,0x6f,0x72,0x6d,0x61,0x6c,0x3b,0x66,
  0x6f,0x6e,0x74,0x2d,0x66,0x61,0x6d,0x69,0x6c,0x79,0x3a,0x73,0x61,0x6e,0x73,0x2d,
  0x73,0x65,0x72,0x69,0x66,0x3b,0x66,0x6f,0x6e,0x74,0x2d,0x76,0x61,0x72,0x69,0x61,
  0x6e,0x74,0x2d,0x6c,0x69,0x67,0x61,0x74,0x75,0x72,0x65,0x73,0x3a,0x6e,0x6f,0x72,
  0x6d,0x61,0x6c,0x3b,0x66,0x6f,0x6e,0x74,0x2d,0x76,0x61,0x72,0x69,0x61,0x6e,0x74,
  0x2d,0x70,0x6f,0x73,0x69,0x74,0x69,0x6f,0x6e,0x3a,0x6e,0x6f,0x72,0x6d,0x61,0x6c,
  0x3b,0x66,0x6f,0x6e,0x74,0x2d,0x76,0x61,0x72,0x69,0x61,0x6e,0x74,0x2d,0x63,0x61,
  0x70,0x73,0x3a,0x6e,0x6f,0x72,0x6d,0x61,0x6c,0x3b,0x66,0x6f,0x6e,0x74,0x2d,0x76,
  0x61,0x72,0x69,0x61,0x6e,0x74,0x2d,0x6e,0x75,0x6d,0x65,0x72,0x69,0x63,0x3a,0x6e,
  0x6f,0x72,0x6d,0x61,0x6c,0x3b,0x66,0x6f,0x6e,0x74,0x2d,0x76,0x61,0x72,0x69,0x61,
  0x6e,0x74,0x2d,0x61,0x6c,0x74,0x65,0x72,0x6e,0x61,0x74,0x65,0x73,0x3a,0x6e,0x6f,
  0x72,0x6d,0x61,0x6c,0x3b,0x66,0x6f,0x6e,0x74,0x2d,0x76,0x61,0x72,0x69,0x61,0x6e,
  0x74,0x2d,0x65,0x61,0x73,0x74,0x2d,0x61,0x73,0x69,0x61,0x6e,0x3a,0x6e,0x6f,0x72,
  0x6d,0x61,0x6c,0x3b,0x66,0x6f,0x6e,0x74,0x2d,0x66,0x65,0x61,0x74,0x75,0x72,0x65,
  0x2d,0x73,0x65,0x74,0x74,0x69,0x6e,0x67,0x73,0x3a,0x6e,0x6f,0x72,0x6d,0x61,0x6c,
  0x3b,0x66,0x6f,0x6e,0x74,0x2d,0x76,0x61,0x72,0x69,0x61,0x74,0x69,0x6f,0x6e,0x2d,
  0x73,0x65,0x74,0x74,0x69,0x6e,0x67,0x73,0x3a,0x6e,0x6f,0x72,0x6d,0x61,0x6c,0x3b,
  0x74,0x65,0x78,0x74,0x2d,0x69,0x6e,0x64,0x65,0x6e,0x74,0x3a,0x30,0x3b,0x74,0x65,
  0x78,0x74,0x2d,0x61,0x6c,0x69,0x67,0x6e,0x3a,0x73,0x74,0x61,0x72,0x74,0x3b,0x74,
  0x65,0x78,0x74,0x2d,0x64,0x65,0x63,0x6f,0x72,0x61,0x74,0x69,0x6f,0x6e,0x3a,0x6e,
  0x6f,0x6e,0x65,0x3b,0x74,0x65,0x78,0x74,0x2d,0x64,0x65,0x63,0x6f,0x72,0x61,0x74,
  0x69,0x6f,0x6e,0x2d,0x6c,0x69,0x6e,0x65,0x3a,0x6e,0x6f,0x6e,0x65,0x3b,0x74,0x65,
  0x78,0x74,0x2d,0x64,0x65,0x63,0x6f,0x72,0x61,0x74,0x69,0x6f,0x6e,0x2d,0x73,0x74,
  0x79,0x6c,0x65,0x3a,0x73,0x6f,0x6c,0x69,0x64,0x3b,0x74,0x65,0x78,0x74,0x2d,0x64,
  0x65,0x63,0x6f,0x72,0x61,0x74,0x69,0x6f,0x6e,0x2d,0x63,0x6f,0x6c,0x6f,0x72,0x3a,
  0x23,0x30,0x30,0x30,0x30,0x30,0x30,0x3b,0x6c,0x65,0x74,0x74,0x65,0x72,0x2d,0x73,
  0x70,0x61,0x63,0x69,0x6e,0x67,0x3a,0x6e,0x6f,0x72,0x6d,0x61,0x6c,0x3b,0x77,0x6f,
  0x72,0x64,0x2d,0x73,0x70,0x61,0x63,0x69,0x6e,0x67,0x3a,0x6e,0x6f,0x72,0x6d,0x61,
  0x6c,0x3b,0x74,0x65,0x78,0x74,0x2d,0x74,0x72,0x61,0x6e,0x73,0x66,0x6f,0x72,0x6d,
  0x3a,0x6e,0x6f,0x6e,0x65,0x3b,0x77,0x72,0x69,0x74,0x69,0x6e,0x67,0x2d,0x6d,0x6f,
  0x64,0x65,0x3a,0x6c,0x72,0x2d,0x74,0x62,0x3b,0x64,0x69,0x72,0x65,0x63,0x74,0x69,
  0x6f,0x6e,0x3a,0x6c,0x74,0x72,0x3b,0x74,0x65,0x78,0x74,0x2d,0x6f,0x72,0x69,0x65,
  0x6e,0x74,0x61,0x74,0x69,0x6f,0x6e,0x3a,0x6d,0x69,0x78,0x65,0x64,0x3b,0x64,0x6f,
  0x6d,0x69,0x6e,0x61,0x6e,0x74,0x2d,0x62,0x61,0x73,0x65,0x6c,0x69,0x6e,0x65,0x3a,
  0x61,0x75,0x74,0x6f,0x3b,0x62,0x61,0x73,0x65,0x6c,0x69,0x6e,0x65,0x2d,0x73,0x68,
  0x69,0x66,0x74,0x3a,0x62,0x61,0x73,0x65,0x6c,0x69,0x6e,0x65,0x3b,0x74,0x65,0x78,
  0x74,0x2d,0x61,0x6e,0x63,0x68,0x6f,0x72,0x3a,0x73,0x74,0x61,0x72,0x74,0x3b,0x77,
  0x68,0x69,0x74,0x65,0x2d,0x73,0x70,0x61,0x63,0x65,0x3a,0x6e,0x6f,0x72,0x6d,0x61,
  0x6c,0x3b,0x73,0x68,0x61,0x70,0x65,0x2d,0x70,0x61,0x64,0x64,0x69,0x6e,0x67,0x3a,
  0x30,0x3b,0x73,0x68,0x61,0x70,0x65,0x2d,0x6d,0x61,0x72,0x67,0x69,0x6e,0x3a,0x30,
  0x3b,0x69,0x6e,0x6c,0x69,0x6e,0x65,0x2d,0x73,0x69,0x7a,0x65,0x3a,0x30,0x3b,0x63,
  0x6c,0x69,0x70,0x2d,0x72,0x75,0x6c,0x65,0x3a,0x6e,0x6f,0x6e,0x7a,0x65,0x72,0x6f,
  0x3b,0x64,0x69,0x73,0x70,0x6c,0x61,0x79,0x3a,0x69,0x6e,0x6c,0x69,0x6e,0x65,0x3b,
  0x6f,0x76,0x65,0x72,0x66,0x6c,0x6f,0x77,0x3a,0x76,0x69,0x73,0x69,0x62,0x6c,0x65,
  0x3b,0x76,0x69,0x73,0x69,0x62,0x69,0x6c,0x69,0x74,0x79,0x3a,0x76,0x69,0x73,0x69,
  0x62,0x6c,0x65,0x3b,0x69,0x73,0x6f,0x6c,0x61,0x74,0x69,0x6f,0x6e,0x3a,0x61,0x75,
  0x74,0x6f,0x3b,0x6d,0x69,0x78,0x2d,0x62,0x6c,0x65,0x6e,0x64,0x2d,0x6d,0x6f,0x64,
  0x65,0x3a,0x6e,0x6f,0x72,0x6d,0x61,0x6c,0x3b,0x63,0x6f,0x6c,0x6f,0x72,0x2d,0x69,
  0x6e,0x74,0x65,0x72,0x70,0x6f,0x6c,0x61,0x74,0x69,0x6f,0x6e,0x3a,0x73,0x52,0x47,
  0x42,0x3b,0x63,0x6f,0x6c,0x6f,0x72,0x2d,0x69,0x6e,0x74,0x65,0x72,0x70,0x6f,0x6c,
  0x61,0x74,0x69,0x6f,0x6e,0x2d,0x66,0x69,0x6c,0x74,0x65,0x72,0x73,0x3a,0x6c,0x69,
  0x6e,0x65,0x61,0x72,0x52,0x47,0x42,0x3b,0x73,0x6f,0x6c,0x69,0x64,0x2d,0x63,0x6f,
  0x6c,0x6f,0x72,0x3a,0x23,0x30,0x30,0x30,0x30,0x30,0x30,0x3b,0x73,0x6f,0x6c,0x69,
  0x64,0x2d,0x6f,0x70,0x61,0x63,0x69,0x74,0x79,0x3a,0x31,0x3b,0x76,0x65,0x63,0x74,
  0x6f,0x72,0x2d,0x65,0x66,0x66,0x65,0x63,0x74,0x3a,0x6e,0x6f,0x6e,0x65,0x3b,0x66,
  0x69,0x6c,0x6c,0x3a,0x23,0x61,0x30,0x61,0x30,0x61,0x30,0x3b,0x66,0x69,0x6c,0x6c,
  0x2d,0x6f,0x70,0x61,0x63,0x69,0x74,0x79,0x3a,0x31,0x3b,0x66,0x69,0x6c,0x6c,0x2d,
  0x72,0x75,0x6c,0x65,0x3a,0x65,0x76,0x65,0x6e,0x6f,0x64,0x64,0x3b,0x73,0x74,0x72,
  0x6f,0x6b,0x65,0x3a,0x6e,0x6f,0x6e,0x65,0x3b,0x73,0x74,0x72,0x6f,0x6b,0x65,0x2d,
  0x77,0x69,0x64,0x74,0x68,0x3a,0x31,0x70,0x78,0x3b,0x73,0x74,0x72,0x6f,0x6b,0x65,
  0x2d,0x6c,0x69,0x6e,0x65,0x63,0x61,0x70,0x3a,0x72,0x6f,0x75,0x6e,0x64,0x3b,0x73,
  0x74,0x72,0x6f,0x6b,0x65,0x2d,0x6c,0x69,0x6e,0x65,0x6a,0x6f,0x69,0x6e,0x3a,0x6d,
  0x69,0x74,0x65,0x72,0x3b,0x73,0x74,0x72,0x6f,0x6b,0x65,0x2d,0x6d,0x69,0x74,0x65,
  0x72,0x6c,0x69,0x6d,0x69,0x74,0x3a,0x34,0x3b,0x73,0x74,0x72,0x6f,0x6b,0x65,0x2d,
  0x64,0x61,0x73,0x68,0x61,0x72,0x72,0x61,0x79,0x3a,0x6e,0x6f,0x6e,0x65,0x3b,0x73,
  0x74,0x72,0x6f,0x6b,0x65,0x2d,0x64,0x61,0x73,0x68,0x6f,0x66,0x66,0x73,0x65,0x74,
  0x3a,0x30,0x3b,0x73,0x74,0x72,0x6f,0x6b,0x65,0x2d,0x6f,0x70,0x61,0x63,0x69,0x74,
  0x79,0x3a,0x31,0x3b,0x63,0x6f,0x6c,0x6f,0x72,0x2d,0x72,0x65,0x6e,0x64,0x65,0x72,
  0x69,0x6e,0x67,0x3a,0x61,0x75,0x74,0x6f,0x3b,0x69,0x6d,0x61,0x67,0x65,0x2d,0x72,
  0x65,0x6e,0x64,0x65,0x72,0x69,0x6e,0x67,0x3a,0x61,0x75,0x74,0x6f,0x3b,0x73,0x68,
  0x61,0x70,0x65,0x2d,0x72,0x65,0x6e,0x64,0x65,0x72,0x69,0x6e,0x67,0x3a,0x61,0x75,
  0x74,0x6f,0x3b,0x74,0x65,0x78,0x74,0x2d,0x72,0x65,0x6e,0x64,0x65,0x72,0x69,0x6e,
  0x67,0x3a,0x61,0x75,0x74,0x6f,0x3b,0x65,0x6e,0x61,0x62,0x6c,0x65,0x2d,0x62,0x61,
  0x63,0x6b,0x67,0x72,0x6f,0x75,0x6e,0x64,0x3a,0x61,0x63,0x63,0x75,0x6d,0x75,0x6c,
  0x61,0x74,0x65,0x3b,0x73,0x74,0x6f,0x70,0x2d,0x63,0x6f,0x6c,0x6f,0x72,0x3a,0x23,
  0x30,0x30,0x30,0x30,0x30,0x30,0x3b,0x73,0x74,0x6f,0x70,0x2d,0x6f,0x70,0x61,0x63,
  0x69,0x74,0x79,0x3a,0x31,0x3b,0x6f,0x70,0x61,0x63,0x69,0x74,0x79,0x3a,0x31,0x22,
  0xa,0x20,0x20,0x20,0x20,0x20,0x20,0x20,0x20,0x20,0x64,0x3d,0x22,0x4d,0x20,0x34,
  0x2e,0x34,0x37,0x36,0x35,0x36,0x32,0x35,0x20,0x34,0x2e,0x30,0x30,0x31,0x39,0x35,
  0x33,0x31,0x20,0x41,0x20,0x30,0x2e,0x35,0x20,0x30,0x2e,0x35,0x20,0x30,0x20,0x30,
  0x20,0x30,0x20,0x34,0x2e,0x31,0x34,0x36,0x34,0x38,0x34,0x34,0x20,0x34,0x2e,0x31,
  0x34,0x36,0x34,0x38,0x34,0x34,0x20,0x41,0x20,0x30,0x2e,0x35,0x20,0x30,0x2e,0x35,
  0x20,0x30,0x20,0x30,0x20,0x30,0x20,0x34,0x2e,0x31,0x34,0x36,0x34,0x38,0x34,0x34,
  0x20,0x34,0x2e,0x38,0x35,0x33,0x35,0x31,0x35,0x36,0x20,0x4c,0x20,0x37,0x2e,0x32,
  0x39,0x32,0x39,0x36,0x38,0x38,0x20,0x38,0x20,0x4c,0x20,0x34,0x2e,0x31,0x34,0x36,
  0x34,0x38,0x34,0x34,0x20,0x31,0x31,0x2e,0x31,0x34,0x36,0x34,0x38,0x34,0x20,0x41,
  0x20,0x30,0x2e,0x35,0x20,0x30,0x2e,0x35,0x20,0x30,0x20,0x30,0x20,0x30,0x20,0x34,
  0x2e,0x31,0x34,0x36,0x34,0x38,0x34,0x34,0x20,0x31,0x31,0x2e,0x38,0x35,0x33,0x35,
  0x31,0x36,0x20,0x41,0x20,0x30,0x2e,0x35,0x20,0x30,0x2e,0x35,0x20,0x30,0x20,0x30,
  0x20,0x30,0x20,0x34,0x2e,0x38,0x35,0x33,0x35,0x31,0x35,0x36,0x20,0x31,0x31,0x2e,
  0x38,0x35,0x33,0x35,0x31,0x36,0x20,0x4c,0x20,0x38,0x20,0x38,0x2e,0x37,0x30,0x37,
  0x30,0x33,0x31,0x32,0x20,0x4c,0x20,0x31,0x31,0x2e,0x31,0x34,0x36,0x34,0x38,0x34,
  0x20,0x31,0x31,0x2e,0x38,0x35,0x33,0x35,0x31,0x36,0x20,0x41,0x20,0x30,0x2e,0x35,
  0x20,0x30,0x2e,0x35,0x20,0x30,0x20,0x30,0x20,0x30,0x20,0x31,0x31,0x2e,0x38,0x35,
  0x33,0x35,0x31,0x36,0x20,0x31,0x31,0x2e,0x38,0x35,0x33,0x35,0x31,0x36,0x20,0x41,
  0x20,0x30,0x2e,0x35,0x20,0x30,0x2e,0x35,0x20,0x30,0x20,0x30,0x20,0x30,0x20,0x31,
  0x31,0x2e,0x38,0x35,0x33,0x35,0x31,0x36,0x20,0x31,0x31,0x2e,0x31,0x34,0x36,0x34,
  0x38,0x34,0x20,0x4c,0x20,0x38,0x2e,0x37,0x30,0x37,0x30,0x33,0x31,0x32,0x20,0x38,
  0x20,0x4c,0x20,0x31,0x31,0x2e,0x38,0x35,0x33,0x35,0x31,0x36,0x20,0x34,0x2e,0x38,
  0x35,0x33,0x35,0x31,0x35,0x36,0x20,0x41,0x20,0x30,0x2e,0x35,0x20,0x30,0x2e,0x35,
  0x20,0x30,0x20,0x30,0x20,0x30,0x20,0x31,0x31,0x2e,0x38,0x35,0x33,0x35,0x31,0x36,
  0x20,0x34,0x2e,0x31,0x34,0x36,0x34,0x38,0x34,0x34,0x20,0x41,0x20,0x30,0x2e,0x35,
  0x20,0x30,0x2e,0x35,0x20,0x30,0x20,0x30,0x20,0x30,0x20,0x31,0x31,0x2e,0x34,0x37,
  0x36,0x35,0x36,0x32,0x20,0x34,0x2e,0x30,0x30,0x31,0x39,0x35,0x33,0x31,0x20,0x41,
  0x20,0x30,0x2e,0x35,0x20,0x30,0x2e,0x35,0x20,0x30,0x20,0x30,0x20,0x30,0x20,0x31,
  0x31,0x2e,0x31,0x34,0x36,0x34,0x38,0x34,0x20,0x34,0x2e,0x31,0x34,0x36,0x34,0x38,
  0x34,0x34,0x20,0x4c,0x20,0x38,0x20,0x37,0x2e,0x32,0x39,0x32,0x39,0x36,0x38,0x38,
  0x20,0x4c,0x20,0x34,0x2e,0x38,0x35,0x33,0x35,0x31,0x35,0x36,0x20,0x34,0x2e,0x31,
  0x34,0x36,0x34,0x38,0x34,0x34,0x20,0x41,0x20,0x30,0x2e,0x35,0x20,0x30,0x2e,0x35,
  0x20,0x30,0x20,0x30,0x20,0x30,0x20,0x34,0x2e,0x34,0x37,0x36,0x35,0x36,0x32,0x35,
  0x20,0x34,0x2e,0x30,0x30,0x31,0x39,0x35,0x33,0x31,0x20,0x7a,0x20,0x22,0xa,0x20,
  0x20,0x20,0x20,0x20,0x20,0x20,0x20,0x20,0x74,0x72,0x61,0x6e,0x73,0x66,0x6f,0x72,
  0x6d,0x3d,0x22,0x74,0x72,0x61,0x6e,0x73,0x6c,0x61,0x74,0x65,0x28,0x2d,0x36,0x32,
  0x38,0x2c,0x31,0x31,0x37,0x36,0x2e,0x38,0x36,0x32,0x32,0x29,0x22,0x20,0x2f,0x3e,
  0xa,0x20,0x20,0x20,0x20,0x3c,0x2f,0x67,0x3e,0xa,0x20,0x20,0x3c,0x2f,0x67,0x3e,
  0xa,0x20,0x20,0x3c,0x6d,0x65,0x74,0x61,0x64,0x61,0x74,0x61,0xa,0x20,0x20,0x20,
  0x20,0x20,0x69,0x64,0x3d,0x22,0x6d,0x65,0x74,0x61,0x64,0x61,0x74,0x61,0x31,0x32,
  0x22,0x3e,0xa,0x20,0x20,0x20,0x20,0x3c,0x72,0x64,0x66,0x3a,0x52,0x44,0x46,0x3e,
  0xa,0x20,0x20,0x20,0x20,0x20,0x20,0x3c,0x72,0x64,0x66,0x3a,0x44,0x65,0x73,0x63,
  0x72,0x69,0x70,0x74,0x69,0x6f,0x6e,0xa,0x20,0x20,0x20,0x20,0x20,0x20,0x20,0x20,
  0x20,0x64,0x63,0x3a,0x6c,0x61,0x6e,0x67,0x75,0x61,0x67,0x65,0x3d,0x22,0x65,0x6e,
  0x22,0xa,0x20,0x20,0x20,0x20,0x20,0x20,0x20,0x20,0x20,0x64,0x63,0x3a,0x66,0x6f,
  0x72,0x6d,0x61,0x74,0x3d,0x22,0x69,0x6d,0x61,0x67,0x65,0x2f,0x73,0x76,0x67,0x2b,
  0x78,0x6d,0x6c,0x22,0xa,0x20,0x20,0x20,0x20,0x20,0x20,0x20,0x20,0x20,0x64,0x63,
  0x3a,0x64,0x61,0x74,0x65,0x3d,0x22,0x32,0x30,0x31,0x36,0x2d,0x31,0x32,0x2d,0x31,
  0x34,0x22,0xa,0x20,0x20,0x20,0x20,0x20,0x20,0x20,0x20,0x20,0x64,0x63,0x3a,0x70,
  0x75,0x62,0x6c,0x69,0x73,0x68,0x65,0x72,0x3d,0x22,0x49,0x63,0x6f,0x6e,0x73,0x63,
  0x6f,0x75,0x74,0x22,0xa,0x20,0x20,0x20,0x20,0x20,0x20,0x20,0x20,0x20,0x64,0x63,
  0x3a,0x64,0x65,0x73,0x63,0x72,0x69,0x70,0x74,0x69,0x6f,0x6e,0x3d,0x22,0x4d,0x65,
  0x6e,0x75,0x2c,0x20,0x42,0x61,0x72,0x2c,0x20,0x4c,0x69,0x6e,0x65,0x73,0x2c,0x20,
  0x4f,0x70,0x74,0x69,0x6f,0x6e,0x2c,0x20,0x4c,0x69,0x73,0x74,0x2c,0x20,0x48,0x61,
  0x6d,0x62,0x75,0x72,0x67,0x65,0x72,0x2c,0x20,0x57,0x65,0x62,0x22,0xa,0x20,0x20,
  0x20,0x20,0x20,0x20,0x20,0x20,0x20,0x64,0x63,0x3a,0x74,0x69,0x74,0x6c,0x65,0x3d,
  0x22,0x4d,0x65,0x6e,0x75,0x2c,0x20,0x42,0x61,0x72,0x2c,0x20,0x4c,0x69,0x6e,0x65,
  0x73,0x2c,0x20,0x4f,0x70,0x74,0x69,0x6f,0x6e,0x2c,0x20,0x4c,0x69,0x73,0x74,0x2c,
  0x20,0x48,0x61,0x6d,0x62,0x75,0x72,0x67,0x65,0x72,0x2c,0x20,0x57,0x65,0x62,0x22,
  0xa,0x20,0x20,0x20,0x20,0x20,0x20,0x20,0x20,0x20,0x61,0x62,0x6f,0x75,0x74,0x3d,
  0x22,0x68,0x74,0x74,0x70,0x73,0x3a,0x2f,0x2f,0x69,0x63,0x6f,0x6e,0x73,0x63,0x6f,
  0x75,0x74,0x2e,0x63,0x6f,0x6d,0x2f,0x6c,0x65,0x67,0x61,0x6c,0x23,0x6c,0x69,0x63,
  0x65,0x6e,0x73,0x65,0x73,0x22,0x3e,0xa,0x20,0x20,0x20,0x20,0x20,0x20,0x20,0x20,
  0x3c,0x64,0x63,0x3a,0x63,0x72,0x65,0x61,0x74,0x6f,0x72,0x3e,0xa,0x20,0x20,0x20,
  0x20,0x20,0x20,0x20,0x20,0x20,0x20,0x3c,0x72,0x64,0x66,0x3a,0x42,0x61,0x67,0x3e,
  0xa,0x20,0x20,0x20,0x20,0x20,0x20,0x20,0x20,0x20,0x20,0x20,0x20,0x3c,0x72,0x64,
  0x66,0x3a,0x6c,0x69,0x3e,0x4a,0x65,0x6d,0x69,0x73,0x20,0x4d,0x61,0x6c,0x69,0x3c,
  0x2f,0x72,0x64,0x66,0x3a,0x6c,0x69,0x3e,0xa,0x20,0x20,0x20,0x20,0x20,0x20,0x20,
  0x20,0x20,0x20,0x3c,0x2f,0x72,0x64,0x66,0x3a,0x42,0x61,0x67,0x3e,0xa,0x20,0x20,
  0x20,0x20,0x20,0x20,0x20,0x20,0x3c,0x2f,0x64,0x63,0x3a,0x63,0x72,0x65,0x61,0x74,
  0x6f,0x72,0x3e,0xa,0x20,0x20,0x20,0x20,0x20,0x20,0x3c,0x2f,0x72,0x64,0x66,0x3a,
  0x44,0x65,0x73,0x63,0x72,0x69,0x70,0x74,0x69,0x6f,0x6e,0x3e,0xa,0x20,0x20,0x20,
  0x20,0x20,0x20,0x3c,0x63,0x63,0x3a,0x57,0x6f,0x72,0x6b,0xa,0x20,0x20,0x20,0x20,
  0x20,0x20,0x20,0x20,0x20,0x72,0x64,0x66,0x3a,0x61,0x62,0x6f,0x75,0x74,0x3d,0x22,
  0x22,0x3e,0xa,0x20,0x20,0x20,0x20,0x20,0x20,0x20,0x20,0x3c,0x64,0x63,0x3a,0x66,
  0x6f,0x72,0x6d,0x61,0x74,0x3e,0x69,0x6d,0x61,0x67,0x65,0x2f,0x73,0x76,0x67,0x2b,
  0x78,0x6d,0x6c,0x3c,0x2f,0x64,0x63,0x3a,0x66,0x6f,0x72,0x6d,0x61,0x74,0x3e,0xa,
  0x20,0x20,0x20,0x20,0x20,0x20,0x20,0x20,0x3c,0x64,0x63,0x3a,0x74,0x79,0x70,0x65,
  0xa,0x20,0x20,0x20,0x20,0x20,0x20,0x20,0x20,0x20,0x20,0x20,0x72,0x64,0x66,0x3a,
  0x72,0x65,0x73,0x6f,0x75,0x72,0x63,0x65,0x3d,0x22,0x68,0x74,0x74,0x70,0x3a,0x2f,
  0x2f,0x70,0x75,0x72,0x6c,0x2e,0x6f,0x72,0x67,0x2f,0x64,0x63,0x2f,0x64,0x63,0x6d,
  0x69,0x74,0x79,0x70,0x65,0x2f,0x53,0x74,0x69,0x6c,0x6c,0x49,0x6d,0x61,0x67,0x65,
  0x22,0x20,0x2f,0x3e,0xa,0x20,0x20,0x20,0x20,0x20,0x20,0x20,0x20,0x3c,0x64,0x63,
  0x3a,0x74,0x69,0x74,0x6c,0x65,0x20,0x2f,0x3e,0xa,0x20,0x20,0x20,0x20,0x20,0x20,
  0x3c,0x2f,0x63,0x63,0x3a,0x57,0x6f,0x72,0x6b,0x3e,0xa,0x20,0x20,0x20,0x20,0x3c,
  0x2f,0x72,0x64,0x66,0x3a,0x52,0x44,0x46,0x3e,0xa,0x20,0x20,0x3c,0x2f,0x6d,0x65,
  0x74,0x61,0x64,0x61,0x74,0x61,0x3e,0xa,0x3c,0x2f,0x73,0x76,0x67,0x3e,0xa,
    // restore-button-focused.svg
  0x0,0x0,0x10,0x8e,
  0x3c,
  0x3f,0x78,0x6d,0x6c,0x20,0x76,0x65,0x72,0x73,0x69,0x6f,0x6e,0x3d,0x22,0x31,0x2e,
  0x30,0x22,0x20,0x65,0x6e,0x63,0x6f,0x64,0x69,0x6e,0x67,0x3d,0x22,0x55,0x54,0x46,
  0x2d,0x38,0x22,0x20,0x73,0x74,0x61,0x6e,0x64,0x61,0x6c,0x6f,0x6e,0x65,0x3d,0x22,
  0x6e,0x6f,0x22,0x3f,0x3e,0xa,0x3c,0x73,0x76,0x67,0xa,0x20,0x20,0x20,0x78,0x6d,
  0x6c,0x6e,0x73,0x3a,0x64,0x63,0x3d,0x22,0x68,0x74,0x74,0x70,0x3a,0x2f,0x2f,0x70,
  0x75,0x72,0x6c,0x2e,0x6f,0x72,0x67,0x2f,0x64,0x63,0x2f,0x65,0x6c,0x65,0x6d,0x65,
  0x6e,0x74,0x73,0x2f,0x31,0x2e,0x31,0x2f,0x22,0xa,0x20,0x20,0x20,0x78,0x6d,0x6c,
  0x6e,0x73,0x3a,0x63,0x63,0x3d,0x22,0x68,0x74,0x74,0x70,0x3a,0x2f,0x2f,0x63,0x72,
  0x65,0x61,0x74,0x69,0x76,0x65,0x63,0x6f,0x6d,0x6d,0x6f,0x6e,0x73,0x2e,0x6f,0x72,
  0x67,0x2f,0x6e,0x73,0x23,0x22,0xa,0x20,0x20,0x20,0x78,0x6d,0x6c,0x6e,0x73,0x3a,
  0x72,0x64,0x66,0x3d,0x22,0x68,0x74,0x74,0x70,0x3a,0x2f,0x2f,0x77,0x77,0x77,0x2e,
  0x77,0x33,0x2e,0x6f,0x72,0x67,0x2f,0x31,0x39,0x39,0x39,0x2f,0x30,0x32,0x2f,0x32,
  0x32,0x2d,0x72,0x64,0x66,0x2d,0x73,0x79,0x6e,0x74,0x61,0x78,0x2d,0x6e,0x73,0x23,
  0x22,0xa,0x20,0x20,0x20,0x78,0x6d,0x6c,0x6e,0x73,0x3a,0x73,0x76,0x67,0x3d,0x22,
  0x68,0x74,0x74,0x70,0x3a,0x2f,0x2f,0x77,0x77,0x77,0x2e,0x77,0x33,0x2e,0x6f,0x72,
  0x67,0x2f,0x32,0x30,0x30,0x30,0x2f,0x73,0x76,0x67,0x22,0xa,0x20,0x20,0x20,0x78,
  0x6d,0x6c,0x6e,0x73,0x3d,0x22,0x68,0x74,0x74,0x70,0x3a,0x2f,0x2f,0x77,0x77,0x77,
  0x2e,0x77,0x33,0x2e,0x6f,0x72,0x67,0x2f,0x32,0x30,0x30,0x30,0x2f,0x73,0x76,0x67,
  0x22,0xa,0x20,0x20,0x20,0x78,0x6d,0x6c,0x6e,0x73,0x3a,0x73,0x6f,0x64,0x69,0x70,
  0x6f,0x64,0x69,0x3d,0x22,0x68,0x74,0x74,0x70,0x3a,0x2f,0x2f,0x73,0x6f,0x64,0x69,
  0x70,0x6f,0x64,0x69,0x2e,0x73,0x6f,0x75,0x72,0x63,0x65,0x66,0x6f,0x72,0x67,0x65,
  0x2e,0x6e,0x65,0x74,0x2f,0x44,0x54,0x44,0x2f,0x73,0x6f,0x64,0x69,0x70,0x6f,0x64,
  0x69,0x2d,0x30,0x2e,0x64,0x74,0x64,0x22,0xa,0x20,0x20,0x20,0x78,0x6d,0x6c,0x6e,
  0x73,0x3a,0x69,0x6e,0x6b,0x73,0x63,0x61,0x70,0x65,0x3d,0x22,0x68,0x74,0x74,0x70,
  0x3a,0x2f,0x2f,0x77,0x77,0x77,0x2e,0x69,0x6e,0x6b,0x73,0x63,0x61,0x70,0x65,0x2e,
  0x6f,0x72,0x67,0x2f,0x6e,0x61,0x6d,0x65,0x73,0x70,0x61,0x63,0x65,0x73,0x2f,0x69,
  0x6e,0x6b,0x73,0x63,0x61,0x70,0x65,0x22,0xa,0x20,0x20,0x20,0x77,0x69,0x64,0x74,
  0x68,0x3d,0x22,0x31,0x36,0x70,0x78,0x22,0xa,0x20,0x20,0x20,0x68,0x65,0x69,0x67,
  0x68,0x74,0x3d,0x22,0x31,0x36,0x70,0x78,0x22,0xa,0x20,0x20,0x20,0x76,0x69,0x65,
  0x77,0x42,0x6f,0x78,0x3d,0x22,0x30,0x20,0x30,0x20,0x31,0x36,0x20,0x31,0x36,0x22,
  0xa,0x20,0x20,0x20,0x69,0x64,0x3d,0x22,0x73,0x76,0x67,0x32,0x22,0xa,0x20,0x20,
  0x20,0x76,0x65,0x72,0x73,0x69,0x6f,0x6e,0x3d,0x22,0x31,0x2e,0x31,0x22,0xa,0x20,
  0x20,0x20,0x69,0x6e,0x6b,0x73,0x63,0x61,0x70,0x65,0x3a,0x76,0x65,0x72,0x73,0x69,
  0x6f,0x6e,0x3d,0x22,0x30,0x2e,0x39,0x32,0x2e,0x35,0x20,0x28,0x32,0x30,0x36,0x30,
  0x65,0x63,0x31,0x66,0x39,0x66,0x2c,0x20,0x32,0x30,0x32,0x30,0x2d,0x30,0x34,0x2d,
  0x30,0x38,0x29,0x22,0xa,0x20,0x20,0x20,0x73,0x6f,0x64,0x69,0x70,0x6f,0x64,0x69,
  0x3a,0x64,0x6f,0x63,0x6e,0x61,0x6d,0x65,0x3d,0x22,0x72,0x65,0x73,0x74,0x6f,0x72,
  0x65,0x2d,0x62,0x75,0x74,0x74,0x6f,0x6e,0x2d,0x66,0x6f,0x63,0x75,0x73,0x65,0x64,
  0x2e,0x73,0x76,0x67,0x22,0x3e,0xa,0x20,0x20,0x3c,0x73,0x74,0x79,0x6c,0x65,0xa,
  0x20,0x20,0x20,0x20,0x20,0x69,0x64,0x3d,0x22,0x73,0x74,0x79,0x6c,0x65,0x32,0x22,
  0x20,0x2f,0x3e,0xa,0x20,0x20,0x3c,0x64,0x65,0x66,0x73,0xa,0x20,0x20,0x20,0x20,
  0x20,0x69,0x64,0x3d,0x22,0x64,0x65,0x66,0x73,0x34,0x22,0x3e,0xa,0x20,0x20,0x20,
  0x20,0x3c,0x70,0x61,0x74,0x74,0x65,0x72,0x6e,0xa,0x20,0x20,0x20,0x20,0x20,0x20,
  0x20,0x79,0x3d,0x22,0x30,0x22,0xa,0x20,0x20,0x20,0x20,0x20,0x20,0x20,0x78,0x3d,
  0x22,0x30,0x22,0xa,0x20,0x20,0x20,0x20,0x20,0x20,0x20,0x68,0x65,0x69,0x67,0x68,
  0x74,0x3d,0x22,0x36,0x22,0xa,0x20,0x20,0x20,0x20,0x20,0x20,0x20,0x77,0x69,0x64,
  0x74,0x68,0x3d,0x22,0x36,0x22,0xa,0x20,0x20,0x20,0x20,0x20,0x20,0x20,0x70,0x61,
  0x74,0x74,0x65,0x72,0x6e,0x55,0x6e,0x69,0x74,0x73,0x3d,0x22,0x75,0x73,0x65,0x72,
  0x53,0x70,0x61,0x63,0x65,0x4f,0x6e,0x55,0x73,0x65,0x22,0xa,0x20,0x20,0x20,0x20,
  0x20,0x20,0x20,0x69,0x64,0x3d,0x22,0x45,0x4d,0x46,0x68,0x62,0x61,0x73,0x65,0x70,
  0x61,0x74,0x74,0x65,0x72,0x6e,0x22,0x20,0x2f,0x3e,0xa,0x20,0x20,0x20,0x20,0x3c,
  0x70,0x61,0x74,0x74,0x65,0x72,0x6e,0xa,0x20,0x20,0x20,0x20,0x20,0x20,0x20,0x79,
  0x3d,0x22,0x30,0x22,0xa,0x20,0x20,0x20,0x20,0x20,0x20,0x20,0x78,0x3d,0x22,0x30,
  0x22,0xa,0x20,0x20,0x20,0x20,0x20,0x20,0x20,0x68,0x65,0x69,0x67,0x68,0x74,0x3d,
  0x22,0x36,0x22,0xa,0x20,0x20,0x20,0x20,0x20,0x20,0x20,0x77,0x69,0x64,0x74,0x68,
  0x3d,0x22,0x36,0x22,0xa,0x20,0x20,0x20,0x20,0x20,0x20,0x20,0x70,0x61,0x74,0x74,
  0x65,0x72,0x6e,0x55,0x6e,0x69,0x74,0x73,0x3d,0x22,0x75,0x73,0x65,0x72,0x53,0x70,
  0x61,0x63,0x65,0x4f,0x6e,0x55,0x73,0x65,0x22,0xa,0x20,0x20,0x20,0x20,0x20,0x20,
  0x20,0x69,0x64,0x3d,0x22,0x45,0x4d,0x46,0x68,0x62,0x61,0x73,0x65,0x70,0x61,0x74,
  0x74,0x65,0x72,0x6e,0x2d,0x34,0x22,0x20,0x2f,0x3e,0xa,0x20,0x20,0x20,0x20,0x3c,
  0x70,0x61,0x74,0x74,0x65,0x72,0x6e,0xa,0x20,0x20,0x20,0x20,0x20,0x20,0x20,0x79,
  0x3d,0x22,0x30,0x22,0xa,0x20,0x20,0x20,0x20,0x20,0x20,0x20,0x78,0x3d,0x22,0x30,
  0x22,0xa,0x20,0x20,0x20,0x20,0x20,0x20,0x20,0x68,0x65,0x69,0x67,0x68,0x74,0x3d,
  0x22,0x36,0x22,0xa,0x20,0x20,0x20,0x20,0x20,0x20,0x20,0x77,0x69,0x64,0x74,0x68,
  0x3d,0x22,0x36,0x22,0xa,0x20,0x20,0x20,0x20,0x20,0x20,0x20,0x70,0x61,0x74,0x74,
  0x65,0x72,0x6e,0x55,0x6e,0x69,0x74,0x73,0x3d,0x22,0x75,0x73,0x65,0x72,0x53,0x70,
  0x61,0x63,0x65,0x4f,0x6e,0x55,0x73,0x65,0x22,0xa,0x20,0x20,0x20,0x20,0x20,0x20,
  0x20,0x69,0x64,0x3d,0x22,0x45,0x4d,0x46,0x68,0x62,0x61,0x73,0x65,0x70,0x61,0x74,
  0x74,0x65,0x72,0x6e,0x2d,0x33,0x22,0x20,0x2f,0x3e,0xa,0x20,0x20,0x20,0x20,0x3c,
  0x70,0x61,0x74,0x74,0x65,0x72,0x6e,0xa,0x20,0x20,0x20,0x20,0x20,0x20,0x20,0x79,
  0x3d,0x22,0x30,0x22,0xa,0x20,0x20,0x20,0x20,0x20,0x20,0x20,0x78,0x3d,0x22,0x30,
  0x22,0xa,0x20,0x20,0x20,0x20,0x20,0x20,0x20,0x68,0x65,0x69,0x67,0x68,0x74,0x3d,
  0x22,0x36,0x22,0xa,0x20,0x20,0x20,0x20,0x20,0x20,0x20,0x77,0x69,0x64,0x74,0x68,
  0x3d,0x22,0x36,0x22,0xa,0x20,0x20,0x20,0x20,0x20,0x20,0x20,0x70,0x61,0x74,0x74,
  0x65,0x72,0x6e,0x55,0x6e,0x69,0x74,0x73,0x3d,0x22,0x75,0x73,0x65,0x72,0x53,0x70,
  0x61,0x63,0x65,0x4f,0x6e,0x55,0x73,0x65,0x22,0xa,0x20,0x20,0x20,0x20,0x20,0x20,
  0x20,0x69,0x64,0x3d,0x22,0x45,0x4d,0x46,0x68,0x62,0x61,0x73,0x65,0x70,0x61,0x74,
  0x74,0x65,0x72,0x6e,0x2d,0x38,0x22,0x20,0x2f,0x3e,0xa,0x20,0x20,0x3c,0x2f,0x64,
  0x65,0x66,0x73,0x3e,0xa,0x20,0x20,0x3c,0x73,0x6f,0x64,0x69,0x70,0x6f,0x64,0x69,
  0x3a,0x6e,0x61,0x6d,0x65,0x64,0x76,0x69,0x65,0x77,0xa,0x20,0x20,0x20,0x20,0x20,
  0x69,0x64,0x3d,0x22,0x62,0x61,0x73,0x65,0x22,0xa,0x20,0x20,0x20,0x20,0x20,0x70,
  0x61,0x67,0x65,0x63,0x6f,0x6c,0x6f,0x72,0x3d,0x22,0x23,0x66,0x66,0x66,0x66,0x66,
  0x66,0x22,0xa,0x20,0x20,0x20,0x20,0x20,0x62,0x6f,0x72,0x64,0x65,0x72,0x63,0x6f,
  0x6c,0x6f,0x72,0x3d,0x22,0x23,0x36,0x36,0x36,0x36,0x36,0x36,0x22,0xa,0x20,0x20,
  0x20,0x20,0x20,0x62,0x6f,0x72,0x64,0x65,0x72,0x6f,0x70,0x61,0x63,0x69,0x74,0x79,
  0x3d,0x22,0x31,0x2e,0x30,0x22,0xa,0x20,0x20,0x20,0x20,0x20,0x69,0x6e,0x6b,0x73,
  0x63,0x61,0x70,0x65,0x3a,0x70,0x61,0x67,0x65,0x6f,0x70,0x61,0x63,0x69,0x74,0x79,
  0x3d,0x22,0x30,0x2e,0x30,0x22,0xa,0x20,0x20,0x20,0x20,0x20,0x69,0x6e,0x6b,0x73,
  0x63,0x61,0x70,0x65,0x3a,0x70,0x61,0x67,0x65,0x73,0x68,0x61,0x64,0x6f,0x77,0x3d,
  0x22,0x32,0x22,0xa,0x20,0x20,0x20,0x20,0x20,0x69,0x6e,0x6b,0x73,0x63,0x61,0x70,
  0x65,0x3a,0x7a,0x6f,0x6f,0x6d,0x3d,0x22,0x33,0x32,0x22,0xa,0x20,0x20,0x20,0x20,
  0x20,0x69,0x6e,0x6b,0x73,0x63,0x61,0x70,0x65,0x3a,0x63,0x78,0x3d,0x22,0x33,0x2e,
  0x36,0x37,0x39,0x34,0x33,0x39,0x34,0x22,0xa,0x20,0x20,0x20,0x20,0x20,0x69,0x6e,
  0x6b,0x73,0x63,0x61,0x70,0x65,0x3a,0x63,0x79,0x3d,0x22,0x37,0x2e,0x38,0x34,0x31,
  0x31,0x30,0x34,0x22,0xa,0x20,0x20,0x20,0x20,0x20,0x69,0x6e,0x6b,0x73,0x63,0x61,
  0x70,0x65,0x3a,0x64,0x6f,0x63,0x75,0x6d,0x65,0x6e,0x74,0x2d,0x75,0x6e,0x69,0x74,
  0x73,0x3d,0x22,0x70,0x78,0x22,0xa,0x20,0x20,0x20,0x20,0x20,0x69,0x6e,0x6b,0x73,
  0x63,0x61,0x70,0x65,0x3a,0x63,0x75,0x72,0x72,0x65,0x6e,0x74,0x2d,0x6c,0x61,0x79,
  0x65,0x72,0x3d,0x22,0x67,0x35,0x32,0x32,0x38,0x22,0xa,0x20,0x20,0x20,0x20,0x20,
  0x73,0x68,0x6f,0x77,0x67,0x72,0x69,0x64,0x3d,0x22,0x74,0x72,0x75,0x65,0x22,0xa,
  0x20,0x20,0x20,0x20,0x20,0x75,0x6e,0x69,0x74,0x73,0x3d,0x22,0x70,0x78,0x22,0xa,
  0x20,0x20,0x20,0x20,0x20,0x69,0x6e,0x6b,0x73,0x63,0x61,0x70,0x65,0x3a,0x77,0x69,
  0x6e,0x64,0x6f,0x77,0x2d,0x77,0x69,0x64,0x74,0x68,0x3d,0x22,0x31,0x38,0x34,0x38,
  0x22,0xa,0x20,0x20,0x20,0x20,0x20,0x69,0x6e,0x6b,0x73,0x63,0x61,0x70,0x65,0x3a,
  0x77,0x69,0x6e,0x64,0x6f,0x77,0x2d,0x68,0x65,0x69,0x67,0x68,0x74,0x3d,0x22,0x39,
  0x32,0x30,0x22,0xa,0x20,0x20,0x20,0x20,0x20,0x69,0x6e,0x6b,0x73,0x63,0x61,0x70,
  0x65,0x3a,0x77,0x69,0x6e,0x64,0x6f,0x77,0x2d,0x78,0x3d,0x22,0x37,0x32,0x22,0xa,
  0x20,0x20,0x20,0x20,0x20,0x69,0x6e,0x6b,0x73,0x63,0x61,0x70,0x65,0x3a,0x77,0x69,
  0x6e,0x64,0x6f,0x77,0x2d,0x79,0x3d,0x22,0x32,0x37,0x22,0xa,0x20,0x20,0x20,0x20,
  0x20,0x69,0x6e,0x6b,0x73,0x63,0x61,0x70,0x65,0x3a,0x77,0x69,0x6e,0x64,0x6f,0x77,
  0x2d,0x6d,0x61,0x78,0x69,0x6d,0x69,0x7a,0x65,0x64,0x3d,0x22,0x31,0x22,0xa,0x20,
  0x20,0x20,0x20,0x20,0x69,0x6e,0x6b,0x73,0x63,0x61,0x70,0x65,0x3a,0x73,0x6e,0x61,
  0x70,0x2d,0x62,0x62,0x6f,0x78,0x3d,0x22,0x74,0x72,0x75,0x65,0x22,0xa,0x20,0x20,
  0x20,0x20,0x20,0x69,0x6e,0x6b,0x73,0x63,0x61,0x70,0x65,0x3a,0x62,0x62,0x6f,0x78,
  0x2d,0x70,0x61,0x74,0x68,0x73,0x3d,0x22,0x74,0x72,0x75,0x65,0x22,0xa,0x20,0x20,
  0x20,0x20,0x20,0x69,0x6e,0x6b,0x73,0x63,0x61,0x70,0x65,0x3a,0x62,0x62,0x6f,0x78,
  0x2d,0x6e,0x6f,0x64,0x65,0x73,0x3d,0x22,0x74,0x72,0x75,0x65,0x22,0xa,0x20,0x20,
  0x20,0x20,0x20,0x69,0x6e,0x6b,0x73,0x63,0x61,0x70,0x65,0x3a,0x73,0x6e,0x61,0x70,
  0x2d,0x62,0x62,0x6f,0x78,0x2d,0x65,0x64,0x67,0x65,0x2d,0x6d,0x69,0x64,0x70,0x6f,
  0x69,0x6e,0x74,0x73,0x3d,0x22,0x74,0x72,0x75,0x65,0x22,0xa,0x20,0x20,0x20,0x20,
  0x20,0x69,0x6e,0x6b,0x73,0x63,0x61,0x70,0x65,0x3a,0x73,0x6e,0x61,0x70,0x2d,0x62,
  0x62,0x6f,0x78,0x2d,0x6d,0x69,0x64,0x70,0x6f,0x69,0x6e,0x74,0x73,0x3d,0x22,0x74,
  0x72,0x75,0x65,0x22,0xa,0x20,0x20,0x20,0x20,0x20,0x69,0x6e,0x6b,0x73,0x63,0x61,
  0x70,0x65,0x3a,0x73,0x6e,0x61,0x70,0x2d,0x67,0x6c,0x6f,0x62,0x61,0x6c,0x3d,0x22,
  0x74,0x72,0x75,0x65,0x22,0xa,0x20,0x20,0x20,0x20,0x20,0x69,0x6e,0x6b,0x73,0x63,
  0x61,0x70,0x65,0x3a,0x64,0x6f,0x63,0x75,0x6d,0x65,0x6e,0x74,0x2d,0x72,0x6f,0x74,
  0x61,0x74,0x69,0x6f,0x6e,0x3d,0x22,0x30,0x22,0xa,0x20,0x20,0x20,0x20,0x20,0x73,
  0x68,0x6f,0x77,0x67,0x75,0x69,0x64,0x65,0x73,0x3d,0x22,0x74,0x72,0x75,0x65,0x22,
  0xa,0x20,0x20,0x20,0x20,0x20,0x69,0x6e,0x6b,0x73,0x63,0x61,0x70,0x65,0x3a,0x67,
  0x75,0x69,0x64,0x65,0x2d,0x62,0x62,0x6f,0x78,0x3d,0x22,0x74,0x72,0x75,0x65,0x22,
  0x3e,0xa,0x20,0x20,0x20,0x20,0x3c,0x69,0x6e,0x6b,0x73,0x63,0x61,0x70,0x65,0x3a,
  0x67,0x72,0x69,0x64,0xa,0x20,0x20,0x20,0x20,0x20,0x20,0x20,0x74,0x79,0x70,0x65,
  0x3d,0x22,0x78,0x79,0x67,0x72,0x69,0x64,0x22,0xa,0x20,0x20,0x20,0x20,0x20,0x20,
  0x20,0x69,0x64,0x3d,0x22,0x67,0x72,0x69,0x64,0x33,0x33,0x33,0x36,0x22,0x20,0x2f,
  0x3e,0xa,0x20,0x20,0x20,0x20,0x3c,0x73,0x6f,0x64,0x69,0x70,0x6f,0x64,0x69,0x3a,
  0x67,0x75,0x69,0x64,0x65,0xa,0x20,0x20,0x20,0x20,0x20,0x20,0x20,0x70,0x6f,0x73,
  0x69,0x74,0x69,0x6f,0x6e,0x3d,0x22,0x34,0x2c,0x31,0x30,0x22,0xa,0x20,0x20,0x20,
  0x20,0x20,0x20,0x20,0x6f,0x72,0x69,0x65,0x6e,0x74,0x61,0x74,0x69,0x6f,0x6e,0x3d,
  0x22,0x31,0x2c,0x30,0x22,0xa,0x20,0x20,0x20,0x20,0x20,0x20,0x20,0x69,0x64,0x3d,
  0x22,0x67,0x75,0x69,0x64,0x65,0x38,0x38,0x33,0x22,0xa,0x20,0x20,0x20,0x20,0x20,
  0x20,0x20,0x69,0x6e,0x6b,0x73,0x63,0x61,0x70,0x65,0x3a,0x6c,0x6f,0x63,0x6b,0x65,
  0x64,0x3d,0x22,0x66,0x61,0x6c,0x73,0x65,0x22,0x20,0x2f,0x3e,0xa,0x20,0x20,0x20,
  0x20,0x3c,0x73,0x6f,0x64,0x69,0x70,0x6f,0x64,0x69,0x3a,0x67,0x75,0x69,0x64,0x65,
  0xa,0x20,0x20,0x20,0x20,0x20,0x20,0x20,0x70,0x6f,0x73,0x69,0x74,0x69,0x6f,0x6e,
  0x3d,0x22,0x31,0x30,0x2c,0x31,0x32,0x22,0xa,0x20,0x20,0x20,0x20,0x20,0x20,0x20,
  0x6f,0x72,0x69,0x65,0x6e,0x74,0x61,0x74,0x69,0x6f,0x6e,0x3d,0x22,0x30,0x2c,0x2d,
  0x31,0x22,0xa,0x20,0x20,0x20,0x20,0x20,0x20,0x20,0x69,0x64,0x3d,0x22,0x67,0x75,
  0x69,0x64,0x65,0x38,0x38,0x35,0x22,0xa,0x20,0x20,0x20,0x20,0x20,0x20,0x20,0x69,
  0x6e,0x6b,0x73,0x63,0x61,0x70,0x65,0x3a,0x6c,0x6f,0x63,0x6b,0x65,0x64,0x3d,0x22,
  0x66,0x61,0x6c,0x73,0x65,0x22,0x20,0x2f,0x3e,0xa,0x20,0x20,0x20,0x20,0x3c,0x73,
  0x6f,0x64,0x69,0x70,0x6f,0x64,0x69,0x3a,0x67,0x75,0x69,0x64,0x65,0xa,0x20,0x20,
  0x20,0x20,0x20,0x20,0x20,0x70,0x6f,0x73,0x69,0x74,0x69,0x6f,0x6e,0x3d,0x22,0x31,
  0x32,0x2c,0x32,0x22,0xa,0x20,0x20,0x20,0x20,0x20,0x20,0x20,0x6f,0x72,0x69,0x65,
  0x6e,0x74,0x61,0x74,0x69,0x6f,0x6e,0x3d,0x22,0x31,0x2c,0x30,0x22,0xa,0x20,0x20,
  0x20,0x20,0x20,0x20,0x20,0x69,0x64,0x3d,0x22,0x67,0x75,0x69,0x64,0x65,0x38,0x38,
  0x37,0x22,0xa,0x20,0x20,0x20,0x20,0x20,0x20,0x20,0x69,0x6e,0x6b,0x73,0x63,0x61,
  0x70,0x65,0x3a,0x6c,0x6f,0x63,0x6b,0x65,0x64,0x3d,0x22,0x66,0x61,0x6c,0x73,0x65,
  0x22,0x20,0x2f,0x3e,0xa,0x20,0x20,0x20,0x20,0x3c,0x73,0x6f,0x64,0x69,0x70,0x6f,
  0x64,0x69,0x3a,0x67,0x75,0x69,0x64,0x65,0xa,0x20,0x20,0x20,0x20,0x20,0x20,0x20,
  0x70,0x6f,0x73,0x69,0x74,0x69,0x6f,0x6e,0x3d,0x22,0x31,0x34,0x2c,0x34,0x22,0xa,
  0x20,0x20,0x20,0x20,0x20,0x20,0x20,0x6f,0x72,0x69,0x65,0x6e,0x74,0x61,0x74,0x69,
  0x6f,0x6e,0x3d,0x22,0x30,0x2c,0x2d,0x31,0x22,0xa,0x20,0x20,0x20,0x20,0x20,0x20,
  0x20,0x69,0x64,0x3d,0x22,0x67,0x75,0x69,0x64,0x65,0x38,0x38,0x39,0x22,0xa,0x20,
  0x20,0x20,0x20,0x20,0x20,0x20,0x69,0x6e,0x6b,0x73,0x63,0x61,0x70,0x65,0x3a,0x6c,
  0x6f,0x63,0x6b,0x65,0x64,0x3d,0x22,0x66,0x61,0x6c,0x73,0x65,0x22,0x20,0x2f,0x3e,
  0xa,0x20,0x20,0x3c,0x2f,0x73,0x6f,0x64,0x69,0x70,0x6f,0x64,0x69,0x3a,0x6e,0x61,
  0x6d,0x65,0x64,0x76,0x69,0x65,0x77,0x3e,0xa,0x20,0x20,0x3c,0x67,0xa,0x20,0x20,
  0x20,0x20,0x20,0x69,0x6e,0x6b,0x73,0x63,0x61,0x70,0x65,0x3a,0x6c,0x61,0x62,0x65,
  0x6c,0x3d,0x22,0x4c,0x61,0x79,0x65,0x72,0x20,0x31,0x22,0xa,0x20,0x20,0x20,0x20,
  0x20,0x69,0x6e,0x6b,0x73,0x63,0x61,0x70,0x65,0x3a,0x67,0x72,0x6f,0x75,0x70,0x6d,
  0x6f,0x64,0x65,0x3d,0x22,0x6c,0x61,0x79,0x65,0x72,0x22,0xa,0x20,0x20,0x20,0x20,
  0x20,0x69,0x64,0x3d,0x22,0x6c,0x61,0x79,0x65,0x72,0x31,0x22,0xa,0x20,0x20,0x20,
  0x20,0x20,0x74,0x72,0x61,0x6e,0x73,0x66,0x6f,0x72,0x6d,0x3d,0x22,0x74,0x72,0x61,
  0x6e,0x73,0x6c,0x61,0x74,0x65,0x28,0x30,0x2c,0x2d,0x31,0x30,0x33,0x36,0x2e,0x33,
  0x36,0x32,0x32,0x29,0x22,0x3e,0xa,0x20,0x20,0x20,0x20,0x3c,0x67,0xa,0x20,0x20,
  0x20,0x20,0x20,0x20,0x20,0x74,0x72,0x61,0x6e,0x73,0x66,0x6f,0x72,0x6d,0x3d,0x22,
  0x74,0x72,0x61,0x6e,0x73,0x6c,0x61,0x74,0x65,0x28,0x36,0x32,0x38,0x2c,0x2d,0x31,
  0x34,0x30,0x2e,0x34,0x39,0x39,0x39,0x38,0x29,0x22,0xa,0x20,0x20,0x20,0x20,0x20,
  0x20,0x20,0x69,0x64,0x3d,0x22,0x67,0x35,0x32,0x32,0x38,0x22,0x3e,0xa,0x20,0x20,
  0x20,0x20,0x20,0x20,0x3c,0x72,0x65,0x63,0x74,0xa,0x20,0x20,0x20,0x20,0x20,0x20,
  0x20,0x20,0x20,0x69,0x64,0x3d,0x22,0x72,0x65,0x63,0x74,0x34,0x30,0x39,0x34,0x22,
  0xa,0x20,0x20,0x20,0x20,0x20,0x20,0x20,0x20,0x20,0x77,0x69,0x64,0x74,0x68,0x3d,
  0x22,0x35,0x2e,0x30,0x35,0x35,0x36,0x30,0x33,0x22,0xa,0x20,0x20,0x20,0x20,0x20,
  0x20,0x20,0x20,0x20,0x68,0x65,0x69,0x67,0x68,0x74,0x3d,0x22,0x35,0x2e,0x30,0x35,
  0x35,0x35,0x33,0x32,0x39,0x22,0xa,0x20,0x20,0x20,0x20,0x20,0x20,0x20,0x20,0x20,
  0x78,0x3d,0x22,0x2d,0x36,0x32,0x33,0x2e,0x35,0x35,0x35,0x36,0x22,0xa,0x20,0x20,
  0x20,0x20,0x20,0x20,0x20,0x20,0x20,0x79,0x3d,0x22,0x31,0x31,0x38,0x33,0x2e,0x33,
  0x36,0x32,0x32,0x22,0xa,0x20,0x20,0x20,0x20,0x20,0x20,0x20,0x20,0x20,0x73,0x74,
  0x79,0x6c,0x65,0x3d,0x22,0x66,0x69,0x6c,0x6c,0x3a,0x6e,0x6f,0x6e,0x65,0x3b,0x73,
  0x74,0x72,0x6f,0x6b,0x65,0x3a,0x23,0x66,0x66,0x66,0x66,0x66,0x66,0x3b,0x73,0x74,
  0x72,0x6f,0x6b,0x65,0x2d,0x77,0x69,0x64,0x74,0x68,0x3a,0x31,0x3b,0x73,0x74,0x72,
  0x6f,0x6b,0x65,0x2d,0x6c,0x69,0x6e,0x65,0x63,0x61,0x70,0x3a,0x62,0x75,0x74,0x74,
  0x3b,0x73,0x74,0x72,0x6f,0x6b,0x65,0x2d,0x6c,0x69,0x6e,0x65,0x6a,0x6f,0x69,0x6e,
  0x3a,0x6d,0x69,0x74,0x65,0x72,0x3b,0x73,0x74,0x72,0x6f,0x6b,0x65,0x2d,0x6d,0x69,
  0x74,0x65,0x72,0x6c,0x69,0x6d,0x69,0x74,0x3a,0x34,0x3b,0x73,0x74,0x72,0x6f,0x6b,
  0x65,0x2d,0x64,0x61,0x73,0x68,0x61,0x72,0x72,0x61,0x79,0x3a,0x6e,0x6f,0x6e,0x65,
  0x3b,0x73,0x74,0x72,0x6f,0x6b,0x65,0x2d,0x6f,0x70,0x61,0x63,0x69,0x74,0x79,0x3a,
  0x31,0x3b,0x70,0x61,0x69,0x6e,0x74,0x2d,0x6f,0x72,0x64,0x65,0x72,0x3a,0x6e,0x6f,
  0x72,0x6d,0x61,0x6c,0x22,0x20,0x2f,0x3e,0xa,0x20,0x20,0x20,0x20,0x20,0x20,0x3c,
  0x70,0x61,0x74,0x68,0xa,0x20,0x20,0x20,0x20,0x20,0x20,0x20,0x20,0x20,0x73,0x74,
  0x79,0x6c,0x65,0x3d,0x22,0x66,0x69,0x6c,0x6c,0x3a,0x6e,0x6f,0x6e,0x65,0x3b,0x73,
  0x74,0x72,0x6f,0x6b,0x65,0x3a,0x23,0x66,0x66,0x66,0x66,0x66,0x66,0x3b,0x73,0x74,
  0x72,0x6f,0x6b,0x65,0x2d,0x77,0x69,0x64,0x74,0x68,0x3a,0x31,0x70,0x78,0x3b,0x73,
  0x74,0x72,0x6f,0x6b,0x65,0x2d,0x6c,0x69,0x6e,0x65,0x63,0x61,0x70,0x3a,0x62,0x75,
  0x74,0x74,0x3b,0x73,0x74,0x72,0x6f,0x6b,0x65,0x2d,0x6c,0x69,0x6e,0x65,0x6a,0x6f,
  0x69,0x6e,0x3a,0x6d,0x69,0x74,0x65,0x72,0x3b,0x73,0x74,0x72,0x6f,0x6b,0x65,0x2d,
  0x6f,0x70,0x61,0x63,0x69,0x74,0x79,0x3a,0x31,0x22,0xa,0x20,0x20,0x20,0x20,0x20,
  0x20,0x20,0x20,0x20,0x64,0x3d,0x22,0x6d,0x20,0x2d,0x36,0x32,0x31,0x2e,0x39,0x38,
  0x39,0x35,0x38,0x2c,0x31,0x31,0x38,0x31,0x2e,0x33,0x34,0x31,0x34,0x20,0x68,0x20,
  0x35,0x2e,0x35,0x31,0x30,0x34,0x32,0x20,0x76,0x20,0x35,0x2e,0x34,0x39,0x39,0x39,
  0x22,0xa,0x20,0x20,0x20,0x20,0x20,0x20,0x20,0x20,0x20,0x69,0x64,0x3d,0x22,0x70,
  0x61,0x74,0x68,0x36,0x31,0x32,0x37,0x22,0xa,0x20,0x20,0x20,0x20,0x20,0x20,0x20,
  0x20,0x20,0x69,0x6e,0x6b,0x73,0x63,0x61,0x70,0x65,0x3a,0x63,0x6f,0x6e,0x6e,0x65,
  0x63,0x74,0x6f,0x72,0x2d,0x63,0x75,0x72,0x76,0x61,0x74,0x75,0x72,0x65,0x3d,0x22,
  0x30,0x22,0x20,0x2f,0x3e,0xa,0x20,0x20,0x20,0x20,0x3c,0x2f,0x67,0x3e,0xa,0x20,
  0x20,0x3c,0x2f,0x67,0x3e,0xa,0x20,0x20,0x3c,0x6d,0x65,0x74,0x61,0x64,0x61,0x74,
  0x61,0xa,0x20,0x20,0x20,0x20,0x20,0x69,0x64,0x3d,0x22,0x6d,0x65,0x74,0x61,0x64,
  0x61,0x74,0x61,0x31,0x32,0x22,0x3e,0xa,0x20,0x20,0x20,0x20,0x3c,0x72,0x64,0x66,
  0x3a,0x52,0x44,0x46,0x3e,0xa,0x20,0x20,0x20,0x20,0x20,0x20,0x3c,0x72,0x64,0x66,
  0x3a,0x44,0x65,0x73,0x63,0x72,0x69,0x70,0x74,0x69,0x6f,0x6e,0xa,0x20,0x20,0x20,
  0x20,0x20,0x20,0x20,0x20,0x20,0x61,0x62,0x6f,0x75,0x74,0x3d,0x22,0x68,0x74,0x74,
  0x70,0x73,0x3a,0x2f,0x2f,0x69,0x63,0x6f,0x6e,0x73,0x63,0x6f,0x75,0x74,0x2e,0x63,
  0x6f,0x6d,0x2f,0x6c,0x65,0x67,0x61,0x6c,0x23,0x6c,0x69,0x63,0x65,0x6e,0x73,0x65,
  0x73,0x22,0xa,0x20,0x20,0x20,0x20,0x20,0x20,0x20,0x20,0x20,0x64,0x63,0x3a,0x74,
  0x69,0x74,0x6c,0x65,0x3d,0x22,0x4d,0x65,0x6e,0x75,0x2c,0x20,0x42,0x61,0x72,0x2c,
  0x20,0x4c,0x69,0x6e,0x65,0x73,0x2c,0x20,0x4f,0x70,0x74,0x69,0x6f,0x6e,0x2c,0x20,
  0x4c,0x69,0x73,0x74,0x2c,0x20,0x48,0x61,0x6d,0x62,0x75,0x72,0x67,0x65,0x72,0x2c,
  0x20,0x57,0x65,0x62,0x22,0xa,0x20,0x20,0x20,0x20,0x20,0x20,0x20,0x20,0x20,0x64,
  0x63,0x3a,0x64,0x65,0x73,0x63,0x72,0x69,0x70,0x74,0x69,0x6f,0x6e,0x3d,0x22,0x4d,
  0x65,0x6e,0x75,0x2c,0x20,0x42,0x61,0x72,0x2c,0x20,0x4c,0x69,0x6e,0x65,0x73,0x2c,
  0x20,0x4f,0x70,0x74,0x69,0x6f,0x6e,0x2c,0x20,0x4c,0x69,0x73,0x74,0x2c,0x20,0x48,
  0x61,0x6d,0x62,0x75,0x72,0x67,0x65,0x72,0x2c,0x20,0x57,0x65,0x62,0x22,0xa,0x20,
  0x20,0x20,0x20,0x20,0x20,0x20,0x20,0x20,0x64,0x63,0x3a,0x70,0x75,0x62,0x6c,0x69,
  0x73,0x68,0x65,0x72,0x3d,0x22,0x49,0x63,0x6f,0x6e,0x73,0x63,0x6f,0x75,0x74,0x22,
  0xa,0x20,0x20,0x20,0x20,0x20,0x20,0x20,0x20,0x20,0x64,0x63,0x3a,0x64,0x61,0x74,
  0x65,0x3d,0x22,0x32,0x30,0x31,0x36,0x2d,0x31,0x32,0x2d,0x31,0x34,0x22,0xa,0x20,
  0x20,0x20,0x20,0x20,0x20,0x20,0x20,0x20,0x64,0x63,0x3a,0x66,0x6f,0x72,0x6d,0x61,
  0x74,0x3d,0x22,0x69,0x6d,0x61,0x67,0x65,0x2f,0x73,0x76,0x67,0x2b,0x78,0x6d,0x6c,
  0x22,0xa,0x20,0x20,0x20,0x20,0x20,0x20,0x20,0x20,0x20,0x64,0x63,0x3a,0x6c,0x61,
  0x6e,0x67,0x75,0x61,0x67,0x65,0x3d,0x22,0x65,0x6e,0x22,0x3e,0xa,0x20,0x20,0x20,
  0x20,0x20,0x20,0x20,0x20,0x3c,0x64,0x63,0x3a,0x63,0x72,0x65,0x61,0x74,0x6f,0x72,
  0x3e,0xa,0x20,0x20,0x20,0x20,0x20,0x20,0x20,0x20,0x20,0x20,0x3c,0x72,0x64,0x66,
  0x3a,0x42,0x61,0x67,0x3e,0xa,0x20,0x20,0x20,0x20,0x20,0x20,0x20,0x20,0x20,0x20,
  0x20,0x20,0x3c,0x72,0x64,0x66,0x3a,0x6c,0x69,0x3e,0x4a,0x65,0x6d,0x69,0x73,0x20,
  0x4d,0x61,0x6c,0x69,0x3c,0x2f,0x72,0x64,0x66,0x3a,0x6c,0x69,0x3e,0xa,0x20,0x20,
  0x20,0x20,0x20,0x20,0x20,0x20,0x20,0x20,0x3c,0x2f,0x72,0x64,0x66,0x3a,0x42,0x61,
  0x67,0x3e,0xa,0x20,0x20,0x20,0x20,0x20,0x20,0x20,0x20,0x3c,0x2f,0x64,0x63,0x3a,
  0x63,0x72,0x65,0x61,0x74,0x6f,0x72,0x3e,0xa,0x20,0x20,0x20,0x20,0x20,0x20,0x3c,
  0x2f,0x72,0x64,0x66,0x3a,0x44,0x65,0x73,0x63,0x72,0x69,0x70,0x74,0x69,0x6f,0x6e,
  0x3e,0xa,0x20,0x20,0x20,0x20,0x20,0x20,0x3c,0x63,0x63,0x3a,0x57,0x6f,0x72,0x6b,
  0xa,0x20,0x20,0x20,0x20,0x20,0x20,0x20,0x20,0x20,0x72,0x64,0x66,0x3a,0x61,0x62,
  0x6f,0x75,0x74,0x3d,0x22,0x22,0x3e,0xa,0x20,0x20,0x20,0x20,0x20,0x20,0x20,0x20,
  0x3c,0x64,0x63,0x3a,0x66,0x6f,0x72,0x6d,0x61,0x74,0x3e,0x69,0x6d,0x61,0x67,0x65,
  0x2f,0x73,0x76,0x67,0x2b,0x78,0x6d,0x6c,0x3c,0x2f,0x64,0x63,0x3a,0x66,0x6f,0x72,
  0x6d,0x61,0x74,0x3e,0xa,0x20,0x20,0x20,0x20,0x20,0x20,0x20,0x20,0x3c,0x64,0x63,
  0x3a,0x74,0x79,0x70,0x65,0xa,0x20,0x20,0x20,0x20,0x20,0x20,0x20,0x20,0x20,0x20,
  0x20,0x72,0x64,0x66,0x3a,0x72,0x65,0x73,0x6f,0x75,0x72,0x63,0x65,0x3d,0x22,0x68,
  0x74,0x74,0x70,0x3a,0x2f,0x2f,0x70,0x75,0x72,0x6c,0x2e,0x6f,0x72,0x67,0x2f,0x64,
  0x63,0x2f,0x64,0x63,0x6d,0x69,0x74,0x79,0x70,0x65,0x2f,0x53,0x74,0x69,0x6c,0x6c,
  0x49,0x6d,0x61,0x67,0x65,0x22,0x20,0x2f,0x3e,0xa,0x20,0x20,0x20,0x20,0x20,0x20,
  0x20,0x20,0x3c,0x64,0x63,0x3a,0x74,0x69,0x74,0x6c,0x65,0x3e,0x3c,0x2f,0x64,0x63,
  0x3a,0x74,0x69,0x74,0x6c,0x65,0x3e,0xa,0x20,0x20,0x20,0x20,0x20,0x20,0x3c,0x2f,
  0x63,0x63,0x3a,0x57,0x6f,0x72,0x6b,0x3e,0xa,0x20,0x20,0x20,0x20,0x3c,0x2f,0x72,
  0x64,0x66,0x3a,0x52,0x44,0x46,0x3e,0xa,0x20,0x20,0x3c,0x2f,0x6d,0x65,0x74,0x61,
  0x64,0x61,0x74,0x61,0x3e,0xa,0x3c,0x2f,0x73,0x76,0x67,0x3e,0xa,
    // vs-pin-button_45.svg
  0x0,0x0,0x1,0xd9,
  0x3c,
  0x3f,0x78,0x6d,0x6c,0x20,0x76,0x65,0x72,0x73,0x69,0x6f,0x6e,0x3d,0x22,0x31,0x2e,
  0x30,0x22,0x20,0x65,0x6e,0x63,0x6f,0x64,0x69,0x6e,0x67,0x3d,0x22,0x55,0x54,0x46,
  0x2d,0x38,0x22,0x3f,0x3e,0xa,0x3c,0x73,0x76,0x67,0x20,0x77,0x69,0x64,0x74,0x68,
  0x3d,0x22,0x31,0x36,0x22,0x20,0x68,0x65,0x69,0x67,0x68,0x74,0x3d,0x22,0x31,0x36,
  0x22,0x20,0x65,0x6e,0x61,0x62,0x6c,0x65,0x2d,0x62,0x61,0x63,0x6b,0x67,0x72,0x6f,
  0x75,0x6e,0x64,0x3d,0x22,0x6e,0x65,0x77,0x20,0x30,0x20,0x30,0x20,0x31,0x32,0x32,
  0x2e,0x38,0x37,0x39,0x20,0x31,0x32,0x32,0x2e,0x38,0x36,0x37,0x22,0x20,0x76,0x65,
  0x72,0x73,0x69,0x6f,0x6e,0x3d,0x22,0x31,0x2e,0x31,0x22,0x20,0x76,0x69,0x65,0x77,
  0x42,0x6f,0x78,0x3d,0x22,0x30,0x20,0x30,0x20,0x31,0x36,0x20,0x31,0x36,0x22,0x20,
  0x78,0x6d,0x6c,0x3a,0x73,0x70,0x61,0x63,0x65,0x3d,0x22,0x70,0x72,0x65,0x73,0x65,
  0x72,0x76,0x65,0x22,0x20,0x78,0x6d,0x6c,0x6e,0x73,0x3d,0x22,0x68,0x74,0x74,0x70,
  0x3a,0x2f,0x2f,0x77,0x77,0x77,0x2e,0x77,0x33,0x2e,0x6f,0x72,0x67,0x2f,0x32,0x30,
  0x30,0x30,0x2f,0x73,0x76,0x67,0x22,0x3e,0x3c,0x70,0x61,0x74,0x68,0x20,0x64,0x3d,
  0x22,0x6d,0x31,0x30,0x2e,0x32,0x38,0x36,0x2d,0x31,0x2e,0x30,0x35,0x35,0x65,0x2d,
  0x36,0x20,0x2d,0x36,0x2e,0x38,0x35,0x37,0x31,0x20,0x36,0x2e,0x38,0x35,0x37,0x31,
  0x2d,0x31,0x2e,0x31,0x34,0x32,0x39,0x2d,0x31,0x2e,0x31,0x34,0x32,0x39,0x2d,0x31,
  0x2e,0x31,0x34,0x32,0x39,0x20,0x31,0x2e,0x31,0x34,0x32,0x39,0x20,0x33,0x2e,0x34,
  0x32,0x38,0x36,0x20,0x33,0x2e,0x34,0x32,0x38,0x36,0x2d,0x34,0x2e,0x35,0x37,0x31,
  0x34,0x20,0x34,0x2e,0x35,0x37,0x31,0x34,0x20,0x31,0x2e,0x31,0x34,0x32,0x39,0x20,
  0x31,0x2e,0x31,0x34,0x32,0x39,0x20,0x34,0x2e,0x35,0x37,0x31,0x34,0x2d,0x34,0x2e,
  0x35,0x37,0x31,0x34,0x20,0x33,0x2e,0x34,0x32,0x38,0x36,0x20,0x33,0x2e,0x34,0x32,
  0x38,0x36,0x20,0x31,0x2e,0x31,0x34,0x32,0x39,0x2d,0x31,0x2e,0x31,0x34,0x32,0x39,
  0x2d,0x31,0x2e,0x31,0x34,0x32,0x39,0x2d,0x31,0x2e,0x31,0x34,0x32,0x39,0x20,0x36,
  0x2e,0x38,0x35,0x37,0x31,0x2d,0x36,0x2e,0x38,0x35,0x37,0x31,0x2d,0x34,0x2e,0x35,
  0x37,0x31,0x34,0x2d,0x34,0x2e,0x35,0x37,0x31,0x34,0x7a,0x6d,0x30,0x20,0x32,0x2e,
  0x32,0x38,0x35,0x37,0x20,0x32,0x2e,0x32,0x38,0x35,0x37,0x20,0x32,0x2e,0x32,0x38,
  0x35,0x37,0x2d,0x35,0x2e,0x37,0x31,0x34,0x33,0x20,0x35,0x2e,0x37,0x31,0x34,0x33,
  0x2d,0x32,0x2e,0x32,0x38,0x35,0x37,0x2d,0x32,0x2e,0x32,0x38,0x35,0x37,0x7a,0x22,
  0x20,0x66,0x69,0x6c,0x6c,0x3d,0x22,0x23,0x30,0x30,0x30,0x30,0x30,0x30,0x22,0x2f,
  0x3e,0x3c,0x2f,0x73,0x76,0x67,0x3e,0xa,
    // pin-button-big.svg
  0x0,0x0,0x3,0xac,
  0x3c,
  0x3f,0x78,0x6d,0x6c,0x20,0x76,0x65,0x72,0x73,0x69,0x6f,0x6e,0x3d,0x22,0x31,0x2e,
  0x30,0x22,0x20,0x65,0x6e,0x63,0x6f,0x64,0x69,0x6e,0x67,0x3d,0x22,0x55,0x54,0x46,
  0x2d,0x38,0x22,0x3f,0x3e,0xa,0x3c,0x73,0x76,0x67,0x20,0x77,0x69,0x64,0x74,0x68,
  0x3d,0x22,0x31,0x36,0x22,0x20,0x68,0x65,0x69,0x67,0x68,0x74,0x3d,0x22,0x31,0x36,
  0x22,0x20,0x65,0x6e,0x61,0x62,0x6c,0x65,0x2d,0x62,0x61,0x63,0x6b,0x67,0x72,0x6f,
  0x75,0x6e,0x64,0x3d,0x22,0x6e,0x65,0x77,0x20,0x30,0x20,0x30,0x20,0x31,0x32,0x32,
  0x2e,0x38,0x37,0x39,0x20,0x31,0x32,0x32,0x2e,0x38,0x36,0x37,0x22,0x20,0x76,0x65,
  0x72,0x73,0x69,0x6f,0x6e,0x3d,0x22,0x31,0x2e,0x31,0x22,0x20,0x76,0x69,0x65,0x77,
  0x42,0x6f,0x78,0x3d,0x22,0x30,0x20,0x30,0x20,0x31,0x36,0x20,0x31,0x36,0x22,0x20,
  0x78,0x6d,0x6c,0x3a,0x73,0x70,0x61,0x63,0x65,0x3d,0x22,0x70,0x72,0x65,0x73,0x65,
  0x72,0x76,0x65,0x22,0x20,0x78,0x6d,0x6c,0x6e,0x73,0x3d,0x22,0x68,0x74,0x74,0x70,
  0x3a,0x2f,0x2f,0x77,0x77,0x77,0x2e,0x77,0x33,0x2e,0x6f,0x72,0x67,0x2f,0x32,0x30,
  0x30,0x30,0x2f,0x73,0x76,0x67,0x22,0x3e,0x3c,0x67,0x20,0x74,0x72,0x61,0x6e,0x73,
  0x66,0x6f,0x72,0x6d,0x3d,0x22,0x6d,0x61,0x74,0x72,0x69,0x78,0x28,0x2e,0x31,0x32,
  0x32,0x39,0x33,0x20,0x30,0x20,0x30,0x20,0x2e,0x31,0x32,0x32,0x39,0x34,0x20,0x2e,
  0x33,0x39,0x37,0x31,0x32,0x20,0x2e,0x34,0x39,0x38,0x31,0x32,0x29,0x22,0x20,0x66,
  0x69,0x6c,0x6c,0x3d,0x22,0x23,0x66,0x66,0x66,0x66,0x66,0x66,0x22,0x20,0x73,0x74,
  0x72,0x6f,0x6b,0x65,0x3d,0x22,0x23,0x30,0x30,0x30,0x30,0x30,0x30,0x22,0x20,0x73,
  0x74,0x72,0x6f,0x6b,0x65,0x2d,0x77,0x69,0x64,0x74,0x68,0x3d,0x22,0x38,0x2e,0x31,
  0x33,0x34,0x37,0x22,0x3e,0x3c,0x70,0x61,0x74,0x68,0x20,0x64,0x3d,0x22,0x6d,0x38,
  0x33,0x2e,0x38,0x38,0x20,0x30,0x2e,0x34,0x35,0x31,0x20,0x33,0x38,0x2e,0x35,0x34,
  0x37,0x20,0x33,0x38,0x2e,0x35,0x34,0x39,0x63,0x30,0x2e,0x36,0x30,0x33,0x20,0x30,
  0x2e,0x36,0x30,0x31,0x20,0x30,0x2e,0x36,0x30,0x33,0x20,0x31,0x2e,0x35,0x38,0x35,
  0x20,0x30,0x20,0x32,0x2e,0x31,0x38,0x38,0x6c,0x2d,0x31,0x33,0x2e,0x31,0x32,0x38,
  0x20,0x31,0x33,0x2e,0x31,0x32,0x35,0x63,0x2d,0x30,0x2e,0x36,0x30,0x32,0x20,0x30,
  0x2e,0x36,0x30,0x34,0x2d,0x31,0x2e,0x35,0x38,0x36,0x20,0x30,0x2e,0x36,0x30,0x34,
  0x2d,0x32,0x2e,0x31,0x38,0x37,0x20,0x30,0x6c,0x2d,0x33,0x2e,0x37,0x33,0x32,0x2d,
  0x33,0x2e,0x37,0x33,0x2d,0x31,0x37,0x2e,0x33,0x30,0x33,0x20,0x31,0x37,0x2e,0x33,
  0x63,0x33,0x2e,0x38,0x38,0x32,0x20,0x31,0x34,0x2e,0x36,0x32,0x31,0x20,0x30,0x2e,
  0x30,0x39,0x35,0x20,0x33,0x30,0x2e,0x38,0x35,0x37,0x2d,0x31,0x31,0x2e,0x33,0x37,
  0x20,0x34,0x32,0x2e,0x33,0x32,0x2d,0x30,0x2e,0x32,0x36,0x36,0x20,0x30,0x2e,0x32,
  0x36,0x38,0x2d,0x30,0x2e,0x35,0x33,0x35,0x20,0x30,0x2e,0x35,0x32,0x39,0x2d,0x30,
  0x2e,0x38,0x30,0x38,0x20,0x30,0x2e,0x37,0x38,0x37,0x2d,0x31,0x2e,0x30,0x30,0x34,
  0x20,0x30,0x2e,0x39,0x35,0x35,0x2d,0x30,0x2e,0x38,0x34,0x33,0x20,0x30,0x2e,0x39,
  0x34,0x39,0x2d,0x31,0x2e,0x38,0x31,0x33,0x2d,0x30,0x2e,0x30,0x32,0x31,0x6c,0x2d,
  0x32,0x34,0x2e,0x34,0x38,0x39,0x2d,0x32,0x34,0x2e,0x34,0x38,0x39,0x2d,0x34,0x37,
  0x2e,0x35,0x39,0x37,0x20,0x33,0x36,0x2e,0x33,0x38,0x37,0x20,0x33,0x36,0x2e,0x33,
  0x39,0x39,0x2d,0x34,0x37,0x2e,0x35,0x38,0x34,0x2d,0x32,0x34,0x2e,0x35,0x32,0x35,
  0x2d,0x32,0x34,0x2e,0x35,0x32,0x33,0x63,0x2d,0x30,0x2e,0x39,0x37,0x38,0x2d,0x30,
  0x2e,0x39,0x38,0x2d,0x30,0x2e,0x38,0x39,0x36,0x2d,0x30,0x2e,0x38,0x32,0x36,0x20,
  0x30,0x2e,0x30,0x36,0x36,0x2d,0x31,0x2e,0x38,0x33,0x37,0x20,0x30,0x2e,0x32,0x34,
  0x2d,0x30,0x2e,0x32,0x35,0x31,0x20,0x30,0x2e,0x34,0x38,0x35,0x2d,0x30,0x2e,0x35,
  0x30,0x33,0x20,0x30,0x2e,0x37,0x33,0x34,0x2d,0x30,0x2e,0x37,0x35,0x33,0x20,0x31,
  0x31,0x2e,0x34,0x36,0x33,0x2d,0x31,0x31,0x2e,0x34,0x36,0x33,0x20,0x32,0x37,0x2e,
  0x37,0x30,0x32,0x2d,0x31,0x35,0x2e,0x32,0x35,0x33,0x20,0x34,0x32,0x2e,0x33,0x32,
  0x32,0x2d,0x31,0x31,0x2e,0x33,0x37,0x6c,0x31,0x37,0x2e,0x33,0x30,0x31,0x2d,0x31,
  0x37,0x2e,0x33,0x2d,0x33,0x2e,0x37,0x33,0x33,0x2d,0x33,0x2e,0x37,0x33,0x32,0x63,
  0x2d,0x30,0x2e,0x36,0x30,0x31,0x2d,0x30,0x2e,0x36,0x30,0x31,0x2d,0x30,0x2e,0x36,
  0x30,0x31,0x2d,0x31,0x2e,0x35,0x38,0x35,0x20,0x30,0x2d,0x32,0x2e,0x31,0x38,0x38,
  0x6c,0x31,0x33,0x2e,0x31,0x32,0x37,0x2d,0x31,0x33,0x2e,0x31,0x32,0x39,0x63,0x30,
  0x2e,0x36,0x30,0x34,0x2d,0x30,0x2e,0x36,0x30,0x31,0x20,0x31,0x2e,0x35,0x38,0x38,
  0x2d,0x30,0x2e,0x36,0x30,0x31,0x20,0x32,0x2e,0x31,0x38,0x39,0x20,0x30,0x7a,0x22,
  0x20,0x63,0x6c,0x69,0x70,0x2d,0x72,0x75,0x6c,0x65,0x3d,0x22,0x65,0x76,0x65,0x6e,
  0x6f,0x64,0x64,0x22,0x20,0x66,0x69,0x6c,0x6c,0x3d,0x22,0x23,0x66,0x66,0x66,0x66,
  0x66,0x66,0x22,0x20,0x66,0x69,0x6c,0x6c,0x2d,0x72,0x75,0x6c,0x65,0x3d,0x22,0x65,
  0x76,0x65,0x6e,0x6f,0x64,0x64,0x22,0x20,0x73,0x74,0x72,0x6f,0x6b,0x65,0x3d,0x22,
  0x23,0x30,0x30,0x30,0x30,0x30,0x30,0x22,0x20,0x73,0x74,0x72,0x6f,0x6b,0x65,0x2d,
  0x77,0x69,0x64,0x74,0x68,0x3d,0x22,0x38,0x2e,0x31,0x33,0x34,0x37,0x22,0x2f,0x3e,
  0x3c,0x2f,0x67,0x3e,0x3c,0x2f,0x73,0x76,0x67,0x3e,0xa,
    // vs-pin-button-pinned.svg
  0x0,0x0,0x1,0x3c,
  0x3c,
  0x3f,0x78,0x6d,0x6c,0x20,0x76,0x65,0x72,0x73,0x69,0x6f,0x6e,0x3d,0x22,0x31,0x2e,
  0x30,0x22,0x20,0x65,0x6e,0x63,0x6f,0x64,0x69,0x6e,0x67,0x3d,0x22,0x55,0x54,0x46,
  0x2d,0x38,0x22,0x3f,0x3e,0xa,0x3c,0x73,0x76,0x67,0x20,0x77,0x69,0x64,0x74,0x68,
  0x3d,0x22,0x31,0x36,0x22,0x20,0x68,0x65,0x69,0x67,0x68,0x74,0x3d,0x22,0x31,0x36,
  0x22,0x20,0x65,0x6e,0x61,0x62,0x6c,0x65,0x2d,0x62,0x61,0x63,0x6b,0x67,0x72,0x6f,
  0x75,0x6e,0x64,0x3d,0x22,0x6e,0x65,0x77,0x20,0x30,0x20,0x30,0x20,0x31,0x32,0x32,
  0x2e,0x38,0x37,0x39,0x20,0x31,0x32,0x32,0x2e,0x38,0x36,0x37,0x22,0x20,0x76,0x65,
  0x72,0x73,0x69,0x6f,0x6e,0x3d,0x22,0x31,0x2e,0x31,0x22,0x20,0x76,0x69,0x65,0x77,
  0x42,0x6f,0x78,0x3d,0x22,0x30,0x20,0x30,0x20,0x31,0x36,0x20,0x31,0x36,0x22,0x20,
  0x78,0x6d,0x6c,0x3a,0x73,0x70,0x61,0x63,0x65,0x3d,0x22,0x70,0x72,0x65,0x73,0x65,
  0x72,0x76,0x65,0x22,0x20,0x78,0x6d,0x6c,0x6e,0x73,0x3d,0x22,0x68,0x74,0x74,0x70,
  0x3a,0x2f,0x2f,0x77,0x77,0x77,0x2e,0x77,0x33,0x2e,0x6f,0x72,0x67,0x2f,0x32,0x30,
  0x30,0x30,0x2f,0x73,0x76,0x67,0x22,0x3e,0x3c,0x70,0x61,0x74,0x68,0x20,0x64,0x3d,
  0x22,0x6d,0x31,0x34,0x20,0x36,0x68,0x2d,0x36,0x76,0x2d,0x31,0x68,0x2d,0x31,0x76,
  0x33,0x68,0x2d,0x34,0x76,0x31,0x68,0x34,0x76,0x33,0x68,0x31,0x76,0x2d,0x31,0x68,
  0x36,0x76,0x2d,0x34,0x7a,0x6d,0x2d,0x31,0x20,0x31,0x76,0x32,0x68,0x2d,0x35,0x76,
  0x2d,0x32,0x7a,0x22,0x20,0x63,0x6f,0x6c,0x6f,0x72,0x3d,0x22,0x23,0x30,0x30,0x30,
  0x30,0x30,0x30,0x22,0x20,0x73,0x74,0x79,0x6c,0x65,0x3d,0x22,0x2d,0x69,0x6e,0x6b,
  0x73,0x63,0x61,0x70,0x65,0x2d,0x73,0x74,0x72,0x6f,0x6b,0x65,0x3a,0x6e,0x6f,0x6e,
  0x65,0x22,0x2f,0x3e,0x3c,0x2f,0x73,0x76,0x67,0x3e,0xa,
    // vs-pin-button-disabled.svg
  0x0,0x0,0x1,0x4c,
  0x3c,
  0x3f,0x78,0x6d,0x6c,0x20,0x76,0x65,0x72,0x73,0x69,0x6f,0x6e,0x3d,0x22,0x31,0x2e,
  0x30,0x22,0x20,0x65,0x6e,0x63,0x6f,0x64,0x69,0x6e,0x67,0x3d,0x22,0x55,0x54,0x46,
  0x2d,0x38,0x22,0x3f,0x3e,0xa,0x3c,0x73,0x76,0x67,0x20,0x77,0x69,0x64,0x74,0x68,
  0x3d,0x22,0x31,0x36,0x22,0x20,0x68,0x65,0x69,0x67,0x68,0x74,0x3d,0x22,0x31,0x36,
  0x22,0x20,0x65,0x6e,0x61,0x62,0x6c,0x65,0x2d,0x62,0x61,0x63,0x6b,0x67,0x72,0x6f,
  0x75,0x6e,0x64,0x3d,0x22,0x6e,0x65,0x77,0x20,0x30,0x20,0x30,0x20,0x31,0x32,0x32,
  0x2e,0x38,0x37,0x39,0x20,0x31,0x32,0x32,0x2e,0x38,0x36,0x37,0x22,0x20,0x76,0x65,
  0x72,0x73,0x69,0x6f,0x6e,0x3d,0x22,0x31,0x2e,0x31,0x22,0x20,0x76,0x69,0x65,0x77,
  0x42,0x6f,0x78,0x3d,0x22,0x30,0x20,0x30,0x20,0x31,0x36,0x20,0x31,0x36,0x22,0x20,
  0x78,0x6d,0x6c,0x3a,0x73,0x70,0x61,0x63,0x65,0x3d,0x22,0x70,0x72,0x65,0x73,0x65,
  0x72,0x76,0x65,0x22,0x20,0x78,0x6d,0x6c,0x6e,0x73,0x3d,0x22,0x68,0x74,0x74,0x70,
  0x3a,0x2f,0x2f,0x77,0x77,0x77,0x2e,0x77,0x33,0x2e,0x6f,0x72,0x67,0x2f,0x32,0x30,
  0x30,0x30,0x2f,0x73,0x76,0x67,0x22,0x3e,0x3c,0x70,0x61,0x74,0x68,0x20,0x64,0x3d,
  0x22,0x6d,0x36,0x20,0x33,0x76,0x36,0x68,0x2d,0x31,0x76,0x31,0x68,0x33,0x76,0x34,
  0x68,0x31,0x76,0x2d,0x34,0x68,0x33,0x76,0x2d,0x31,0x68,0x2d,0x31,0x76,0x2d,0x36,
  0x68,0x2d,0x34,0x7a,0x6d,0x31,0x20,0x31,0x68,0x32,0x76,0x35,0x68,0x2d,0x32,0x7a,
  0x22,0x20,0x63,0x6f,0x6c,0x6f,0x72,0x3d,0x22,0x23,0x30,0x30,0x30,0x30,0x30,0x30,
  0x22,0x20,0x66,0x69,0x6c,0x6c,0x2d,0x6f,0x70,0x61,0x63,0x69,0x74,0x79,0x3d,0x22,
  0x2e,0x32,0x35,0x22,0x20,0x73,0x74,0x79,0x6c,0x65,0x3d,0x22,0x2d,0x69,0x6e,0x6b,
  0x73,0x63,0x61,0x70,0x65,0x2d,0x73,0x74,0x72,0x6f,0x6b,0x65,0x3a,0x6e,0x6f,0x6e,
  0x65,0x22,0x2f,0x3e,0x3c,0x2f,0x73,0x76,0x67,0x3e,0xa,
    // tabs-menu-button.svg
  0x0,0x0,0xe,0xc4,
  0x3c,
  0x3f,0x78,0x6d,0x6c,0x20,0x76,0x65,0x72,0x73,0x69,0x6f,0x6e,0x3d,0x22,0x31,0x2e,
  0x30,0x22,0x20,0x65,0x6e,0x63,0x6f,0x64,0x69,0x6e,0x67,0x3d,0x22,0x55,0x54,0x46,
  0x2d,0x38,0x22,0x20,0x73,0x74,0x61,0x6e,0x64,0x61,0x6c,0x6f,0x6e,0x65,0x3d,0x22,
  0x6e,0x6f,0x22,0x3f,0x3e,0xa,0x3c,0x73,0x76,0x67,0xa,0x20,0x20,0x20,0x78,0x6d,
  0x6c,0x6e,0x73,0x3a,0x64,0x63,0x3d,0x22,0x68,0x74,0x74,0x70,0x3a,0x2f,0x2f,0x70,
  0x75,0x72,0x6c,0x2e,0x6f,0x72,0x67,0x2f,0x64,0x63,0x2f,0x65,0x6c,0x65,0x6d,0x65,
  0x6e,0x74,0x73,0x2f,0x31,0x2e,0x31,0x2f,0x22,0xa,0x20,0x20,0x20,0x78,0x6d,0x6c,
  0x6e,0x73,0x3a,0x63,0x63,0x3d,0x22,0x68,0x74,0x74,0x70,0x3a,0x2f,0x2f,0x63,0x72,
  0x65,0x61,0x74,0x69,0x76,0x65,0x63,0x6f,0x6d,0x6d,0x6f,0x6e,0x73,0x2e,0x6f,0x72,
  0x67,0x2f,0x6e,0x73,0x23,0x22,0xa,0x20,0x20,0x20,0x78,0x6d,0x6c,0x6e,0x73,0x3a,
  0x72,0x64,0x66,0x3d,0x22,0x68,0x74,0x74,0x70,0x3a,0x2f,0x2f,0x77,0x77,0x77,0x2e,
  0x77,0x33,0x2e,0x6f,0x72,0x67,0x2f,0x31,0x39,0x39,0x39,0x2f,0x30,0x32,0x2f,0x32,
  0x32,0x2d,0x72,0x64,0x66,0x2d,0x73,0x79,0x6e,0x74,0x61,0x78,0x2d,0x6e,0x73,0x23,
  0x22,0xa,0x20,0x20,0x20,0x78,0x6d,0x6c,0x6e,0x73,0x3a,0x73,0x76,0x67,0x3d,0x22,
  0x68,0x74,0x74,0x70,0x3a,0x2f,0x2f,0x77,0x77,0x77,0x2e,0x77,0x33,0x2e,0x6f,0x72,
  0x67,0x2f,0x32,0x30,0x30,0x30,0x2f,0x73,0x76,0x67,0x22,0xa,0x20,0x20,0x20,0x78,
  0x6d,0x6c,0x6e,0x73,0x3d,0x22,0x68,0x74,0x74,0x70,0x3a,0x2f,0x2f,0x77,0x77,0x77,
  0x2e,0x77,0x33,0x2e,0x6f,0x72,0x67,0x2f,0x32,0x30,0x30,0x30,0x2f,0x73,0x76,0x67,
  0x22,0xa,0x20,0x20,0x20,0x78,0x6d,0x6c,0x6e,0x73,0x3a,0x73,0x6f,0x64,0x69,0x70,
  0x6f,0x64,0x69,0x3d,0x22,0x68,0x74,0x74,0x70,0x3a,0x2f,0x2f,0x73,0x6f,0x64,0x69,
  0x70,0x6f,0x64,0x69,0x2e,0x73,0x6f,0x75,0x72,0x63,0x65,0x66,0x6f,0x72,0x67,0x65,
  0x2e,0x6e,0x65,0x74,0x2f,0x44,0x54,0x44,0x2f,0x73,0x6f,0x64,0x69,0x70,0x6f,0x64,
  0x69,0x2d,0x30,0x2e,0x64,0x74,0x64,0x22,0xa,0x20,0x20,0x20,0x78,0x6d,0x6c,0x6e,
  0x73,0x3a,0x69,0x6e,0x6b,0x73,0x63,0x61,0x70,0x65,0x3d,0x22,0x68,0x74,0x74,0x70,
  0x3a,0x2f,0x2f,0x77,0x77,0x77,0x2e,0x69,0x6e,0x6b,0x73,0x63,0x61,0x70,0x65,0x2e,
  0x6f,0x72,0x67,0x2f,0x6e,0x61,0x6d,0x65,0x73,0x70,0x61,0x63,0x65,0x73,0x2f,0x69,
  0x6e,0x6b,0x73,0x63,0x61,0x70,0x65,0x22,0xa,0x20,0x20,0x20,0x73,0x6f,0x64,0x69,
  0x70,0x6f,0x64,0x69,0x3a,0x64,0x6f,0x63,0x6e,0x61,0x6d,0x65,0x3d,0x22,0x74,0x61,
  0x62,0x73,0x2d,0x6d,0x65,0x6e,0x75,0x2d,0x62,0x75,0x74,0x74,0x6f,0x6e,0x2e,0x73,
  0x76,0x67,0x22,0xa,0x20,0x20,0x20,0x69,0x6e,0x6b,0x73,0x63,0x61,0x70,0x65,0x3a,
  0x76,0x65,0x72,0x73,0x69,0x6f,0x6e,0x3d,0x22,0x31,0x2e,0x30,0x20,0x28,0x34,0x30,
  0x33,0x35,0x61,0x34,0x66,0x62,0x34,0x39,0x2c,0x20,0x32,0x30,0x32,0x30,0x2d,0x30,
  0x35,0x2d,0x30,0x31,0x29,0x22,0xa,0x20,0x20,0x20,0x76,0x65,0x72,0x73,0x69,0x6f,
  0x6e,0x3d,0x22,0x31,0x2e,0x31,0x22,0xa,0x20,0x20,0x20,0x69,0x64,0x3d,0x22,0x73,
  0x76,0x67,0x32,0x22,0xa,0x20,0x20,0x20,0x76,0x69,0x65,0x77,0x42,0x6f,0x78,0x3d,
  0x22,0x30,0x20,0x30,0x20,0x31,0x36,0x20,0x31,0x36,0x22,0xa,0x20,0x20,0x20,0x68,
  0x65,0x69,0x67,0x68,0x74,0x3d,0x22,0x31,0x36,0x70,0x78,0x22,0xa,0x20,0x20,0x20,
  0x77,0x69,0x64,0x74,0x68,0x3d,0x22,0x31,0x36,0x70,0x78,0x22,0x3e,0xa,0x20,0x20,
  0x3c,0x73,0x74,0x79,0x6c,0x65,0xa,0x20,0x20,0x20,0x20,0x20,0x69,0x64,0x3d,0x22,
  0x73,0x74,0x79,0x6c,0x65,0x32,0x22,0x3e,0x3c,0x2f,0x73,0x74,0x79,0x6c,0x65,0x3e,
  0xa,0x20,0x20,0x3c,0x64,0x65,0x66,0x73,0xa,0x20,0x20,0x20,0x20,0x20,0x69,0x64,
  0x3d,0x22,0x64,0x65,0x66,0x73,0x34,0x22,0x3e,0xa,0x20,0x20,0x20,0x20,0x3c,0x70,
  0x61,0x74,0x74,0x65,0x72,0x6e,0xa,0x20,0x20,0x20,0x20,0x20,0x20,0x20,0x69,0x64,
  0x3d,0x22,0x45,0x4d,0x46,0x68,0x62,0x61,0x73,0x65,0x70,0x61,0x74,0x74,0x65,0x72,
  0x6e,0x22,0xa,0x20,0x20,0x20,0x20,0x20,0x20,0x20,0x70,0x61,0x74,0x74,0x65,0x72,
  0x6e,0x55,0x6e,0x69,0x74,0x73,0x3d,0x22,0x75,0x73,0x65,0x72,0x53,0x70,0x61,0x63,
  0x65,0x4f,0x6e,0x55,0x73,0x65,0x22,0xa,0x20,0x20,0x20,0x20,0x20,0x20,0x20,0x77,
  0x69,0x64,0x74,0x68,0x3d,0x22,0x36,0x22,0xa,0x20,0x20,0x20,0x20,0x20,0x20,0x20,
  0x68,0x65,0x69,0x67,0x68,0x74,0x3d,0x22,0x36,0x22,0xa,0x20,0x20,0x20,0x20,0x20,
  0x20,0x20,0x78,0x3d,0x22,0x30,0x22,0xa,0x20,0x20,0x20,0x20,0x20,0x20,0x20,0x79,
  0x3d,0x22,0x30,0x22,0x20,0x2f,0x3e,0xa,0x20,0x20,0x20,0x20,0x3c,0x70,0x61,0x74,
  0x74,0x65,0x72,0x6e,0xa,0x20,0x20,0x20,0x20,0x20,0x20,0x20,0x69,0x64,0x3d,0x22,
  0x45,0x4d,0x46,0x68,0x62,0x61,0x73,0x65,0x70,0x61,0x74,0x74,0x65,0x72,0x6e,0x2d,
  0x34,0x22,0xa,0x20,0x20,0x20,0x20,0x20,0x20,0x20,0x70,0x61,0x74,0x74,0x65,0x72,
  0x6e,0x55,0x6e,0x69,0x74,0x73,0x3d,0x22,0x75,0x73,0x65,0x72,0x53,0x70,0x61,0x63,
  0x65,0x4f,0x6e,0x55,0x73,0x65,0x22,0xa,0x20,0x20,0x20,0x20,0x20,0x20,0x20,0x77,
  0x69,0x64,0x74,0x68,0x3d,0x22,0x36,0x22,0xa,0x20,0x20,0x20,0x20,0x20,0x20,0x20,
  0x68,0x65,0x69,0x67,0x68,0x74,0x3d,0x22,0x36,0x22,0xa,0x20,0x20,0x20,0x20,0x20,
  0x20,0x20,0x78,0x3d,0x22,0x30,0x22,0xa,0x20,0x20,0x20,0x20,0x20,0x20,0x20,0x79,
  0x3d,0x22,0x30,0x22,0x20,0x2f,0x3e,0xa,0x20,0x20,0x20,0x20,0x3c,0x70,0x61,0x74,
  0x74,0x65,0x72,0x6e,0xa,0x20,0x20,0x20,0x20,0x20,0x20,0x20,0x69,0x64,0x3d,0x22,
  0x45,0x4d,0x46,0x68,0x62,0x61,0x73,0x65,0x70,0x61,0x74,0x74,0x65,0x72,0x6e,0x2d,
  0x33,0x22,0xa,0x20,0x20,0x20,0x20,0x20,0x20,0x20,0x70,0x61,0x74,0x74,0x65,0x72,
  0x6e,0x55,0x6e,0x69,0x74,0x73,0x3d,0x22,0x75,0x73,0x65,0x72,0x53,0x70,0x61,0x63,
  0x65,0x4f,0x6e,0x55,0x73,0x65,0x22,0xa,0x20,0x20,0x20,0x20,0x20,0x20,0x20,0x77,
  0x69,0x64,0x74,0x68,0x3d,0x22,0x36,0x22,0xa,0x20,0x20,0x20,0x20,0x20,0x20,0x20,
  0x68,0x65,0x69,0x67,0x68,0x74,0x3d,0x22,0x36,0x22,0xa,0x20,0x20,0x20,0x20,0x20,
  0x20,0x20,0x78,0x3d,0x22,0x30,0x22,0xa,0x20,0x20,0x20,0x20,0x20,0x20,0x20,0x79,
  0x3d,0x22,0x30,0x22,0x20,0x2f,0x3e,0xa,0x20,0x20,0x20,0x20,0x3c,0x70,0x61,0x74,
  0x74,0x65,0x72,0x6e,0xa,0x20,0x20,0x20,0x20,0x20,0x20,0x20,0x69,0x64,0x3d,0x22,
  0x45,0x4d,0x46,0x68,0x62,0x61,0x73,0x65,0x70,0x61,0x74,0x74,0x65,0x72,0x6e,0x2d,
  0x38,0x22,0xa,0x20,0x20,0x20,0x20,0x20,0x20,0x20,0x70,0x61,0x74,0x74,0x65,0x72,
  0x6e,0x55,0x6e,0x69,0x74,0x73,0x3d,0x22,0x75,0x73,0x65,0x72,0x53,0x70,0x61,0x63,
  0x65,0x4f,0x6e,0x55,0x73,0x65,0x22,0xa,0x20,0x20,0x20,0x20,0x20,0x20,0x20,0x77,
  0x69,0x64,0x74,0x68,0x3d,0x22,0x36,0x22,0xa,0x20,0x20,0x20,0x20,0x20,0x20,0x20,
  0x68,0x65,0x69,0x67,0x68,0x74,0x3d,0x22,0x36,0x22,0xa,0x20,0x20,0x20,0x20,0x20,
  0x20,0x20,0x78,0x3d,0x22,0x30,0x22,0xa,0x20,0x20,0x20,0x20,0x20,0x20,0x20,0x79,
  0x3d,0x22,0x30,0x22,0x20,0x2f,0x3e,0xa,0x20,0x20,0x3c,0x2f,0x64,0x65,0x66,0x73,
  0x3e,0xa,0x20,0x20,0x3c,0x73,0x6f,0x64,0x69,0x70,0x6f,0x64,0x69,0x3a,0x6e,0x61,
  0x6d,0x65,0x64,0x76,0x69,0x65,0x77,0xa,0x20,0x20,0x20,0x20,0x20,0x69,0x6e,0x6b,
  0x73,0x63,0x61,0x70,0x65,0x3a,0x67,0x75,0x69,0x64,0x65,0x2d,0x62,0x62,0x6f,0x78,
  0x3d,0x22,0x74,0x72,0x75,0x65,0x22,0xa,0x20,0x20,0x20,0x20,0x20,0x73,0x68,0x6f,
  0x77,0x67,0x75,0x69,0x64,0x65,0x73,0x3d,0x22,0x74,0x72,0x75,0x65,0x22,0xa,0x20,
  0x20,0x20,0x20,0x20,0x69,0x6e,0x6b,0x73,0x63,0x61,0x70,0x65,0x3a,0x64,0x6f,0x63,
  0x75,0x6d,0x65,0x6e,0x74,0x2d,0x72,0x6f,0x74,0x61,0x74,0x69,0x6f,0x6e,0x3d,0x22,
  0x30,0x22,0xa,0x20,0x20,0x20,0x20,0x20,0x69,0x6e,0x6b,0x73,0x63,0x61,0x70,0x65,
  0x3a,0x73,0x6e,0x61,0x70,0x2d,0x67,0x6c,0x6f,0x62,0x61,0x6c,0x3d,0x22,0x74,0x72,
  0x75,0x65,0x22,0xa,0x20,0x20,0x20,0x20,0x20,0x69,0x6e,0x6b,0x73,0x63,0x61,0x70,
  0x65,0x3a,0x73,0x6e,0x61,0x70,0x2d,0x62,0x62,0x6f,0x78,0x2d,0x6d,0x69,0x64,0x70,
  0x6f,0x69,0x6e,0x74,0x73,0x3d,0x22,0x74,0x72,0x75,0x65,0x22,0xa,0x20,0x20,0x20,
  0x20,0x20,0x69,0x6e,0x6b,0x73,0x63,0x61,0x70,0x65,0x3a,0x73,0x6e,0x61,0x70,0x2d,
  0x62,0x62,0x6f,0x78,0x2d,0x65,0x64,0x67,0x65,0x2d,0x6d,0x69,0x64,0x70,0x6f,0x69,
  0x6e,0x74,0x73,0x3d,0x22,0x74,0x72,0x75,0x65,0x22,0xa,0x20,0x20,0x20,0x20,0x20,
  0x69,0x6e,0x6b,0x73,0x63,0x61,0x70,0x65,0x3a,0x62,0x62,0x6f,0x78,0x2d,0x6e,0x6f,
  0x64,0x65,0x73,0x3d,0x22,0x74,0x72,0x75,0x65,0x22,0xa,0x20,0x20,0x20,0x20,0x20,
  0x69,0x6e,0x6b,0x73,0x63,0x61,0x70,0x65,0x3a,0x62,0x62,0x6f,0x78,0x2d,0x70,0x61,
  0x74,0x68,0x73,0x3d,0x22,0x74,0x72,0x75,0x65,0x22,0xa,0x20,0x20,0x20,0x20,0x20,
  0x69,0x6e,0x6b,0x73,0x63,0x61,0x70,0x65,0x3a,0x73,0x6e,0x61,0x70,0x2d,0x62,0x62,
  0x6f,0x78,0x3d,0x22,0x74,0x72,0x75,0x65,0x22,0xa,0x20,0x20,0x20,0x20,0x20,0x69,
  0x6e,0x6b,0x73,0x63,0x61,0x70,0x65,0x3a,0x77,0x69,0x6e,0x64,0x6f,0x77,0x2d,0x6d,
  0x61,0x78,0x69,0x6d,0x69,0x7a,0x65,0x64,0x3d,0x22,0x31,0x22,0xa,0x20,0x20,0x20,
  0x20,0x20,0x69,0x6e,0x6b,0x73,0x63,0x61,0x70,0x65,0x3a,0x77,0x69,0x6e,0x64,0x6f,
  0x77,0x2d,0x79,0x3d,0x22,0x2d,0x38,0x22,0xa,0x20,0x20,0x20,0x20,0x20,0x69,0x6e,
  0x6b,0x73,0x63,0x61,0x70,0x65,0x3a,0x77,0x69,0x6e,0x64,0x6f,0x77,0x2d,0x78,0x3d,
  0x22,0x2d,0x38,0x22,0xa,0x20,0x20,0x20,0x20,0x20,0x69,0x6e,0x6b,0x73,0x63,0x61,
  0x70,0x65,0x3a,0x77,0x69,0x6e,0x64,0x6f,0x77,0x2d,0x68,0x65,0x69,0x67,0x68,0x74,
  0x3d,0x22,0x31,0x30,0x31,0x37,0x22,0xa,0x20,0x20,0x20,0x20,0x20,0x69,0x6e,0x6b,
  0x73,0x63,0x61,0x70,0x65,0x3a,0x77,0x69,0x6e,0x64,0x6f,0x77,0x2d,0x77,0x69,0x64,
  0x74,0x68,0x3d,0x22,0x31,0x39,0x32,0x30,0x22,0xa,0x20,0x20,0x20,0x20,0x20,0x75,
  0x6e,0x69,0x74,0x73,0x3d,0x22,0x70,0x78,0x22,0xa,0x20,0x20,0x20,0x20,0x20,0x73,
  0x68,0x6f,0x77,0x67,0x72,0x69,0x64,0x3d,0x22,0x74,0x72,0x75,0x65,0x22,0xa,0x20,
  0x20,0x20,0x20,0x20,0x69,0x6e,0x6b,0x73,0x63,0x61,0x70,0x65,0x3a,0x63,0x75,0x72,
  0x72,0x65,0x6e,0x74,0x2d,0x6c,0x61,0x79,0x65,0x72,0x3d,0x22,0x67,0x35,0x32,0x32,
  0x38,0x22,0xa,0x20,0x20,0x20,0x20,0x20,0x69,0x6e,0x6b,0x73,0x63,0x61,0x70,0x65,
  0x3a,0x64,0x6f,0x63,0x75,0x6d,0x65,0x6e,0x74,0x2d,0x75,0x6e,0x69,0x74,0x73,0x3d,
  0x22,0x70,0x78,0x22,0xa,0x20,0x20,0x20,0x20,0x20,0x69,0x6e,0x6b,0x73,0x63,0x61,
  0x70,0x65,0x3a,0x63,0x79,0x3d,0x22,0x31,0x33,0x2e,0x31,0x37,0x36,0x39,0x31,0x22,
  0xa,0x20,0x20,0x20,0x20,0x20,0x69,0x6e,0x6b,0x73,0x63,0x61,0x70,0x65,0x3a,0x63,
  0x78,0x3d,0x22,0x36,0x2e,0x32,0x33,0x31,0x36,0x38,0x38,0x39,0x22,0xa,0x20,0x20,
  0x20,0x20,0x20,0x69,0x6e,0x6b,0x73,0x63,0x61,0x70,0x65,0x3a,0x7a,0x6f,0x6f,0x6d,
  0x3d,0x22,0x32,0x32,0x2e,0x36,0x32,0x37,0x34,0x31,0x37,0x22,0xa,0x20,0x20,0x20,
  0x20,0x20,0x69,0x6e,0x6b,0x73,0x63,0x61,0x70,0x65,0x3a,0x70,0x61,0x67,0x65,0x73,
  0x68,0x61,0x64,0x6f,0x77,0x3d,0x22,0x32,0x22,0xa,0x20,0x20,0x20,0x20,0x20,0x69,
  0x6e,0x6b,0x73,0x63,0x61,0x70,0x65,0x3a,0x70,0x61,0x67,0x65,0x6f,0x70,0x61,0x63,
  0x69,0x74,0x79,0x3d,0x22,0x30,0x2e,0x30,0x22,0xa,0x20,0x20,0x20,0x20,0x20,0x62,
  0x6f,0x72,0x64,0x65,0x72,0x6f,0x70,0x61,0x63,0x69,0x74,0x79,0x3d,0x22,0x31,0x2e,
  0x30,0x22,0xa,0x20,0x20,0x20,0x20,0x20,0x62,0x6f,0x72,0x64,0x65,0x72,0x63,0x6f,
  0x6c,0x6f,0x72,0x3d,0x22,0x23,0x36,0x36,0x36,0x36,0x36,0x36,0x22,0xa,0x20,0x20,
  0x20,0x20,0x20,0x70,0x61,0x67,0x65,0x63,0x6f,0x6c,0x6f,0x72,0x3d,0x22,0x23,0x66,
  0x66,0x66,0x66,0x66,0x66,0x22,0xa,0x20,0x20,0x20,0x20,0x20,0x69,0x64,0x3d,0x22,
  0x62,0x61,0x73,0x65,0x22,0x3e,0xa,0x20,0x20,0x20,0x20,0x3c,0x69,0x6e,0x6b,0x73,
  0x63,0x61,0x70,0x65,0x3a,0x67,0x72,0x69,0x64,0xa,0x20,0x20,0x20,0x20,0x20,0x20,
  0x20,0x69,0x64,0x3d,0x22,0x67,0x72,0x69,0x64,0x33,0x33,0x33,0x36,0x22,0xa,0x20,
  0x20,0x20,0x20,0x20,0x20,0x20,0x74,0x79,0x70,0x65,0x3d,0x22,0x78,0x79,0x67,0x72,
  0x69,0x64,0x22,0x20,0x2f,0x3e,0xa,0x20,0x20,0x20,0x20,0x3c,0x73,0x6f,0x64,0x69,
  0x70,0x6f,0x64,0x69,0x3a,0x67,0x75,0x69,0x64,0x65,0xa,0x20,0x20,0x20,0x20,0x20,
  0x20,0x20,0x69,0x64,0x3d,0x22,0x67,0x75,0x69,0x64,0x65,0x38,0x38,0x33,0x22,0xa,
  0x20,0x20,0x20,0x20,0x20,0x20,0x20,0x6f,0x72,0x69,0x65,0x6e,0x74,0x61,0x74,0x69,
  0x6f,0x6e,0x3d,0x22,0x31,0x2c,0x30,0x22,0xa,0x20,0x20,0x20,0x20,0x20,0x20,0x20,
  0x70,0x6f,0x73,0x69,0x74,0x69,0x6f,0x6e,0x3d,0x22,0x34,0x2c,0x31,0x30,0x22,0x20,
  0x2f,0x3e,0xa,0x20,0x20,0x20,0x20,0x3c,0x73,0x6f,0x64,0x69,0x70,0x6f,0x64,0x69,
  0x3a,0x67,0x75,0x69,0x64,0x65,0xa,0x20,0x20,0x20,0x20,0x20,0x20,0x20,0x69,0x64,
  0x3d,0x22,0x67,0x75,0x69,0x64,0x65,0x38,0x38,0x35,0x22,0xa,0x20,0x20,0x20,0x20,
  0x20,0x20,0x20,0x6f,0x72,0x69,0x65,0x6e,0x74,0x61,0x74,0x69,0x6f,0x6e,0x3d,0x22,
  0x30,0x2c,0x2d,0x31,0x22,0xa,0x20,0x20,0x20,0x20,0x20,0x20,0x20,0x70,0x6f,0x73,
  0x69,0x74,0x69,0x6f,0x6e,0x3d,0x22,0x31,0x30,0x2c,0x31,0x32,0x22,0x20,0x2f,0x3e,
  0xa,0x20,0x20,0x20,0x20,0x3c,0x73,0x6f,0x64,0x69,0x70,0x6f,0x64,0x69,0x3a,0x67,
  0x75,0x69,0x64,0x65,0xa,0x20,0x20,0x20,0x20,0x20,0x20,0x20,0x69,0x64,0x3d,0x22,
  0x67,0x75,0x69,0x64,0x65,0x38,0x38,0x37,0x22,0xa,0x20,0x20,0x20,0x20,0x20,0x20,
  0x20,0x6f,0x72,0x69,0x65,0x6e,0x74,0x61,0x74,0x69,0x6f,0x6e,0x3d,0x22,0x31,0x2c,
  0x30,0x22,0xa,0x20,0x20,0x20,0x20,0x20,0x20,0x20,0x70,0x6f,0x73,0x69,0x74,0x69,
  0x6f,0x6e,0x3d,0x22,0x31,0x32,0x2c,0x32,0x22,0x20,0x2f,0x3e,0xa,0x20,0x20,0x20,
  0x20,0x3c,0x73,0x6f,0x64,0x69,0x70,0x6f,0x64,0x69,0x3a,0x67,0x75,0x69,0x64,0x65,
  0xa,0x20,0x20,0x20,0x20,0x20,0x20,0x20,0x69,0x64,0x3d,0x22,0x67,0x75,0x69,0x64,
  0x65,0x38,0x38,0x39,0x22,0xa,0x20,0x20,0x20,0x20,0x20,0x20,0x20,0x6f,0x72,0x69,
  0x65,0x6e,0x74,0x61,0x74,0x69,0x6f,0x6e,0x3d,0x22,0x30,0x2c,0x2d,0x31,0x22,0xa,
  0x20,0x20,0x20,0x20,0x20,0x20,0x20,0x70,0x6f,0x73,0x69,0x74,0x69,0x6f,0x6e,0x3d,
  0x22,0x31,0x34,0x2c,0x34,0x22,0x20,0x2f,0x3e,0xa,0x20,0x20,0x3c,0x2f,0x73,0x6f,
  0x64,0x69,0x70,0x6f,0x64,0x69,0x3a,0x6e,0x61,0x6d,0x65,0x64,0x76,0x69,0x65,0x77,
  0x3e,0xa,0x20,0x20,0x3c,0x67,0xa,0x20,0x20,0x20,0x20,0x20,0x74,0x72,0x61,0x6e,
  0x73,0x66,0x6f,0x72,0x6d,0x3d,0x22,0x74,0x72,0x61,0x6e,0x73,0x6c,0x61,0x74,0x65,
  0x28,0x30,0x2c,0x2d,0x31,0x30,0x33,0x36,0x2e,0x33,0x36,0x32,0x32,0x29,0x22,0xa,
  0x20,0x20,0x20,0x20,0x20,0x69,0x64,0x3d,0x22,0x6c,0x61,0x79,0x65,0x72,0x31,0x22,
  0xa,0x20,0x20,0x20,0x20,0x20,0x69,0x6e,0x6b,0x73,0x63,0x61,0x70,0x65,0x3a,0x67,
  0x72,0x6f,0x75,0x70,0x6d,0x6f,0x64,0x65,0x3d,0x22,0x6c,0x61,0x79,0x65,0x72,0x22,
  0xa,0x20,0x20,0x20,0x20,0x20,0x69,0x6e,0x6b,0x73,0x63,0x61,0x70,0x65,0x3a,0x6c,
  0x61,0x62,0x65,0x6c,0x3d,0x22,0x4c,0x61,0x79,0x65,0x72,0x20,0x31,0x22,0x3e,0xa,
  0x20,0x20,0x20,0x20,0x3c,0x67,0xa,0x20,0x20,0x20,0x20,0x20,0x20,0x20,0x69,0x64,
  0x3d,0x22,0x67,0x35,0x32,0x32,0x38,0x22,0xa,0x20,0x20,0x20,0x20,0x20,0x20,0x20,
  0x74,0x72,0x61,0x6e,0x73,0x66,0x6f,0x72,0x6d,0x3d,0x22,0x74,0x72,0x61,0x6e,0x73,
  0x6c,0x61,0x74,0x65,0x28,0x36,0x32,0x38,0x2c,0x2d,0x31,0x34,0x30,0x2e,0x34,0x39,
  0x39,0x39,0x38,0x29,0x22,0x3e,0xa,0x20,0x20,0x20,0x20,0x20,0x20,0x3c,0x70,0x61,
  0x74,0x68,0xa,0x20,0x20,0x20,0x20,0x20,0x20,0x20,0x20,0x20,0x69,0x64,0x3d,0x22,
  0x70,0x61,0x74,0x68,0x38,0x34,0x32,0x22,0xa,0x20,0x20,0x20,0x20,0x20,0x20,0x20,
  0x20,0x20,0x64,0x3d,0x22,0x6d,0x20,0x2d,0x36,0x32,0x34,0x2c,0x31,0x31,0x38,0x32,
  0x2e,0x38,0x36,0x32,0x32,0x20,0x34,0x2c,0x34,0x20,0x34,0x2c,0x2d,0x34,0x20,0x7a,
  0x22,0xa,0x20,0x20,0x20,0x20,0x20,0x20,0x20,0x20,0x20,0x73,0x74,0x79,0x6c,0x65,
  0x3d,0x22,0x66,0x69,0x6c,0x6c,0x3a,0x23,0x30,0x30,0x30,0x30,0x30,0x30,0x3b,0x66,
  0x69,0x6c,0x6c,0x2d,0x6f,0x70,0x61,0x63,0x69,0x74,0x79,0x3a,0x31,0x3b,0x66,0x69,
  0x6c,0x6c,0x2d,0x72,0x75,0x6c,0x65,0x3a,0x65,0x76,0x65,0x6e,0x6f,0x64,0x64,0x3b,
  0x73,0x74,0x72,0x6f,0x6b,0x65,0x3a,0x6e,0x6f,0x6e,0x65,0x3b,0x73,0x74,0x72,0x6f,
  0x6b,0x65,0x2d,0x77,0x69,0x64,0x74,0x68,0x3a,0x31,0x70,0x78,0x3b,0x73,0x74,0x72,
  0x6f,0x6b,0x65,0x2d,0x6c,0x69,0x6e,0x65,0x63,0x61,0x70,0x3a,0x62,0x75,0x74,0x74,
  0x3b,0x73,0x74,0x72,0x6f,0x6b,0x65,0x2d,0x6c,0x69,0x6e,0x65,0x6a,0x6f,0x69,0x6e,
  0x3a,0x6d,0x69,0x74,0x65,0x72,0x3b,0x73,0x74,0x72,0x6f,0x6b,0x65,0x2d,0x6f,0x70,
  0x61,0x63,0x69,0x74,0x79,0x3a,0x31,0x22,0x20,0x2f,0x3e,0xa,0x20,0x20,0x20,0x20,
  0x3c,0x2f,0x67,0x3e,0xa,0x20,0x20,0x3c,0x2f,0x67,0x3e,0xa,0x20,0x20,0x3c,0x6d,
  0x65,0x74,0x61,0x64,0x61,0x74,0x61,0xa,0x20,0x20,0x20,0x20,0x20,0x69,0x64,0x3d,
  0x22,0x6d,0x65,0x74,0x61,0x64,0x61,0x74,0x61,0x31,0x32,0x22,0x3e,0xa,0x20,0x20,
  0x20,0x20,0x3c,0x72,0x64,0x66,0x3a,0x52,0x44,0x46,0x3e,0xa,0x20,0x20,0x20,0x20,
  0x20,0x20,0x3c,0x72,0x64,0x66,0x3a,0x44,0x65,0x73,0x63,0x72,0x69,0x70,0x74,0x69,
  0x6f,0x6e,0xa,0x20,0x20,0x20,0x20,0x20,0x20,0x20,0x20,0x20,0x64,0x63,0x3a,0x6c,
  0x61,0x6e,0x67,0x75,0x61,0x67,0x65,0x3d,0x22,0x65,0x6e,0x22,0xa,0x20,0x20,0x20,
  0x20,0x20,0x20,0x20,0x20,0x20,0x64,0x63,0x3a,0x66,0x6f,0x72,0x6d,0x61,0x74,0x3d,
  0x22,0x69,0x6d,0x61,0x67,0x65,0x2f,0x73,0x76,0x67,0x2b,0x78,0x6d,0x6c,0x22,0xa,
  0x20,0x20,0x20,0x20,0x20,0x20,0x20,0x20,0x20,0x64,0x63,0x3a,0x64,0x61,0x74,0x65,
  0x3d,0x22,0x32,0x30,0x31,0x36,0x2d,0x31,0x32,0x2d,0x31,0x34,0x22,0xa,0x20,0x20,
  0x20,0x20,0x20,0x20,0x20,0x20,0x20,0x64,0x63,0x3a,0x70,0x75,0x62,0x6c,0x69,0x73,
  0x68,0x65,0x72,0x3d,0x22,0x49,0x63,0x6f,0x6e,0x73,0x63,0x6f,0x75,0x74,0x22,0xa,
  0x20,0x20,0x20,0x20,0x20,0x20,0x20,0x20,0x20,0x64,0x63,0x3a,0x64,0x65,0x73,0x63,
  0x72,0x69,0x70,0x74,0x69,0x6f,0x6e,0x3d,0x22,0x4d,0x65,0x6e,0x75,0x2c,0x20,0x42,
  0x61,0x72,0x2c,0x20,0x4c,0x69,0x6e,0x65,0x73,0x2c,0x20,0x4f,0x70,0x74,0x69,0x6f,
  0x6e,0x2c,0x20,0x4c,0x69,0x73,0x74,0x2c,0x20,0x48,0x61,0x6d,0x62,0x75,0x72,0x67,
  0x65,0x72,0x2c,0x20,0x57,0x65,0x62,0x22,0xa,0x20,0x20,0x20,0x20,0x20,0x20,0x20,
  0x20,0x20,0x64,0x63,0x3a,0x74,0x69,0x74,0x6c,0x65,0x3d,0x22,0x4d,0x65,0x6e,0x75,
  0x2c,0x20,0x42,0x61,0x72,0x2c,0x20,0x4c,0x69,0x6e,0x65,0x73,0x2c,0x20,0x4f,0x70,
  0x74,0x69,0x6f,0x6e,0x2c,0x20,0x4c,0x69,0x73,0x74,0x2c,0x20,0x48,0x61,0x6d,0x62,
  0x75,0x72,0x67,0x65,0x72,0x2c,0x20,0x57,0x65,0x62,0x22,0xa,0x20,0x20,0x20,0x20,
  0x20,0x20,0x20,0x20,0x20,0x61,0x62,0x6f,0x75,0x74,0x3d,0x22,0x68,0x74,0x74,0x70,
  0x73,0x3a,0x2f,0x2f,0x69,0x63,0x6f,0x6e,0x73,0x63,0x6f,0x75,0x74,0x2e,0x63,0x6f,
  0x6d,0x2f,0x6c,0x65,0x67,0x61,0x6c,0x23,0x6c,0x69,0x63,0x65,0x6e,0x73,0x65,0x73,
  0x22,0x3e,0xa,0x20,0x20,0x20,0x20,0x20,0x20,0x20,0x20,0x3c,0x64,0x63,0x3a,0x63,
  0x72,0x65,0x61,0x74,0x6f,0x72,0x3e,0xa,0x20,0x20,0x20,0x20,0x20,0x20,0x20,0x20,
  0x20,0x20,0x3c,0x72,0x64,0x66,0x3a,0x42,0x61,0x67,0x3e,0xa,0x20,0x20,0x20,0x20,
  0x20,0x20,0x20,0x20,0x20,0x20,0x20,0x20,0x3c,0x72,0x64,0x66,0x3a,0x6c,0x69,0x3e,
  0x4a,0x65,0x6d,0x69,0x73,0x20,0x4d,0x61,0x6c,0x69,0x3c,0x2f,0x72,0x64,0x66,0x3a,
  0x6c,0x69,0x3e,0xa,0x20,0x20,0x20,0x20,0x20,0x20,0x20,0x20,0x20,0x20,0x3c,0x2f,
  0x72,0x64,0x66,0x3a,0x42,0x61,0x67,0x3e,0xa,0x20,0x20,0x20,0x20,0x20,0x20,0x20,
  0x20,0x3c,0x2f,0x64,0x63,0x3a,0x63,0x72,0x65,0x61,0x74,0x6f,0x72,0x3e,0xa,0x20,
  0x20,0x20,0x20,0x20,0x20,0x3c,0x2f,0x72,0x64,0x66,0x3a,0x44,0x65,0x73,0x63,0x72,
  0x69,0x70,0x74,0x69,0x6f,0x6e,0x3e,0xa,0x20,0x20,0x20,0x20,0x20,0x20,0x3c,0x63,
  0x63,0x3a,0x57,0x6f,0x72,0x6b,0xa,0x20,0x20,0x20,0x20,0x20,0x20,0x20,0x20,0x20,
  0x72,0x64,0x66,0x3a,0x61,0x62,0x6f,0x75,0x74,0x3d,0x22,0x22,0x3e,0xa,0x20,0x20,
  0x20,0x20,0x20,0x20,0x20,0x20,0x3c,0x64,0x63,0x3a,0x66,0x6f,0x72,0x6d,0x61,0x74,
  0x3e,0x69,0x6d,0x61,0x67,0x65,0x2f,0x73,0x76,0x67,0x2b,0x78,0x6d,0x6c,0x3c,0x2f,
  0x64,0x63,0x3a,0x66,0x6f,0x72,0x6d,0x61,0x74,0x3e,0xa,0x20,0x20,0x20,0x20,0x20,
  0x20,0x20,0x20,0x3c,0x64,0x63,0x3a,0x74,0x79,0x70,0x65,0xa,0x20,0x20,0x20,0x20,
  0x20,0x20,0x20,0x20,0x20,0x20,0x20,0x72,0x64,0x66,0x3a,0x72,0x65,0x73,0x6f,0x75,
  0x72,0x63,0x65,0x3d,0x22,0x68,0x74,0x74,0x70,0x3a,0x2f,0x2f,0x70,0x75,0x72,0x6c,
  0x2e,0x6f,0x72,0x67,0x2f,0x64,0x63,0x2f,0x64,0x63,0x6d,0x69,0x74,0x79,0x70,0x65,
  0x2f,0x53,0x74,0x69,0x6c,0x6c,0x49,0x6d,0x61,0x67,0x65,0x22,0x20,0x2f,0x3e,0xa,
  0x20,0x20,0x20,0x20,0x20,0x20,0x20,0x20,0x3c,0x64,0x63,0x3a,0x74,0x69,0x74,0x6c,
  0x65,0x3e,0x3c,0x2f,0x64,0x63,0x3a,0x74,0x69,0x74,0x6c,0x65,0x3e,0xa,0x20,0x20,
  0x20,0x20,0x20,0x20,0x3c,0x2f,0x63,0x63,0x3a,0x57,0x6f,0x72,0x6b,0x3e,0xa,0x20,
  0x20,0x20,0x20,0x3c,0x2f,0x72,0x64,0x66,0x3a,0x52,0x44,0x46,0x3e,0xa,0x20,0x20,
  0x3c,0x2f,0x6d,0x65,0x74,0x61,0x64,0x61,0x74,0x61,0x3e,0xa,0x3c,0x2f,0x73,0x76,
  0x67,0x3e,0xa,
    // minimize-button.svg
  0x0,0x0,0x0,0xf9,
  0x3c,
  0x3f,0x78,0x6d,0x6c,0x20,0x76,0x65,0x72,0x73,0x69,0x6f,0x6e,0x3d,0x22,0x31,0x2e,
  0x30,0x22,0x20,0x65,0x6e,0x63,0x6f,0x64,0x69,0x6e,0x67,0x3d,0x22,0x55,0x54,0x46,
  0x2d,0x38,0x22,0x3f,0x3e,0xa,0x3c,0x73,0x76,0x67,0x20,0x77,0x69,0x64,0x74,0x68,
  0x3d,0x22,0x31,0x36,0x22,0x20,0x68,0x65,0x69,0x67,0x68,0x74,0x3d,0x22,0x31,0x36,
  0x22,0x20,0x65,0x6e,0x61,0x62,0x6c,0x65,0x2d,0x62,0x61,0x63,0x6b,0x67,0x72,0x6f,
  0x75,0x6e,0x64,0x3d,0x22,0x6e,0x65,0x77,0x20,0x30,0x20,0x30,0x20,0x31,0x32,0x32,
  0x2e,0x38,0x37,0x39,0x20,0x31,0x32,0x32,0x2e,0x38,0x36,0x37,0x22,0x20,0x76,0x65,
  0x72,0x73,0x69,0x6f,0x6e,0x3d,0x22,0x31,0x2e,0x31,0x22,0x20,0x76,0x69,0x65,0x77,
  0x42,0x6f,0x78,0x3d,0x22,0x30,0x20,0x30,0x20,0x31,0x36,0x20,0x31,0x36,0x22,0x20,
  0x78,0x6d,0x6c,0x3a,0x73,0x70,0x61,0x63,0x65,0x3d,0x22,0x70,0x72,0x65,0x73,0x65,
  0x72,0x76,0x65,0x22,0x20,0x78,0x6d,0x6c,0x6e,0x73,0x3d,0x22,0x68,0x74,0x74,0x70,
  0x3a,0x2f,0x2f,0x77,0x77,0x77,0x2e,0x77,0x33,0x2e,0x6f,0x72,0x67,0x2f,0x32,0x30,
  0x30,0x30,0x2f,0x73,0x76,0x67,0x22,0x3e,0x3c,0x72,0x65,0x63,0x74,0x20,0x78,0x3d,
  0x22,0x34,0x22,0x20,0x79,0x3d,0x22,0x31,0x30,0x22,0x20,0x77,0x69,0x64,0x74,0x68,
  0x3d,0x22,0x37,0x22,0x20,0x68,0x65,0x69,0x67,0x68,0x74,0x3d,0x22,0x32,0x22,0x2f,
  0x3e,0x3c,0x2f,0x73,0x76,0x67,0x3e,0xa,
    // pin-button.svg
  0x0,0x0,0x9,0x44,
  0x3c,
  0x3f,0x78,0x6d,0x6c,0x20,0x76,0x65,0x72,0x73,0x69,0x6f,0x6e,0x3d,0x22,0x31,0x2e,
  0x30,0x22,0x20,0x65,0x6e,0x63,0x6f,0x64,0x69,0x6e,0x67,0x3d,0x22,0x55,0x54,0x46,
  0x2d,0x38,0x22,0x20,0x73,0x74,0x61,0x6e,0x64,0x61,0x6c,0x6f,0x6e,0x65,0x3d,0x22,
  0x6e,0x6f,0x22,0x3f,0x3e,0xa,0x3c,0x73,0x76,0x67,0xa,0x20,0x20,0x20,0x78,0x6d,
  0x6c,0x6e,0x73,0x3a,0x64,0x63,0x3d,0x22,0x68,0x74,0x74,0x70,0x3a,0x2f,0x2f,0x70,
  0x75,0x72,0x6c,0x2e,0x6f,0x72,0x67,0x2f,0x64,0x63,0x2f,0x65,0x6c,0x65,0x6d,0x65,
  0x6e,0x74,0x73,0x2f,0x31,0x2e,0x31,0x2f,0x22,0xa,0x20,0x20,0x20,0x78,0x6d,0x6c,
  0x6e,0x73,0x3a,0x63,0x63,0x3d,0x22,0x68,0x74,0x74,0x70,0x3a,0x2f,0x2f,0x63,0x72,
  0x65,0x61,0x74,0x69,0x76,0x65,0x63,0x6f,0x6d,0x6d,0x6f,0x6e,0x73,0x2e,0x6f,0x72,
  0x67,0x2f,0x6e,0x73,0x23,0x22,0xa,0x20,0x20,0x20,0x78,0x6d,0x6c,0x6e,0x73,0x3a,
  0x72,0x64,0x66,0x3d,0x22,0x68,0x74,0x74,0x70,0x3a,0x2f,0x2f,0x77,0x77,0x77,0x2e,
  0x77,0x33,0x2e,0x6f,0x72,0x67,0x2f,0x31,0x39,0x39,0x39,0x2f,0x30,0x32,0x2f,0x32,
  0x32,0x2d,0x72,0x64,0x66,0x2d,0x73,0x79,0x6e,0x74,0x61,0x78,0x2d,0x6e,0x73,0x23,
  0x22,0xa,0x20,0x20,0x20,0x78,0x6d,0x6c,0x6e,0x73,0x3a,0x73,0x76,0x67,0x3d,0x22,
  0x68,0x74,0x74,0x70,0x3a,0x2f,0x2f,0x77,0x77,0x77,0x2e,0x77,0x33,0x2e,0x6f,0x72,
  0x67,0x2f,0x32,0x30,0x30,0x30,0x2f,0x73,0x76,0x67,0x22,0xa,0x20,0x20,0x20,0x78,
  0x6d,0x6c,0x6e,0x73,0x3d,0x22,0x68,0x74,0x74,0x70,0x3a,0x2f,0x2f,0x77,0x77,0x77,
  0x2e,0x77,0x33,0x2e,0x6f,0x72,0x67,0x2f,0x32,0x30,0x30,0x30,0x2f,0x73,0x76,0x67,
  0x22,0xa,0x20,0x20,0x20,0x78,0x6d,0x6c,0x6e,0x73,0x3a,0x73,0x6f,0x64,0x69,0x70,
  0x6f,0x64,0x69,0x3d,0x22,0x68,0x74,0x74,0x70,0x3a,0x2f,0x2f,0x73,0x6f,0x64,0x69,
  0x70,0x6f,0x64,0x69,0x2e,0x73,0x6f,0x75,0x72,0x63,0x65,0x66,0x6f,0x72,0x67,0x65,
  0x2e,0x6e,0x65,0x74,0x2f,0x44,0x54,0x44,0x2f,0x73,0x6f,0x64,0x69,0x70,0x6f,0x64,
  0x69,0x2d,0x30,0x2e,0x64,0x74,0x64,0x22,0xa,0x20,0x20,0x20,0x78,0x6d,0x6c,0x6e,
  0x73,0x3a,0x69,0x6e,0x6b,0x73,0x63,0x61,0x70,0x65,0x3d,0x22,0x68,0x74,0x74,0x70,
  0x3a,0x2f,0x2f,0x77,0x77,0x77,0x2e,0x69,0x6e,0x6b,0x73,0x63,0x61,0x70,0x65,0x2e,
  0x6f,0x72,0x67,0x2f,0x6e,0x61,0x6d,0x65,0x73,0x70,0x61,0x63,0x65,0x73,0x2f,0x69,
  0x6e,0x6b,0x73,0x63,0x61,0x70,0x65,0x22,0xa,0x20,0x20,0x20,0x76,0x65,0x72,0x73,
  0x69,0x6f,0x6e,0x3d,0x22,0x31,0x2e,0x31,0x22,0xa,0x20,0x20,0x20,0x69,0x64,0x3d,
  0x22,0x4c,0x61,0x79,0x65,0x72,0x5f,0x31,0x22,0xa,0x20,0x20,0x20,0x78,0x3d,0x22,
  0x30,0x70,0x78,0x22,0xa,0x20,0x20,0x20,0x79,0x3d,0x22,0x30,0x70,0x78,0x22,0xa,
  0x20,0x20,0x20,0x77,0x69,0x64,0x74,0x68,0x3d,0x22,0x31,0x36,0x22,0xa,0x20,0x20,
  0x20,0x68,0x65,0x69,0x67,0x68,0x74,0x3d,0x22,0x31,0x36,0x22,0xa,0x20,0x20,0x20,
  0x76,0x69,0x65,0x77,0x42,0x6f,0x78,0x3d,0x22,0x30,0x20,0x30,0x20,0x31,0x36,0x20,
  0x31,0x36,0x22,0xa,0x20,0x20,0x20,0x65,0x6e,0x61,0x62,0x6c,0x65,0x2d,0x62,0x61,
  0x63,0x6b,0x67,0x72,0x6f,0x75,0x6e,0x64,0x3d,0x22,0x6e,0x65,0x77,0x20,0x30,0x20,
  0x30,0x20,0x31,0x32,0x32,0x2e,0x38,0x37,0x39,0x20,0x31,0x32,0x32,0x2e,0x38,0x36,
  0x37,0x22,0xa,0x20,0x20,0x20,0x78,0x6d,0x6c,0x3a,0x73,0x70,0x61,0x63,0x65,0x3d,
  0x22,0x70,0x72,0x65,0x73,0x65,0x72,0x76,0x65,0x22,0xa,0x20,0x20,0x20,0x73,0x6f,
  0x64,0x69,0x70,0x6f,0x64,0x69,0x3a,0x64,0x6f,0x63,0x6e,0x61,0x6d,0x65,0x3d,0x22,
  0x70,0x69,0x6e,0x2d,0x62,0x75,0x74,0x74,0x6f,0x6e,0x2d,0x69,0x6e,0x6b,0x73,0x63,
  0x61,0x70,0x65,0x2e,0x73,0x76,0x67,0x22,0xa,0x20,0x20,0x20,0x69,0x6e,0x6b,0x73,
  0x63,0x61,0x70,0x65,0x3a,0x76,0x65,0x72,0x73,0x69,0x6f,0x6e,0x3d,0x22,0x31,0x2e,
  0x30,0x2e,0x31,0x20,0x28,0x33,0x62,0x63,0x32,0x65,0x38,0x31,0x33,0x66,0x35,0x2c,
  0x20,0x32,0x30,0x32,0x30,0x2d,0x30,0x39,0x2d,0x30,0x37,0x29,0x22,0x3e,0x3c,0x6d,
  0x65,0x74,0x61,0x64,0x61,0x74,0x61,0xa,0x20,0x20,0x20,0x20,0x20,0x69,0x64,0x3d,
  0x22,0x6d,0x65,0x74,0x61,0x64,0x61,0x74,0x61,0x35,0x33,0x22,0x3e,0x3c,0x72,0x64,
  0x66,0x3a,0x52,0x44,0x46,0x3e,0x3c,0x63,0x63,0x3a,0x57,0x6f,0x72,0x6b,0xa,0x20,
  0x20,0x20,0x20,0x20,0x20,0x20,0x20,0x20,0x72,0x64,0x66,0x3a,0x61,0x62,0x6f,0x75,
  0x74,0x3d,0x22,0x22,0x3e,0x3c,0x64,0x63,0x3a,0x66,0x6f,0x72,0x6d,0x61,0x74,0x3e,
  0x69,0x6d,0x61,0x67,0x65,0x2f,0x73,0x76,0x67,0x2b,0x78,0x6d,0x6c,0x3c,0x2f,0x64,
  0x63,0x3a,0x66,0x6f,0x72,0x6d,0x61,0x74,0x3e,0x3c,0x64,0x63,0x3a,0x74,0x79,0x70,
  0x65,0xa,0x20,0x20,0x20,0x20,0x20,0x20,0x20,0x20,0x20,0x20,0x20,0x72,0x64,0x66,
  0x3a,0x72,0x65,0x73,0x6f,0x75,0x72,0x63,0x65,0x3d,0x22,0x68,0x74,0x74,0x70,0x3a,
  0x2f,0x2f,0x70,0x75,0x72,0x6c,0x2e,0x6f,0x72,0x67,0x2f,0x64,0x63,0x2f,0x64,0x63,
  0x6d,0x69,0x74,0x79,0x70,0x65,0x2f,0x53,0x74,0x69,0x6c,0x6c,0x49,0x6d,0x61,0x67,
  0x65,0x22,0x20,0x2f,0x3e,0x3c,0x64,0x63,0x3a,0x74,0x69,0x74,0x6c,0x65,0x3e,0x3c,
  0x2f,0x64,0x63,0x3a,0x74,0x69,0x74,0x6c,0x65,0x3e,0x3c,0x2f,0x63,0x63,0x3a,0x57,
  0x6f,0x72,0x6b,0x3e,0x3c,0x2f,0x72,0x64,0x66,0x3a,0x52,0x44,0x46,0x3e,0x3c,0x2f,
  0x6d,0x65,0x74,0x61,0x64,0x61,0x74,0x61,0x3e,0x3c,0x64,0x65,0x66,0x73,0xa,0x20,
  0x20,0x20,0x20,0x20,0x69,0x64,0x3d,0x22,0x64,0x65,0x66,0x73,0x35,0x31,0x22,0x20,
  0x2f,0x3e,0x3c,0x73,0x6f,0x64,0x69,0x70,0x6f,0x64,0x69,0x3a,0x6e,0x61,0x6d,0x65,
  0x64,0x76,0x69,0x65,0x77,0xa,0x20,0x20,0x20,0x20,0x20,0x70,0x61,0x67,0x65,0x63,
  0x6f,0x6c,0x6f,0x72,0x3d,0x22,0x23,0x66,0x66,0x66,0x66,0x66,0x66,0x22,0xa,0x20,
  0x20,0x20,0x20,0x20,0x62,0x6f,0x72,0x64,0x65,0x72,0x63,0x6f,0x6c,0x6f,0x72,0x3d,
  0x22,0x23,0x36,0x36,0x36,0x36,0x36,0x36,0x22,0xa,0x20,0x20,0x20,0x20,0x20,0x62,
  0x6f,0x72,0x64,0x65,0x72,0x6f,0x70,0x61,0x63,0x69,0x74,0x79,0x3d,0x22,0x31,0x22,
  0xa,0x20,0x20,0x20,0x20,0x20,0x6f,0x62,0x6a,0x65,0x63,0x74,0x74,0x6f,0x6c,0x65,
  0x72,0x61,0x6e,0x63,0x65,0x3d,0x22,0x31,0x30,0x22,0xa,0x20,0x20,0x20,0x20,0x20,
  0x67,0x72,0x69,0x64,0x74,0x6f,0x6c,0x65,0x72,0x61,0x6e,0x63,0x65,0x3d,0x22,0x31,
  0x30,0x22,0xa,0x20,0x20,0x20,0x20,0x20,0x67,0x75,0x69,0x64,0x65,0x74,0x6f,0x6c,
  0x65,0x72,0x61,0x6e,0x63,0x65,0x3d,0x22,0x31,0x30,0x22,0xa,0x20,0x20,0x20,0x20,
  0x20,0x69,0x6e,0x6b,0x73,0x63,0x61,0x70,0x65,0x3a,0x70,0x61,0x67,0x65,0x6f,0x70,
  0x61,0x63,0x69,0x74,0x79,0x3d,0x22,0x30,0x22,0xa,0x20,0x20,0x20,0x20,0x20,0x69,
  0x6e,0x6b,0x73,0x63,0x61,0x70,0x65,0x3a,0x70,0x61,0x67,0x65,0x73,0x68,0x61,0x64,
  0x6f,0x77,0x3d,0x22,0x32,0x22,0xa,0x20,0x20,0x20,0x20,0x20,0x69,0x6e,0x6b,0x73,
  0x63,0x61,0x70,0x65,0x3a,0x77,0x69,0x6e,0x64,0x6f,0x77,0x2d,0x77,0x69,0x64,0x74,
  0x68,0x3d,0x22,0x31,0x39,0x32,0x30,0x22,0xa,0x20,0x20,0x20,0x20,0x20,0x69,0x6e,
  0x6b,0x73,0x63,0x61,0x70,0x65,0x3a,0x77,0x69,0x6e,0x64,0x6f,0x77,0x2d,0x68,0x65,
  0x69,0x67,0x68,0x74,0x3d,0x22,0x31,0x30,0x31,0x37,0x22,0xa,0x20,0x20,0x20,0x20,
  0x20,0x69,0x64,0x3d,0x22,0x6e,0x61,0x6d,0x65,0x64,0x76,0x69,0x65,0x77,0x34,0x39,
  0x22,0xa,0x20,0x20,0x20,0x20,0x20,0x73,0x68,0x6f,0x77,0x67,0x72,0x69,0x64,0x3d,
  0x22,0x66,0x61,0x6c,0x73,0x65,0x22,0xa,0x20,0x20,0x20,0x20,0x20,0x66,0x69,0x74,
  0x2d,0x6d,0x61,0x72,0x67,0x69,0x6e,0x2d,0x74,0x6f,0x70,0x3d,0x22,0x30,0x22,0xa,
  0x20,0x20,0x20,0x20,0x20,0x66,0x69,0x74,0x2d,0x6d,0x61,0x72,0x67,0x69,0x6e,0x2d,
  0x6c,0x65,0x66,0x74,0x3d,0x22,0x30,0x22,0xa,0x20,0x20,0x20,0x20,0x20,0x66,0x69,
  0x74,0x2d,0x6d,0x61,0x72,0x67,0x69,0x6e,0x2d,0x72,0x69,0x67,0x68,0x74,0x3d,0x22,
  0x30,0x22,0xa,0x20,0x20,0x20,0x20,0x20,0x66,0x69,0x74,0x2d,0x6d,0x61,0x72,0x67,
  0x69,0x6e,0x2d,0x62,0x6f,0x74,0x74,0x6f,0x6d,0x3d,0x22,0x30,0x22,0xa,0x20,0x20,
  0x20,0x20,0x20,0x69,0x6e,0x6b,0x73,0x63,0x61,0x70,0x65,0x3a,0x7a,0x6f,0x6f,0x6d,
  0x3d,0x22,0x31,0x39,0x2e,0x30,0x33,0x37,0x37,0x33,0x34,0x22,0xa,0x20,0x20,0x20,
  0x20,0x20,0x69,0x6e,0x6b,0x73,0x63,0x61,0x70,0x65,0x3a,0x63,0x78,0x3d,0x22,0x34,
  0x2e,0x35,0x36,0x34,0x33,0x33,0x37,0x36,0x22,0xa,0x20,0x20,0x20,0x20,0x20,0x69,
  0x6e,0x6b,0x73,0x63,0x61,0x70,0x65,0x3a,0x63,0x79,0x3d,0x22,0x32,0x2e,0x37,0x33,
  0x35,0x33,0x32,0x32,0x33,0x22,0xa,0x20,0x20,0x20,0x20,0x20,0x69,0x6e,0x6b,0x73,
  0x63,0x61,0x70,0x65,0x3a,0x77,0x69,0x6e,0x64,0x6f,0x77,0x2d,0x78,0x3d,0x22,0x31,
  0x39,0x31,0x32,0x22,0xa,0x20,0x20,0x20,0x20,0x20,0x69,0x6e,0x6b,0x73,0x63,0x61,
  0x70,0x65,0x3a,0x77,0x69,0x6e,0x64,0x6f,0x77,0x2d,0x79,0x3d,0x22,0x2d,0x38,0x22,
  0xa,0x20,0x20,0x20,0x20,0x20,0x69,0x6e,0x6b,0x73,0x63,0x61,0x70,0x65,0x3a,0x77,
  0x69,0x6e,0x64,0x6f,0x77,0x2d,0x6d,0x61,0x78,0x69,0x6d,0x69,0x7a,0x65,0x64,0x3d,
  0x22,0x31,0x22,0xa,0x20,0x20,0x20,0x20,0x20,0x69,0x6e,0x6b,0x73,0x63,0x61,0x70,
  0x65,0x3a,0x63,0x75,0x72,0x72,0x65,0x6e,0x74,0x2d,0x6c,0x61,0x79,0x65,0x72,0x3d,
  0x22,0x4c,0x61,0x79,0x65,0x72,0x5f,0x31,0x22,0x20,0x2f,0x3e,0x3c,0x67,0xa,0x20,
  0x20,0x20,0x20,0x20,0x69,0x64,0x3d,0x22,0x67,0x34,0x36,0x22,0xa,0x20,0x20,0x20,
  0x20,0x20,0x74,0x72,0x61,0x6e,0x73,0x66,0x6f,0x72,0x6d,0x3d,0x22,0x6d,0x61,0x74,
  0x72,0x69,0x78,0x28,0x30,0x2e,0x30,0x38,0x31,0x33,0x38,0x30,0x37,0x31,0x2c,0x30,
  0x2c,0x30,0x2c,0x30,0x2e,0x30,0x38,0x31,0x33,0x38,0x38,0x39,0x38,0x2c,0x33,0x2e,
  0x30,0x30,0x30,0x30,0x30,0x30,0x31,0x2c,0x32,0x2e,0x39,0x39,0x39,0x39,0x38,0x29,
  0x22,0x3e,0x3c,0x70,0x61,0x74,0x68,0xa,0x20,0x20,0x20,0x20,0x20,0x20,0x20,0x66,
  0x69,0x6c,0x6c,0x2d,0x72,0x75,0x6c,0x65,0x3d,0x22,0x65,0x76,0x65,0x6e,0x6f,0x64,
  0x64,0x22,0xa,0x20,0x20,0x20,0x20,0x20,0x20,0x20,0x63,0x6c,0x69,0x70,0x2d,0x72,
  0x75,0x6c,0x65,0x3d,0x22,0x65,0x76,0x65,0x6e,0x6f,0x64,0x64,0x22,0xa,0x20,0x20,
  0x20,0x20,0x20,0x20,0x20,0x64,0x3d,0x22,0x4d,0x20,0x38,0x33,0x2e,0x38,0x38,0x2c,
  0x30,0x2e,0x34,0x35,0x31,0x20,0x31,0x32,0x32,0x2e,0x34,0x32,0x37,0x2c,0x33,0x39,
  0x20,0x63,0x20,0x30,0x2e,0x36,0x30,0x33,0x2c,0x30,0x2e,0x36,0x30,0x31,0x20,0x30,
  0x2e,0x36,0x30,0x33,0x2c,0x31,0x2e,0x35,0x38,0x35,0x20,0x30,0x2c,0x32,0x2e,0x31,
  0x38,0x38,0x20,0x6c,0x20,0x2d,0x31,0x33,0x2e,0x31,0x32,0x38,0x2c,0x31,0x33,0x2e,
  0x31,0x32,0x35,0x20,0x63,0x20,0x2d,0x30,0x2e,0x36,0x30,0x32,0x2c,0x30,0x2e,0x36,
  0x30,0x34,0x20,0x2d,0x31,0x2e,0x35,0x38,0x36,0x2c,0x30,0x2e,0x36,0x30,0x34,0x20,
  0x2d,0x32,0x2e,0x31,0x38,0x37,0x2c,0x30,0x20,0x6c,0x20,0x2d,0x33,0x2e,0x37,0x33,
  0x32,0x2c,0x2d,0x33,0x2e,0x37,0x33,0x20,0x2d,0x31,0x37,0x2e,0x33,0x30,0x33,0x2c,
  0x31,0x37,0x2e,0x33,0x20,0x63,0x20,0x33,0x2e,0x38,0x38,0x32,0x2c,0x31,0x34,0x2e,
  0x36,0x32,0x31,0x20,0x30,0x2e,0x30,0x39,0x35,0x2c,0x33,0x30,0x2e,0x38,0x35,0x37,
  0x20,0x2d,0x31,0x31,0x2e,0x33,0x37,0x2c,0x34,0x32,0x2e,0x33,0x32,0x20,0x2d,0x30,
  0x2e,0x32,0x36,0x36,0x2c,0x30,0x2e,0x32,0x36,0x38,0x20,0x2d,0x30,0x2e,0x35,0x33,
  0x35,0x2c,0x30,0x2e,0x35,0x32,0x39,0x20,0x2d,0x30,0x2e,0x38,0x30,0x38,0x2c,0x30,
  0x2e,0x37,0x38,0x37,0x20,0x2d,0x31,0x2e,0x30,0x30,0x34,0x2c,0x30,0x2e,0x39,0x35,
  0x35,0x20,0x2d,0x30,0x2e,0x38,0x34,0x33,0x2c,0x30,0x2e,0x39,0x34,0x39,0x20,0x2d,
  0x31,0x2e,0x38,0x31,0x33,0x2c,0x2d,0x30,0x2e,0x30,0x32,0x31,0x20,0x4c,0x20,0x34,
  0x37,0x2e,0x35,0x39,0x37,0x2c,0x38,0x36,0x2e,0x34,0x38,0x20,0x30,0x2c,0x31,0x32,
  0x32,0x2e,0x38,0x36,0x37,0x20,0x33,0x36,0x2e,0x33,0x39,0x39,0x2c,0x37,0x35,0x2e,
  0x32,0x38,0x33,0x20,0x31,0x31,0x2e,0x38,0x37,0x34,0x2c,0x35,0x30,0x2e,0x37,0x36,
  0x20,0x43,0x20,0x31,0x30,0x2e,0x38,0x39,0x36,0x2c,0x34,0x39,0x2e,0x37,0x38,0x20,
  0x31,0x30,0x2e,0x39,0x37,0x38,0x2c,0x34,0x39,0x2e,0x39,0x33,0x34,0x20,0x31,0x31,
  0x2e,0x39,0x34,0x2c,0x34,0x38,0x2e,0x39,0x32,0x33,0x20,0x31,0x32,0x2e,0x31,0x38,
  0x2c,0x34,0x38,0x2e,0x36,0x37,0x32,0x20,0x31,0x32,0x2e,0x34,0x32,0x35,0x2c,0x34,
  0x38,0x2e,0x34,0x32,0x20,0x31,0x32,0x2e,0x36,0x37,0x34,0x2c,0x34,0x38,0x2e,0x31,
  0x37,0x20,0x32,0x34,0x2e,0x31,0x33,0x37,0x2c,0x33,0x36,0x2e,0x37,0x30,0x37,0x20,
  0x34,0x30,0x2e,0x33,0x37,0x36,0x2c,0x33,0x32,0x2e,0x39,0x31,0x37,0x20,0x35,0x34,
  0x2e,0x39,0x39,0x36,0x2c,0x33,0x36,0x2e,0x38,0x20,0x4c,0x20,0x37,0x32,0x2e,0x32,
  0x39,0x37,0x2c,0x31,0x39,0x2e,0x35,0x20,0x36,0x38,0x2e,0x35,0x36,0x34,0x2c,0x31,
  0x35,0x2e,0x37,0x36,0x38,0x20,0x63,0x20,0x2d,0x30,0x2e,0x36,0x30,0x31,0x2c,0x2d,
  0x30,0x2e,0x36,0x30,0x31,0x20,0x2d,0x30,0x2e,0x36,0x30,0x31,0x2c,0x2d,0x31,0x2e,
  0x35,0x38,0x35,0x20,0x30,0x2c,0x2d,0x32,0x2e,0x31,0x38,0x38,0x20,0x4c,0x20,0x38,
  0x31,0x2e,0x36,0x39,0x31,0x2c,0x30,0x2e,0x34,0x35,0x31,0x20,0x63,0x20,0x30,0x2e,
  0x36,0x30,0x34,0x2c,0x2d,0x30,0x2e,0x36,0x30,0x31,0x20,0x31,0x2e,0x35,0x38,0x38,
  0x2c,0x2d,0x30,0x2e,0x36,0x30,0x31,0x20,0x32,0x2e,0x31,0x38,0x39,0x2c,0x30,0x20,
  0x7a,0x22,0xa,0x20,0x20,0x20,0x20,0x20,0x20,0x20,0x69,0x64,0x3d,0x22,0x70,0x61,
  0x74,0x68,0x34,0x34,0x22,0x20,0x2f,0x3e,0x3c,0x2f,0x67,0x3e,0x3c,0x2f,0x73,0x76,
  0x67,0x3e,0xa,
    // restore-button.svg
  0x0,0x0,0x10,0x86,
  0x3c,
  0x3f,0x78,0x6d,0x6c,0x20,0x76,0x65,0x72,0x73,0x69,0x6f,0x6e,0x3d,0x22,0x31,0x2e,
  0x30,0x22,0x20,0x65,0x6e,0x63,0x6f,0x64,0x69,0x6e,0x67,0x3d,0x22,0x55,0x54,0x46,
  0x2d,0x38,0x22,0x20,0x73,0x74,0x61,0x6e,0x64,0x61,0x6c,0x6f,0x6e,0x65,0x3d,0x22,
  0x6e,0x6f,0x22,0x3f,0x3e,0xa,0x3c,0x73,0x76,0x67,0xa,0x20,0x20,0x20,0x78,0x6d,
  0x6c,0x6e,0x73,0x3a,0x64,0x63,0x3d,0x22,0x68,0x74,0x74,0x70,0x3a,0x2f,0x2f,0x70,
  0x75,0x72,0x6c,0x2e,0x6f,0x72,0x67,0x2f,0x64,0x63,0x2f,0x65,0x6c,0x65,0x6d,0x65,
  0x6e,0x74,0x73,0x2f,0x31,0x2e,0x31,0x2f,0x22,0xa,0x20,0x20,0x20,0x78,0x6d,0x6c,
  0x6e,0x73,0x3a,0x63,0x63,0x3d,0x22,0x68,0x74,0x74,0x70,0x3a,0x2f,0x2f,0x63,0x72,
  0x65,0x61,0x74,0x69,0x76,0x65,0x63,0x6f,0x6d,0x6d,0x6f,0x6e,0x73,0x2e,0x6f,0x72,
  0x67,0x2f,0x6e,0x73,0x23,0x22,0xa,0x20,0x20,0x20,0x78,0x6d,0x6c,0x6e,0x73,0x3a,
  0x72,0x64,0x66,0x3d,0x22,0x68,0x74,0x74,0x70,0x3a,0x2f,0x2f,0x77,0x77,0x77,0x2e,
  0x77,0x33,0x2e,0x6f,0x72,0x67,0x2f,0x31,0x39,0x39,0x39,0x2f,0x30,0x32,0x2f,0x32,
  0x32,0x2d,0x72,0x64,0x66,0x2d,0x73,0x79,0x6e,0x74,0x61,0x78,0x2d,0x6e,0x73,0x23,
  0x22,0xa,0x20,0x20,0x20,0x78,0x6d,0x6c,0x6e,0x73,0x3a,0x73,0x76,0x67,0x3d,0x22,
  0x68,0x74,0x74,0x70,0x3a,0x2f,0x2f,0x77,0x77,0x77,0x2e,0x77,0x33,0x2e,0x6f,0x72,
  0x67,0x2f,0x32,0x30,0x30,0x30,0x2f,0x73,0x76,0x67,0x22,0xa,0x20,0x20,0x20,0x78,
  0x6d,0x6c,0x6e,0x73,0x3d,0x22,0x68,0x74,0x74,0x70,0x3a,0x2f,0x2f,0x77,0x77,0x77,
  0x2e,0x77,0x33,0x2e,0x6f,0x72,0x67,0x2f,0x32,0x30,0x30,0x30,0x2f,0x73,0x76,0x67,
  0x22,0xa,0x20,0x20,0x20,0x78,0x6d,0x6c,0x6e,0x73,0x3a,0x73,0x6f,0x64,0x69,0x70,
  0x6f,0x64,0x69,0x3d,0x22,0x68,0x74,0x74,0x70,0x3a,0x2f,0x2f,0x73,0x6f,0x64,0x69,
  0x70,0x6f,0x64,0x69,0x2e,0x73,0x6f,0x75,0x72,0x63,0x65,0x66,0x6f,0x72,0x67,0x65,
  0x2e,0x6e,0x65,0x74,0x2f,0x44,0x54,0x44,0x2f,0x73,0x6f,0x64,0x69,0x70,0x6f,0x64,
  0x69,0x2d,0x30,0x2e,0x64,0x74,0x64,0x22,0xa,0x20,0x20,0x20,0x78,0x6d,0x6c,0x6e,
  0x73,0x3a,0x69,0x6e,0x6b,0x73,0x63,0x61,0x70,0x65,0x3d,0x22,0x68,0x74,0x74,0x70,
  0x3a,0x2f,0x2f,0x77,0x77,0x77,0x2e,0x69,0x6e,0x6b,0x73,0x63,0x61,0x70,0x65,0x2e,
  0x6f,0x72,0x67,0x2f,0x6e,0x61,0x6d,0x65,0x73,0x70,0x61,0x63,0x65,0x73,0x2f,0x69,
  0x6e,0x6b,0x73,0x63,0x61,0x70,0x65,0x22,0xa,0x20,0x20,0x20,0x77,0x69,0x64,0x74,
  0x68,0x3d,0x22,0x31,0x36,0x70,0x78,0x22,0xa,0x20,0x20,0x20,0x68,0x65,0x69,0x67,
  0x68,0x74,0x3d,0x22,0x31,0x36,0x70,0x78,0x22,0xa,0x20,0x20,0x20,0x76,0x69,0x65,
  0x77,0x42,0x6f,0x78,0x3d,0x22,0x30,0x20,0x30,0x20,0x31,0x36,0x20,0x31,0x36,0x22,
  0xa,0x20,0x20,0x20,0x69,0x64,0x3d,0x22,0x73,0x76,0x67,0x32,0x22,0xa,0x20,0x20,
  0x20,0x76,0x65,0x72,0x73,0x69,0x6f,0x6e,0x3d,0x22,0x31,0x2e,0x31,0x22,0xa,0x20,
  0x20,0x20,0x69,0x6e,0x6b,0x73,0x63,0x61,0x70,0x65,0x3a,0x76,0x65,0x72,0x73,0x69,
  0x6f,0x6e,0x3d,0x22,0x30,0x2e,0x39,0x32,0x2e,0x35,0x20,0x28,0x32,0x30,0x36,0x30,
  0x65,0x63,0x31,0x66,0x39,0x66,0x2c,0x20,0x32,0x30,0x32,0x30,0x2d,0x30,0x34,0x2d,
  0x30,0x38,0x29,0x22,0xa,0x20,0x20,0x20,0x73,0x6f,0x64,0x69,0x70,0x6f,0x64,0x69,
  0x3a,0x64,0x6f,0x63,0x6e,0x61,0x6d,0x65,0x3d,0x22,0x72,0x65,0x73,0x74,0x6f,0x72,
  0x65,0x2d,0x62,0x75,0x74,0x74,0x6f,0x6e,0x2e,0x73,0x76,0x67,0x22,0x3e,0xa,0x20,
  0x20,0x3c,0x73,0x74,0x79,0x6c,0x65,0xa,0x20,0x20,0x20,0x20,0x20,0x69,0x64,0x3d,
  0x22,0x73,0x74,0x79,0x6c,0x65,0x32,0x22,0x20,0x2f,0x3e,0xa,0x20,0x20,0x3c,0x64,
  0x65,0x66,0x73,0xa,0x20,0x20,0x20,0x20,0x20,0x69,0x64,0x3d,0x22,0x64,0x65,0x66,
  0x73,0x34,0x22,0x3e,0xa,0x20,0x20,0x20,0x20,0x3c,0x70,0x61,0x74,0x74,0x65,0x72,
  0x6e,0xa,0x20,0x20,0x20,0x20,0x20,0x20,0x20,0x79,0x3d,0x22,0x30,0x22,0xa,0x20,
  0x20,0x20,0x20,0x20,0x20,0x20,0x78,0x3d,0x22,0x30,0x22,0xa,0x20,0x20,0x20,0x20,
  0x20,0x20,0x20,0x68,0x65,0x69,0x67,0x68,0x74,0x3d,0x22,0x36,0x22,0xa,0x20,0x20,
  0x20,0x20,0x20,0x20,0x20,0x77,0x69,0x64,0x74,0x68,0x3d,0x22,0x36,0x22,0xa,0x20,
  0x20,0x20,0x20,0x20,0x20,0x20,0x70,0x61,0x74,0x74,0x65,0x72,0x6e,0x55,0x6e,0x69,
  0x74,0x73,0x3d,0x22,0x75,0x73,0x65,0x72,0x53,0x70,0x61,0x63,0x65,0x4f,0x6e,0x55,
  0x73,0x65,0x22,0xa,0x20,0x20,0x20,0x20,0x20,0x20,0x20,0x69,0x64,0x3d,0x22,0x45,
  0x4d,0x46,0x68,0x62,0x61,0x73,0x65,0x70,0x61,0x74,0x74,0x65,0x72,0x6e,0x22,0x20,
  0x2f,0x3e,0xa,0x20,0x20,0x20,0x20,0x3c,0x70,0x61,0x74,0x74,0x65,0x72,0x6e,0xa,
  0x20,0x20,0x20,0x20,0x20,0x20,0x20,0x79,0x3d,0x22,0x30,0x22,0xa,0x20,0x20,0x20,
  0x20,0x20,0x20,0x20,0x78,0x3d,0x22,0x30,0x22,0xa,0x20,0x20,0x20,0x20,0x20,0x20,
  0x20,0x68,0x65,0x69,0x67,0x68,0x74,0x3d,0x22,0x36,0x22,0xa,0x20,0x20,0x20,0x20,
  0x20,0x20,0x20,0x77,0x69,0x64,0x74,0x68,0x3d,0x22,0x36,0x22,0xa,0x20,0x20,0x20,
  0x20,0x20,0x20,0x20,0x70,0x61,0x74,0x74,0x65,0x72,0x6e,0x55,0x6e,0x69,0x74,0x73,
  0x3d,0x22,0x75,0x73,0x65,0x72,0x53,0x70,0x61,0x63,0x65,0x4f,0x6e,0x55,0x73,0x65,
  0x22,0xa,0x20,0x20,0x20,0x20,0x20,0x20,0x20,0x69,0x64,0x3d,0x22,0x45,0x4d,0x46,
  0x68,0x62,0x61,0x73,0x65,0x70,0x61,0x74,0x74,0x65,0x72,0x6e,0x2d,0x34,0x22,0x20,
  0x2f,0x3e,0xa,0x20,0x20,0x20,0x20,0x3c,0x70,0x61,0x74,0x74,0x65,0x72,0x6e,0xa,
  0x20,0x20,0x20,0x20,0x20,0x20,0x20,0x79,0x3d,0x22,0x30,0x22,0xa,0x20,0x20,0x20,
  0x20,0x20,0x20,0x20,0x78,0x3d,0x22,0x30,0x22,0xa,0x20,0x20,0x20,0x20,0x20,0x20,
  0x20,0x68,0x65,0x69,0x67,0x68,0x74,0x3d,0x22,0x36,0x22,0xa,0x20,0x20,0x20,0x20,
  0x20,0x20,0x20,0x77,0x69,0x64,0x74,0x68,0x3d,0x22,0x36,0x22,0xa,0x20,0x20,0x20,
  0x20,0x20,0x20,0x20,0x70,0x61,0x74,0x74,0x65,0x72,0x6e,0x55,0x6e,0x69,0x74,0x73,
  0x3d,0x22,0x75,0x73,0x65,0x72,0x53,0x70,0x61,0x63,0x65,0x4f,0x6e,0x55,0x73,0x65,
  0x22,0xa,0x20,0x20,0x20,0x20,0x20,0x20,0x20,0x69,0x64,0x3d,0x22,0x45,0x4d,0x46,
  0x68,0x62,0x61,0x73,0x65,0x70,0x61,0x74,0x74,0x65,0x72,0x6e,0x2d,0x33,0x22,0x20,
  0x2f,0x3e,0xa,0x20,0x20,0x20,0x20,0x3c,0x70,0x61,0x74,0x74,0x65,0x72,0x6e,0xa,
  0x20,0x20,0x20,0x20,0x20,0x20,0x20,0x79,0x3d,0x22,0x30,0x22,0xa,0x20,0x20,0x20,
  0x20,0x20,0x20,0x20,0x78,0x3d,0x22,0x30,0x22,0xa,0x20,0x20,0x20,0x20,0x20,0x20,
  0x20,0x68,0x65,0x69,0x67,0x68,0x74,0x3d,0x22,0x36,0x22,0xa,0x20,0x20,0x20,0x20,
  0x20,0x20,0x20,0x77,0x69,0x64,0x74,0x68,0x3d,0x22,0x36,0x22,0xa,0x20,0x20,0x20,
  0x20,0x20,0x20,0x20,0x70,0x61,0x74,0x74,0x65,0x72,0x6e,0x55,0x6e,0x69,0x74,0x73,
  0x3d,0x22,0x75,0x73,0x65,0x72,0x53,0x70,0x61,0x63,0x65,0x4f,0x6e,0x55,0x73,0x65,
  0x22,0xa,0x20,0x20,0x20,0x20,0x20,0x20,0x20,0x69,0x64,0x3d,0x22,0x45,0x4d,0x46,
  0x68,0x62,0x61,0x73,0x65,0x70,0x61,0x74,0x74,0x65,0x72,0x6e,0x2d,0x38,0x22,0x20,
  0x2f,0x3e,0xa,0x20,0x20,0x3c,0x2f,0x64,0x65,0x66,0x73,0x3e,0xa,0x20,0x20,0x3c,
  0x73,0x6f,0x64,0x69,0x70,0x6f,0x64,0x69,0x3a,0x6e,0x61,0x6d,0x65,0x64,0x76,0x69,
  0x65,0x77,0xa,0x20,0x20,0x20,0x20,0x20,0x69,0x64,0x3d,0x22,0x62,0x61,0x73,0x65,
  0x22,0xa,0x20,0x20,0x20,0x20,0x20,0x70,0x61,0x67,0x65,0x63,0x6f,0x6c,0x6f,0x72,
  0x3d,0x22,0x23,0x66,0x66,0x66,0x66,0x66,0x66,0x22,0xa,0x20,0x20,0x20,0x20,0x20,
  0x62,0x6f,0x72,0x64,0x65,0x72,0x63,0x6f,0x6c,0x6f,0x72,0x3d,0x22,0x23,0x36,0x36,
  0x36,0x36,0x36,0x36,0x22,0xa,0x20,0x20,0x20,0x20,0x20,0x62,0x6f,0x72,0x64,0x65,
  0x72,0x6f,0x70,0x61,0x63,0x69,0x74,0x79,0x3d,0x22,0x31,0x2e,0x30,0x22,0xa,0x20,
  0x20,0x20,0x20,0x20,0x69,0x6e,0x6b,0x73,0x63,0x61,0x70,0x65,0x3a,0x70,0x61,0x67,
  0x65,0x6f,0x70,0x61,0x63,0x69,0x74,0x79,0x3d,0x22,0x30,0x2e,0x30,0x22,0xa,0x20,
  0x20,0x20,0x20,0x20,0x69,0x6e,0x6b,0x73,0x63,0x61,0x70,0x65,0x3a,0x70,0x61,0x67,
  0x65,0x73,0x68,0x61,0x64,0x6f,0x77,0x3d,0x22,0x32,0x22,0xa,0x20,0x20,0x20,0x20,
  0x20,0x69,0x6e,0x6b,0x73,0x63,0x61,0x70,0x65,0x3a,0x7a,0x6f,0x6f,0x6d,0x3d,0x22,
  0x33,0x32,0x22,0xa,0x20,0x20,0x20,0x20,0x20,0x69,0x6e,0x6b,0x73,0x63,0x61,0x70,
  0x65,0x3a,0x63,0x78,0x3d,0x22,0x33,0x2e,0x36,0x37,0x39,0x34,0x33,0x39,0x34,0x22,
  0xa,0x20,0x20,0x20,0x20,0x20,0x69,0x6e,0x6b,0x73,0x63,0x61,0x70,0x65,0x3a,0x63,
  0x79,0x3d,0x22,0x37,0x2e,0x38,0x34,0x31,0x31,0x30,0x34,0x22,0xa,0x20,0x20,0x20,
  0x20,0x20,0x69,0x6e,0x6b,0x73,0x63,0x61,0x70,0x65,0x3a,0x64,0x6f,0x63,0x75,0x6d,
  0x65,0x6e,0x74,0x2d,0x75,0x6e,0x69,0x74,0x73,0x3d,0x22,0x70,0x78,0x22,0xa,0x20,
  0x20,0x20,0x20,0x20,0x69,0x6e,0x6b,0x73,0x63,0x61,0x70,0x65,0x3a,0x63,0x75,0x72,
  0x72,0x65,0x6e,0x74,0x2d,0x6c,0x61,0x79,0x65,0x72,0x3d,0x22,0x67,0x35,0x32,0x32,
  0x38,0x22,0xa,0x20,0x20,0x20,0x20,0x20,0x73,0x68,0x6f,0x77,0x67,0x72,0x69,0x64,
  0x3d,0x22,0x74,0x72,0x75,0x65,0x22,0xa,0x20,0x20,0x20,0x20,0x20,0x75,0x6e,0x69,
  0x74,0x73,0x3d,0x22,0x70,0x78,0x22,0xa,0x20,0x20,0x20,0x20,0x20,0x69,0x6e,0x6b,
  0x73,0x63,0x61,0x70,0x65,0x3a,0x77,0x69,0x6e,0x64,0x6f,0x77,0x2d,0x77,0x69,0x64,
  0x74,0x68,0x3d,0x22,0x31,0x38,0x34,0x38,0x22,0xa,0x20,0x20,0x20,0x20,0x20,0x69,
  0x6e,0x6b,0x73,0x63,0x61,0x70,0x65,0x3a,0x77,0x69,0x6e,0x64,0x6f,0x77,0x2d,0x68,
  0x65,0x69,0x67,0x68,0x74,0x3d,0x22,0x39,0x32,0x30,0x22,0xa,0x20,0x20,0x20,0x20,
  0x20,0x69,0x6e,0x6b,0x73,0x63,0x61,0x70,0x65,0x3a,0x77,0x69,0x6e,0x64,0x6f,0x77,
  0x2d,0x78,0x3d,0x22,0x37,0x32,0x22,0xa,0x20,0x20,0x20,0x20,0x20,0x69,0x6e,0x6b,
  0x73,0x63,0x61,0x70,0x65,0x3a,0x77,0x69,0x6e,0x64,0x6f,0x77,0x2d,0x79,0x3d,0x22,
  0x32,0x37,0x22,0xa,0x20,0x20,0x20,0x20,0x20,0x69,0x6e,0x6b,0x73,0x63,0x61,0x70,
  0x65,0x3a,0x77,0x69,0x6e,0x64,0x6f,0x77,0x2d,0x6d,0x61,0x78,0x69,0x6d,0x69,0x7a,
  0x65,0x64,0x3d,0x22,0x31,0x22,0xa,0x20,0x20,0x20,0x20,0x20,0x69,0x6e,0x6b,0x73,
  0x63,0x61,0x70,0x65,0x3a,0x73,0x6e,0x61,0x70,0x2d,0x62,0x62,0x6f,0x78,0x3d,0x22,
  0x74,0x72,0x75,0x65,0x22,0xa,0x20,0x20,0x20,0x20,0x20,0x69,0x6e,0x6b,0x73,0x63,
  0x61,0x70,0x65,0x3a,0x62,0x62,0x6f,0x78,0x2d,0x70,0x61,0x74,0x68,0x73,0x3d,0x22,
  0x74,0x72,0x75,0x65,0x22,0xa,0x20,0x20,0x20,0x20,0x20,0x69,0x6e,0x6b,0x73,0x63,
  0x61,0x70,0x65,0x3a,0x62,0x62,0x6f,0x78,0x2d,0x6e,0x6f,0x64,0x65,0x73,0x3d,0x22,
  0x74,0x72,0x75,0x65,0x22,0xa,0x20,0x20,0x20,0x20,0x20,0x69,0x6e,0x6b,0x73,0x63,
  0x61,0x70,0x65,0x3a,0x73,0x6e,0x61,0x70,0x2d,0x62,0x62,0x6f,0x78,0x2d,0x65,0x64,
  0x67,0x65,0x2d,0x6d,0x69,0x64,0x70,0x6f,0x69,0x6e,0x74,0x73,0x3d,0x22,0x74,0x72,
  0x75,0x65,0x22,0xa,0x20,0x20,0x20,0x20,0x20,0x69,0x6e,0x6b,0x73,0x63,0x61,0x70,
  0x65,0x3a,0x73,0x6e,0x61,0x70,0x2d,0x62,0x62,0x6f,0x78,0x2d,0x6d,0x69,0x64,0x70,
  0x6f,0x69,0x6e,0x74,0x73,0x3d,0x22,0x74,0x72,0x75,0x65,0x22,0xa,0x20,0x20,0x20,
  0x20,0x20,0x69,0x6e,0x6b,0x73,0x63,0x61,0x70,0x65,0x3a,0x73,0x6e,0x61,0x70,0x2d,
  0x67,0x6c,0x6f,0x62,0x61,0x6c,0x3d,0x22,0x74,0x72,0x75,0x65,0x22,0xa,0x20,0x20,
  0x20,0x20,0x20,0x69,0x6e,0x6b,0x73,0x63,0x61,0x70,0x65,0x3a,0x64,0x6f,0x63,0x75,
  0x6d,0x65,0x6e,0x74,0x2d,0x72,0x6f,0x74,0x61,0x74,0x69,0x6f,0x6e,0x3d,0x22,0x30,
  0x22,0xa,0x20,0x20,0x20,0x20,0x20,0x73,0x68,0x6f,0x77,0x67,0x75,0x69,0x64,0x65,
  0x73,0x3d,0x22,0x74,0x72,0x75,0x65,0x22,0xa,0x20,0x20,0x20,0x20,0x20,0x69,0x6e,
  0x6b,0x73,0x63,0x61,0x70,0x65,0x3a,0x67,0x75,0x69,0x64,0x65,0x2d,0x62,0x62,0x6f,
  0x78,0x3d,0x22,0x74,0x72,0x75,0x65,0x22,0x3e,0xa,0x20,0x20,0x20,0x20,0x3c,0x69,
  0x6e,0x6b,0x73,0x63,0x61,0x70,0x65,0x3a,0x67,0x72,0x69,0x64,0xa,0x20,0x20,0x20,
  0x20,0x20,0x20,0x20,0x74,0x79,0x70,0x65,0x3d,0x22,0x78,0x79,0x67,0x72,0x69,0x64,
  0x22,0xa,0x20,0x20,0x20,0x20,0x20,0x20,0x20,0x69,0x64,0x3d,0x22,0x67,0x72,0x69,
  0x64,0x33,0x33,0x33,0x36,0x22,0x20,0x2f,0x3e,0xa,0x20,0x20,0x20,0x20,0x3c,0x73,
  0x6f,0x64,0x69,0x70,0x6f,0x64,0x69,0x3a,0x67,0x75,0x69,0x64,0x65,0xa,0x20,0x20,
  0x20,0x20,0x20,0x20,0x20,0x70,0x6f,0x73,0x69,0x74,0x69,0x6f,0x6e,0x3d,0x22,0x34,
  0x2c,0x31,0x30,0x22,0xa,0x20,0x20,0x20,0x20,0x20,0x20,0x20,0x6f,0x72,0x69,0x65,
  0x6e,0x74,0x61,0x74,0x69,0x6f,0x6e,0x3d,0x22,0x31,0x2c,0x30,0x22,0xa,0x20,0x20,
  0x20,0x20,0x20,0x20,0x20,0x69,0x64,0x3d,0x22,0x67,0x75,0x69,0x64,0x65,0x38,0x38,
  0x33,0x22,0xa,0x20,0x20,0x20,0x20,0x20,0x20,0x20,0x69,0x6e,0x6b,0x73,0x63,0x61,
  0x70,0x65,0x3a,0x6c,0x6f,0x63,0x6b,0x65,0x64,0x3d,0x22,0x66,0x61,0x6c,0x73,0x65,
  0x22,0x20,0x2f,0x3e,0xa,0x20,0x20,0x20,0x20,0x3c,0x73,0x6f,0x64,0x69,0x70,0x6f,
  0x64,0x69,0x3a,0x67,0x75,0x69,0x64,0x65,0xa,0x20,0x20,0x20,0x20,0x20,0x20,0x20,
  0x70,0x6f,0x73,0x69,0x74,0x69,0x6f,0x6e,0x3d,0x22,0x31,0x30,0x2c,0x31,0x32,0x22,
  0xa,0x20,0x20,0x20,0x20,0x20,0x20,0x20,0x6f,0x72,0x69,0x65,0x6e,0x74,0x61,0x74,
  0x69,0x6f,0x6e,0x3d,0x22,0x30,0x2c,0x2d,0x31,0x22,0xa,0x20,0x20,0x20,0x20,0x20,
  0x20,0x20,0x69,0x64,0x3d,0x22,0x67,0x75,0x69,0x64,0x65,0x38,0x38,0x35,0x22,0xa,
  0x20,0x20,0x20,0x20,0x20,0x20,0x20,0x69,0x6e,0x6b,0x73,0x63,0x61,0x70,0x65,0x3a,
  0x6c,0x6f,0x63,0x6b,0x65,0x64,0x3d,0x22,0x66,0x61,0x6c,0x73,0x65,0x22,0x20,0x2f,
  0x3e,0xa,0x20,0x20,0x20,0x20,0x3c,0x73,0x6f,0x64,0x69,0x70,0x6f,0x64,0x69,0x3a,
  0x67,0x75,0x69,0x64,0x65,0xa,0x20,0x20,0x20,0x20,0x20,0x20,0x20,0x70,0x6f,0x73,
  0x69,0x74,0x69,0x6f,0x6e,0x3d,0x22,0x31,0x32,0x2c,0x32,0x22,0xa,0x20,0x20,0x20,
  0x20,0x20,0x20,0x20,0x6f,0x72,0x69,0x65,0x6e,0x74,0x61,0x74,0x69,0x6f,0x6e,0x3d,
  0x22,0x31,0x2c,0x30,0x22,0xa,0x20,0x20,0x20,0x20,0x20,0x20,0x20,0x69,0x64,0x3d,
  0x22,0x67,0x75,0x69,0x64,0x65,0x38,0x38,0x37,0x22,0xa,0x20,0x20,0x20,0x20,0x20,
  0x20,0x20,0x69,0x6e,0x6b,0x73,0x63,0x61,0x70,0x65,0x3a,0x6c,0x6f,0x63,0x6b,0x65,
  0x64,0x3d,0x22,0x66,0x61,0x6c,0x73,0x65,0x22,0x20,0x2f,0x3e,0xa,0x20,0x20,0x20,
  0x20,0x3c,0x73,0x6f,0x64,0x69,0x70,0x6f,0x64,0x69,0x3a,0x67,0x75,0x69,0x64,0x65,
  0xa,0x20,0x20,0x20,0x20,0x20,0x20,0x20,0x70,0x6f,0x73,0x69,0x74,0x69,0x6f,0x6e,
  0x3d,0x22,0x31,0x34,0x2c,0x34,0x22,0xa,0x20,0x20,0x20,0x20,0x20,0x20,0x20,0x6f,
  0x72,0x69,0x65,0x6e,0x74,0x61,0x74,0x69,0x6f,0x6e,0x3d,0x22,0x30,0x2c,0x2d,0x31,
  0x22,0xa,0x20,0x20,0x20,0x20,0x20,0x20,0x20,0x69,0x64,0x3d,0x22,0x67,0x75,0x69,
  0x64,0x65,0x38,0x38,0x39,0x22,0xa,0x20,0x20,0x20,0x20,0x20,0x20,0x20,0x69,0x6e,
  0x6b,0x73,0x63,0x61,0x70,0x65,0x3a,0x6c,0x6f,0x63,0x6b,0x65,0x64,0x3d,0x22,0x66,
  0x61,0x6c,0x73,0x65,0x22,0x20,0x2f,0x3e,0xa,0x20,0x20,0x3c,0x2f,0x73,0x6f,0x64,
  0x69,0x70,0x6f,0x64,0x69,0x3a,0x6e,0x61,0x6d,0x65,0x64,0x76,0x69,0x65,0x77,0x3e,
  0xa,0x20,0x20,0x3c,0x67,0xa,0x20,0x20,0x20,0x20,0x20,0x69,0x6e,0x6b,0x73,0x63,
  0x61,0x70,0x65,0x3a,0x6c,0x61,0x62,0x65,0x6c,0x3d,0x22,0x4c,0x61,0x79,0x65,0x72,
  0x20,0x31,0x22,0xa,0x20,0x20,0x20,0x20,0x20,0x69,0x6e,0x6b,0x73,0x63,0x61,0x70,
  0x65,0x3a,0x67,0x72,0x6f,0x75,0x70,0x6d,0x6f,0x64,0x65,0x3d,0x22,0x6c,0x61,0x79,
  0x65,0x72,0x22,0xa,0x20,0x20,0x20,0x20,0x20,0x69,0x64,0x3d,0x22,0x6c,0x61,0x79,
  0x65,0x72,0x31,0x22,0xa,0x20,0x20,0x20,0x20,0x20,0x74,0x72,0x61,0x6e,0x73,0x66,
  0x6f,0x72,0x6d,0x3d,0x22,0x74,0x72,0x61,0x6e,0x73,0x6c,0x61,0x74,0x65,0x28,0x30,
  0x2c,0x2d,0x31,0x30,0x33,0x36,0x2e,0x33,0x36,0x32,0x32,0x29,0x22,0x3e,0xa,0x20,
  0x20,0x20,0x20,0x3c,0x67,0xa,0x20,0x20,0x20,0x20,0x20,0x20,0x20,0x74,0x72,0x61,
  0x6e,0x73,0x66,0x6f,0x72,0x6d,0x3d,0x22,0x74,0x72,0x61,0x6e,0x73,0x6c,0x61,0x74,
  0x65,0x28,0x36,0x32,0x38,0x2c,0x2d,0x31,0x34,0x30,0x2e,0x34,0x39,0x39,0x39,0x38,
  0x29,0x22,0xa,0x20,0x20,0x20,0x20,0x20,0x20,0x20,0x69,0x64,0x3d,0x22,0x67,0x35,
  0x32,0x32,0x38,0x22,0x3e,0xa,0x20,0x20,0x20,0x20,0x20,0x20,0x3c,0x72,0x65,0x63,
  0x74,0xa,0x20,0x20,0x20,0x20,0x20,0x20,0x20,0x20,0x20,0x69,0x64,0x3d,0x22,0x72,
  0x65,0x63,0x74,0x34,0x30,0x39,0x34,0x22,0xa,0x20,0x20,0x20,0x20,0x20,0x20,0x20,
  0x20,0x20,0x77,0x69,0x64,0x74,0x68,0x3d,0x22,0x35,0x2e,0x30,0x35,0x35,0x36,0x30,
  0x33,0x22,0xa,0x20,0x20,0x20,0x20,0x20,0x20,0x20,0x20,0x20,0x68,0x65,0x69,0x67,
  0x68,0x74,0x3d,0x22,0x35,0x2e,0x30,0x35,0x35,0x35,0x33,0x32,0x39,0x22,0xa,0x20,
  0x20,0x20,0x20,0x20,0x20,0x20,0x20,0x20,0x78,0x3d,0x22,0x2d,0x36,0x32,0x33,0x2e,
  0x35,0x35,0x35,0x36,0x22,0xa,0x20,0x20,0x20,0x20,0x20,0x20,0x20,0x20,0x20,0x79,
  0x3d,0x22,0x31,0x31,0x38,0x33,0x2e,0x33,0x36,0x32,0x32,0x22,0xa,0x20,0x20,0x20,
  0x20,0x20,0x20,0x20,0x20,0x20,0x73,0x74,0x79,0x6c,0x65,0x3d,0x22,0x66,0x69,0x6c,
  0x6c,0x3a,0x6e,0x6f,0x6e,0x65,0x3b,0x73,0x74,0x72,0x6f,0x6b,0x65,0x3a,0x23,0x30,
  0x30,0x30,0x30,0x30,0x30,0x3b,0x73,0x74,0x72,0x6f,0x6b,0x65,0x2d,0x77,0x69,0x64,
  0x74,0x68,0x3a,0x31,0x3b,0x73,0x74,0x72,0x6f,0x6b,0x65,0x2d,0x6c,0x69,0x6e,0x65,
  0x63,0x61,0x70,0x3a,0x62,0x75,0x74,0x74,0x3b,0x73,0x74,0x72,0x6f,0x6b,0x65,0x2d,
  0x6c,0x69,0x6e,0x65,0x6a,0x6f,0x69,0x6e,0x3a,0x6d,0x69,0x74,0x65,0x72,0x3b,0x73,
  0x74,0x72,0x6f,0x6b,0x65,0x2d,0x6d,0x69,0x74,0x65,0x72,0x6c,0x69,0x6d,0x69,0x74,
  0x3a,0x34,0x3b,0x73,0x74,0x72,0x6f,0x6b,0x65,0x2d,0x64,0x61,0x73,0x68,0x61,0x72,
  0x72,0x61,0x79,0x3a,0x6e,0x6f,0x6e,0x65,0x3b,0x73,0x74,0x72,0x6f,0x6b,0x65,0x2d,
  0x6f,0x70,0x61,0x63,0x69,0x74,0x79,0x3a,0x31,0x3b,0x70,0x61,0x69,0x6e,0x74,0x2d,
  0x6f,0x72,0x64,0x65,0x72,0x3a,0x6e,0x6f,0x72,0x6d,0x61,0x6c,0x22,0x20,0x2f,0x3e,
  0xa,0x20,0x20,0x20,0x20,0x20,0x20,0x3c,0x70,0x61,0x74,0x68,0xa,0x20,0x20,0x20,
  0x20,0x20,0x20,0x20,0x20,0x20,0x73,0x74,0x79,0x6c,0x65,0x3d,0x22,0x66,0x69,0x6c,
  0x6c,0x3a,0x6e,0x6f,0x6e,0x65,0x3b,0x73,0x74,0x72,0x6f,0x6b,0x65,0x3a,0x23,0x30,
  0x30,0x30,0x30,0x30,0x30,0x3b,0x73,0x74,0x72,0x6f,0x6b,0x65,0x2d,0x77,0x69,0x64,
  0x74,0x68,0x3a,0x31,0x70,0x78,0x3b,0x73,0x74,0x72,0x6f,0x6b,0x65,0x2d,0x6c,0x69,
  0x6e,0x65,0x63,0x61,0x70,0x3a,0x62,0x75,0x74,0x74,0x3b,0x73,0x74,0x72,0x6f,0x6b,
  0x65,0x2d,0x6c,0x69,0x6e,0x65,0x6a,0x6f,0x69,0x6e,0x3a,0x6d,0x69,0x74,0x65,0x72,
  0x3b,0x73,0x74,0x72,0x6f,0x6b,0x65,0x2d,0x6f,0x70,0x61,0x63,0x69,0x74,0x79,0x3a,
  0x31,0x22,0xa,0x20,0x20,0x20,0x20,0x20,0x20,0x20,0x20,0x20,0x64,0x3d,0x22,0x6d,
  0x20,0x2d,0x36,0x32,0x31,0x2e,0x39,0x38,0x39,0x35,0x38,0x2c,0x31,0x31,0x38,0x31,
  0x2e,0x33,0x34,0x31,0x34,0x20,0x68,0x20,0x35,0x2e,0x35,0x31,0x30,0x34,0x32,0x20,
  0x76,0x20,0x35,0x2e,0x34,0x39,0x39,0x39,0x22,0xa,0x20,0x20,0x20,0x20,0x20,0x20,
  0x20,0x20,0x20,0x69,0x64,0x3d,0x22,0x70,0x61,0x74,0x68,0x36,0x31,0x32,0x37,0x22,
  0xa,0x20,0x20,0x20,0x20,0x20,0x20,0x20,0x20,0x20,0x69,0x6e,0x6b,0x73,0x63,0x61,
  0x70,0x65,0x3a,0x63,0x6f,0x6e,0x6e,0x65,0x63,0x74,0x6f,0x72,0x2d,0x63,0x75,0x72,
  0x76,0x61,0x74,0x75,0x72,0x65,0x3d,0x22,0x30,0x22,0x20,0x2f,0x3e,0xa,0x20,0x20,
  0x20,0x20,0x3c,0x2f,0x67,0x3e,0xa,0x20,0x20,0x3c,0x2f,0x67,0x3e,0xa,0x20,0x20,
  0x3c,0x6d,0x65,0x74,0x61,0x64,0x61,0x74,0x61,0xa,0x20,0x20,0x20,0x20,0x20,0x69,
  0x64,0x3d,0x22,0x6d,0x65,0x74,0x61,0x64,0x61,0x74,0x61,0x31,0x32,0x22,0x3e,0xa,
  0x20,0x20,0x20,0x20,0x3c,0x72,0x64,0x66,0x3a,0x52,0x44,0x46,0x3e,0xa,0x20,0x20,
  0x20,0x20,0x20,0x20,0x3c,0x72,0x64,0x66,0x3a,0x44,0x65,0x73,0x63,0x72,0x69,0x70,
  0x74,0x69,0x6f,0x6e,0xa,0x20,0x20,0x20,0x20,0x20,0x20,0x20,0x20,0x20,0x61,0x62,
  0x6f,0x75,0x74,0x3d,0x22,0x68,0x74,0x74,0x70,0x73,0x3a,0x2f,0x2f,0x69,0x63,0x6f,
  0x6e,0x73,0x63,0x6f,0x75,0x74,0x2e,0x63,0x6f,0x6d,0x2f,0x6c,0x65,0x67,0x61,0x6c,
  0x23,0x6c,0x69,0x63,0x65,0x6e,0x73,0x65,0x73,0x22,0xa,0x20,0x20,0x20,0x20,0x20,
  0x20,0x20,0x20,0x20,0x64,0x63,0x3a,0x74,0x69,0x74,0x6c,0x65,0x3d,0x22,0x4d,0x65,
  0x6e,0x75,0x2c,0x20,0x42,0x61,0x72,0x2c,0x20,0x4c,0x69,0x6e,0x65,0x73,0x2c,0x20,
  0x4f,0x70,0x74,0x69,0x6f,0x6e,0x2c,0x20,0x4c,0x69,0x73,0x74,0x2c,0x20,0x48,0x61,
  0x6d,0x62,0x75,0x72,0x67,0x65,0x72,0x2c,0x20,0x57,0x65,0x62,0x22,0xa,0x20,0x20,
  0x20,0x20,0x20,0x20,0x20,0x20,0x20,0x64,0x63,0x3a,0x64,0x65,0x73,0x63,0x72,0x69,
  0x70,0x74,0x69,0x6f,0x6e,0x3d,0x22,0x4d,0x65,0x6e,0x75,0x2c,0x20,0x42,0x61,0x72,
  0x2c,0x20,0x4c,0x69,0x6e,0x65,0x73,0x2c,0x20,0x4f,0x70,0x74,0x69,0x6f,0x6e,0x2c,
  0x20,0x4c,0x69,0x73,0x74,0x2c,0x20,0x48,0x61,0x6d,0x62,0x75,0x72,0x67,0x65,0x72,
  0x2c,0x20,0x57,0x65,0x62,0x22,0xa,0x20,0x20,0x20,0x20,0x20,0x20,0x20,0x20,0x20,
  0x64,0x63,0x3a,0x70,0x75,0x62,0x6c,0x69,0x73,0x68,0x65,0x72,0x3d,0x22,0x49,0x63,
  0x6f,0x6e,0x73,0x63,0x6f,0x75,0x74,0x22,0xa,0x20,0x20,0x20,0x20,0x20,0x20,0x20,
  0x20,0x20,0x64,0x63,0x3a,0x64,0x61,0x74,0x65,0x3d,0x22,0x32,0x30,0x31,0x36,0x2d,
  0x31,0x32,0x2d,0x31,0x34,0x22,0xa,0x20,0x20,0x20,0x20,0x20,0x20,0x20,0x20,0x20,
  0x64,0x63,0x3a,0x66,0x6f,0x72,0x6d,0x61,0x74,0x3d,0x22,0x69,0x6d,0x61,0x67,0x65,
  0x2f,0x73,0x76,0x67,0x2b,0x78,0x6d,0x6c,0x22,0xa,0x20,0x20,0x20,0x20,0x20,0x20,
  0x20,0x20,0x20,0x64,0x63,0x3a,0x6c,0x61,0x6e,0x67,0x75,0x61,0x67,0x65,0x3d,0x22,
  0x65,0x6e,0x22,0x3e,0xa,0x20,0x20,0x20,0x20,0x20,0x20,0x20,0x20,0x3c,0x64,0x63,
  0x3a,0x63,0x72,0x65,0x61,0x74,0x6f,0x72,0x3e,0xa,0x20,0x20,0x20,0x20,0x20,0x20,
  0x20,0x20,0x20,0x20,0x3c,0x72,0x64,0x66,0x3a,0x42,0x61,0x67,0x3e,0xa,0x20,0x20,
  0x20,0x20,0x20,0x20,0x20,0x20,0x20,0x20,0x20,0x20,0x3c,0x72,0x64,0x66,0x3a,0x6c,
  0x69,0x3e,0x4a,0x65,0x6d,0x69,0x73,0x20,0x4d,0x61,0x6c,0x69,0x3c,0x2f,0x72,0x64,
  0x66,0x3a,0x6c,0x69,0x3e,0xa,0x20,0x20,0x20,0x20,0x20,0x20,0x20,0x20,0x20,0x20,
  0x3c,0x2f,0x72,0x64,0x66,0x3a,0x42,0x61,0x67,0x3e,0xa,0x20,0x20,0x20,0x20,0x20,
  0x20,0x20,0x20,0x3c,0x2f,0x64,0x63,0x3a,0x63,0x72,0x65,0x61,0x74,0x6f,0x72,0x3e,
  0xa,0x20,0x20,0x20,0x20,0x20,0x20,0x3c,0x2f,0x72,0x64,0x66,0x3a,0x44,0x65,0x73,
  0x63,0x72,0x69,0x70,0x74,0x69,0x6f,0x6e,0x3e,0xa,0x20,0x20,0x20,0x20,0x20,0x20,
  0x3c,0x63,0x63,0x3a,0x57,0x6f,0x72,0x6b,0xa,0x20,0x20,0x20,0x20,0x20,0x20,0x20,
  0x20,0x20,0x72,0x64,0x66,0x3a,0x61,0x62,0x6f,0x75,0x74,0x3d,0x22,0x22,0x3e,0xa,
  0x20,0x20,0x20,0x20,0x20,0x20,0x20,0x20,0x3c,0x64,0x63,0x3a,0x66,0x6f,0x72,0x6d,
  0x61,0x74,0x3e,0x69,0x6d,0x61,0x67,0x65,0x2f,0x73,0x76,0x67,0x2b,0x78,0x6d,0x6c,
  0x3c,0x2f,0x64,0x63,0x3a,0x66,0x6f,0x72,0x6d,0x61,0x74,0x3e,0xa,0x20,0x20,0x20,
  0x20,0x20,0x20,0x20,0x20,0x3c,0x64,0x63,0x3a,0x74,0x79,0x70,0x65,0xa,0x20,0x20,
  0x20,0x20,0x20,0x20,0x20,0x20,0x20,0x20,0x20,0x72,0x64,0x66,0x3a,0x72,0x65,0x73,
  0x6f,0x75,0x72,0x63,0x65,0x3d,0x22,0x68,0x74,0x74,0x70,0x3a,0x2f,0x2f,0x70,0x75,
  0x72,0x6c,0x2e,0x6f,0x72,0x67,0x2f,0x64,0x63,0x2f,0x64,0x63,0x6d,0x69,0x74,0x79,
  0x70,0x65,0x2f,0x53,0x74,0x69,0x6c,0x6c,0x49,0x6d,0x61,0x67,0x65,0x22,0x20,0x2f,
  0x3e,0xa,0x20,0x20,0x20,0x20,0x20,0x20,0x20,0x20,0x3c,0x64,0x63,0x3a,0x74,0x69,
  0x74,0x6c,0x65,0x3e,0x3c,0x2f,0x64,0x63,0x3a,0x74,0x69,0x74,0x6c,0x65,0x3e,0xa,
  0x20,0x20,0x20,0x20,0x20,0x20,0x3c,0x2f,0x63,0x63,0x3a,0x57,0x6f,0x72,0x6b,0x3e,
  0xa,0x20,0x20,0x20,0x20,0x3c,0x2f,0x72,0x64,0x66,0x3a,0x52,0x44,0x46,0x3e,0xa,
  0x20,0x20,0x3c,0x2f,0x6d,0x65,0x74,0x61,0x64,0x61,0x74,0x61,0x3e,0xa,0x3c,0x2f,
  0x73,0x76,0x67,0x3e,0xa,
    // detach-button.svg
  0x0,0x0,0x16,0xe9,
  0x3c,
  0x3f,0x78,0x6d,0x6c,0x20,0x76,0x65,0x72,0x73,0x69,0x6f,0x6e,0x3d,0x22,0x31,0x2e,
  0x30,0x22,0x20,0x65,0x6e,0x63,0x6f,0x64,0x69,0x6e,0x67,0x3d,0x22,0x55,0x54,0x46,
  0x2d,0x38,0x22,0x20,0x73,0x74,0x61,0x6e,0x64,0x61,0x6c,0x6f,0x6e,0x65,0x3d,0x22,
  0x6e,0x6f,0x22,0x3f,0x3e,0xa,0x3c,0x73,0x76,0x67,0xa,0x20,0x20,0x20,0x78,0x6d,
  0x6c,0x6e,0x73,0x3a,0x64,0x63,0x3d,0x22,0x68,0x74,0x74,0x70,0x3a,0x2f,0x2f,0x70,
  0x75,0x72,0x6c,0x2e,0x6f,0x72,0x67,0x2f,0x64,0x63,0x2f,0x65,0x6c,0x65,0x6d,0x65,
  0x6e,0x74,0x73,0x2f,0x31,0x2e,0x31,0x2f,0x22,0xa,0x20,0x20,0x20,0x78,0x6d,0x6c,
  0x6e,0x73,0x3a,0x63,0x63,0x3d,0x22,0x68,0x74,0x74,0x70,0x3a,0x2f,0x2f,0x63,0x72,
  0x65,0x61,0x74,0x69,0x76,0x65,0x63,0x6f,0x6d,0x6d,0x6f,0x6e,0x73,0x2e,0x6f,0x72,
  0x67,0x2f,0x6e,0x73,0x23,0x22,0xa,0x20,0x20,0x20,0x78,0x6d,0x6c,0x6e,0x73,0x3a,
  0x72,0x64,0x66,0x3d,0x22,0x68,0x74,0x74,0x70,0x3a,0x2f,0x2f,0x77,0x77,0x77,0x2e,
  0x77,0x33,0x2e,0x6f,0x72,0x67,0x2f,0x31,0x39,0x39,0x39,0x2f,0x30,0x32,0x2f,0x32,
  0x32,0x2d,0x72,0x64,0x66,0x2d,0x73,0x79,0x6e,0x74,0x61,0x78,0x2d,0x6e,0x73,0x23,
  0x22,0xa,0x20,0x20,0x20,0x78,0x6d,0x6c,0x6e,0x73,0x3a,0x73,0x76,0x67,0x3d,0x22,
  0x68,0x74,0x74,0x70,0x3a,0x2f,0x2f,0x77,0x77,0x77,0x2e,0x77,0x33,0x2e,0x6f,0x72,
  0x67,0x2f,0x32,0x30,0x30,0x30,0x2f,0x73,0x76,0x67,0x22,0xa,0x20,0x20,0x20,0x78,
  0x6d,0x6c,0x6e,0x73,0x3d,0x22,0x68,0x74,0x74,0x70,0x3a,0x2f,0x2f,0x77,0x77,0x77,
  0x2e,0x77,0x33,0x2e,0x6f,0x72,0x67,0x2f,0x32,0x30,0x30,0x30,0x2f,0x73,0x76,0x67,
  0x22,0xa,0x20,0x20,0x20,0x78,0x6d,0x6c,0x6e,0x73,0x3a,0x73,0x6f,0x64,0x69,0x70,
  0x6f,0x64,0x69,0x3d,0x22,0x68,0x74,0x74,0x70,0x3a,0x2f,0x2f,0x73,0x6f,0x64,0x69,
  0x70,0x6f,0x64,0x69,0x2e,0x73,0x6f,0x75,0x72,0x63,0x65,0x66,0x6f,0x72,0x67,0x65,
  0x2e,0x6e,0x65,0x74,0x2f,0x44,0x54,0x44,0x2f,0x73,0x6f,0x64,0x69,0x70,0x6f,0x64,
  0x69,0x2d,0x30,0x2e,0x64,0x74,0x64,0x22,0xa,0x20,0x20,0x20,0x78,0x6d,0x6c,0x6e,
  0x73,0x3a,0x69,0x6e,0x6b,0x73,0x63,0x61,0x70,0x65,0x3d,0x22,0x68,0x74,0x74,0x70,
  0x3a,0x2f,0x2f,0x77,0x77,0x77,0x2e,0x69,0x6e,0x6b,0x73,0x63,0x61,0x70,0x65,0x2e,
  0x6f,0x72,0x67,0x2f,0x6e,0x61,0x6d,0x65,0x73,0x70,0x61,0x63,0x65,0x73,0x2f,0x69,
  0x6e,0x6b,0x73,0x63,0x61,0x70,0x65,0x22,0xa,0x20,0x20,0x20,0x77,0x69,0x64,0x74,
  0x68,0x3d,0x22,0x31,0x36,0x70,0x78,0x22,0xa,0x20,0x20,0x20,0x68,0x65,0x69,0x67,
  0x68,0x74,0x3d,0x22,0x31,0x36,0x70,0x78,0x22,0xa,0x20,0x20,0x20,0x76,0x69,0x65,
  0x77,0x42,0x6f,0x78,0x3d,0x22,0x30,0x20,0x30,0x20,0x31,0x36,0x20,0x31,0x36,0x22,
  0xa,0x20,0x20,0x20,0x69,0x64,0x3d,0x22,0x73,0x76,0x67,0x32,0x22,0xa,0x20,0x20,
  0x20,0x76,0x65,0x72,0x73,0x69,0x6f,0x6e,0x3d,0x22,0x31,0x2e,0x31,0x22,0xa,0x20,
  0x20,0x20,0x69,0x6e,0x6b,0x73,0x63,0x61,0x70,0x65,0x3a,0x76,0x65,0x72,0x73,0x69,
  0x6f,0x6e,0x3d,0x22,0x31,0x2e,0x30,0x20,0x28,0x34,0x30,0x33,0x35,0x61,0x34,0x66,
  0x62,0x34,0x39,0x2c,0x20,0x32,0x30,0x32,0x30,0x2d,0x30,0x35,0x2d,0x30,0x31,0x29,
  0x22,0xa,0x20,0x20,0x20,0x73,0x6f,0x64,0x69,0x70,0x6f,0x64,0x69,0x3a,0x64,0x6f,
  0x63,0x6e,0x61,0x6d,0x65,0x3d,0x22,0x64,0x65,0x74,0x61,0x63,0x68,0x2d,0x62,0x75,
  0x74,0x74,0x6f,0x6e,0x2e,0x73,0x76,0x67,0x22,0x3e,0xa,0x20,0x20,0x3c,0x73,0x74,
  0x79,0x6c,0x65,0xa,0x20,0x20,0x20,0x20,0x20,0x69,0x64,0x3d,0x22,0x73,0x74,0x79,
  0x6c,0x65,0x32,0x22,0x3e,0x3c,0x2f,0x73,0x74,0x79,0x6c,0x65,0x3e,0xa,0x20,0x20,
  0x3c,0x64,0x65,0x66,0x73,0xa,0x20,0x20,0x20,0x20,0x20,0x69,0x64,0x3d,0x22,0x64,
  0x65,0x66,0x73,0x34,0x22,0x3e,0xa,0x20,0x20,0x20,0x20,0x3c,0x70,0x61,0x74,0x74,
  0x65,0x72,0x6e,0xa,0x20,0x20,0x20,0x20,0x20,0x20,0x20,0x79,0x3d,0x22,0x30,0x22,
  0xa,0x20,0x20,0x20,0x20,0x20,0x20,0x20,0x78,0x3d,0x22,0x30,0x22,0xa,0x20,0x20,
  0x20,0x20,0x20,0x20,0x20,0x68,0x65,0x69,0x67,0x68,0x74,0x3d,0x22,0x36,0x22,0xa,
  0x20,0x20,0x20,0x20,0x20,0x20,0x20,0x77,0x69,0x64,0x74,0x68,0x3d,0x22,0x36,0x22,
  0xa,0x20,0x20,0x20,0x20,0x20,0x20,0x20,0x70,0x61,0x74,0x74,0x65,0x72,0x6e,0x55,
  0x6e,0x69,0x74,0x73,0x3d,0x22,0x75,0x73,0x65,0x72,0x53,0x70,0x61,0x63,0x65,0x4f,
  0x6e,0x55,0x73,0x65,0x22,0xa,0x20,0x20,0x20,0x20,0x20,0x20,0x20,0x69,0x64,0x3d,
  0x22,0x45,0x4d,0x46,0x68,0x62,0x61,0x73,0x65,0x70,0x61,0x74,0x74,0x65,0x72,0x6e,
  0x22,0x20,0x2f,0x3e,0xa,0x20,0x20,0x20,0x20,0x3c,0x70,0x61,0x74,0x74,0x65,0x72,
  0x6e,0xa,0x20,0x20,0x20,0x20,0x20,0x20,0x20,0x79,0x3d,0x22,0x30,0x22,0xa,0x20,
  0x20,0x20,0x20,0x20,0x20,0x20,0x78,0x3d,0x22,0x30,0x22,0xa,0x20,0x20,0x20,0x20,
  0x20,0x20,0x20,0x68,0x65,0x69,0x67,0x68,0x74,0x3d,0x22,0x36,0x22,0xa,0x20,0x20,
  0x20,0x20,0x20,0x20,0x20,0x77,0x69,0x64,0x74,0x68,0x3d,0x22,0x36,0x22,0xa,0x20,
  0x20,0x20,0x20,0x20,0x20,0x20,0x70,0x61,0x74,0x74,0x65,0x72,0x6e,0x55,0x6e,0x69,
  0x74,0x73,0x3d,0x22,0x75,0x73,0x65,0x72,0x53,0x70,0x61,0x63,0x65,0x4f,0x6e,0x55,
  0x73,0x65,0x22,0xa,0x20,0x20,0x20,0x20,0x20,0x20,0x20,0x69,0x64,0x3d,0x22,0x45,
  0x4d,0x46,0x68,0x62,0x61,0x73,0x65,0x70,0x61,0x74,0x74,0x65,0x72,0x6e,0x2d,0x34,
  0x22,0x20,0x2f,0x3e,0xa,0x20,0x20,0x20,0x20,0x3c,0x70,0x61,0x74,0x74,0x65,0x72,
  0x6e,0xa,0x20,0x20,0x20,0x20,0x20,0x20,0x20,0x79,0x3d,0x22,0x30,0x22,0xa,0x20,
  0x20,0x20,0x20,0x20,0x20,0x20,0x78,0x3d,0x22,0x30,0x22,0xa,0x20,0x20,0x20,0x20,
  0x20,0x20,0x20,0x68,0x65,0x69,0x67,0x68,0x74,0x3d,0x22,0x36,0x22,0xa,0x20,0x20,
  0x20,0x20,0x20,0x20,0x20,0x77,0x69,0x64,0x74,0x68,0x3d,0x22,0x36,0x22,0xa,0x20,
  0x20,0x20,0x20,0x20,0x20,0x20,0x70,0x61,0x74,0x74,0x65,0x72,0x6e,0x55,0x6e,0x69,
  0x74,0x73,0x3d,0x22,0x75,0x73,0x65,0x72,0x53,0x70,0x61,0x63,0x65,0x4f,0x6e,0x55,
  0x73,0x65,0x22,0xa,0x20,0x20,0x20,0x20,0x20,0x20,0x20,0x69,0x64,0x3d,0x22,0x45,
  0x4d,0x46,0x68,0x62,0x61,0x73,0x65,0x70,0x61,0x74,0x74,0x65,0x72,0x6e,0x2d,0x33,
  0x22,0x20,0x2f,0x3e,0xa,0x20,0x20,0x20,0x20,0x3c,0x70,0x61,0x74,0x74,0x65,0x72,
  0x6e,0xa,0x20,0x20,0x20,0x20,0x20,0x20,0x20,0x79,0x3d,0x22,0x30,0x22,0xa,0x20,
  0x20,0x20,0x20,0x20,0x20,0x20,0x78,0x3d,0x22,0x30,0x22,0xa,0x20,0x20,0x20,0x20,
  0x20,0x20,0x20,0x68,0x65,0x69,0x67,0x68,0x74,0x3d,0x22,0x36,0x22,0xa,0x20,0x20,
  0x20,0x20,0x20,0x20,0x20,0x77,0x69,0x64,0x74,0x68,0x3d,0x22,0x36,0x22,0xa,0x20,
  0x20,0x20,0x20,0x20,0x20,0x20,0x70,0x61,0x74,0x74,0x65,0x72,0x6e,0x55,0x6e,0x69,
  0x74,0x73,0x3d,0x22,0x75,0x73,0x65,0x72,0x53,0x70,0x61,0x63,0x65,0x4f,0x6e,0x55,
  0x73,0x65,0x22,0xa,0x20,0x20,0x20,0x20,0x20,0x20,0x20,0x69,0x64,0x3d,0x22,0x45,
  0x4d,0x46,0x68,0x62,0x61,0x73,0x65,0x70,0x61,0x74,0x74,0x65,0x72,0x6e,0x2d,0x38,
  0x22,0x20,0x2f,0x3e,0xa,0x20,0x20,0x20,0x20,0x3c,0x70,0x61,0x74,0x74,0x65,0x72,
  0x6e,0xa,0x20,0x20,0x20,0x20,0x20,0x20,0x20,0x79,0x3d,0x22,0x30,0x22,0xa,0x20,
  0x20,0x20,0x20,0x20,0x20,0x20,0x78,0x3d,0x22,0x30,0x22,0xa,0x20,0x20,0x20,0x20,
  0x20,0x20,0x20,0x68,0x65,0x69,0x67,0x68,0x74,0x3d,0x22,0x36,0x22,0xa,0x20,0x20,
  0x20,0x20,0x20,0x20,0x20,0x77,0x69,0x64,0x74,0x68,0x3d,0x22,0x36,0x22,0xa,0x20,
  0x20,0x20,0x20,0x20,0x20,0x20,0x70,0x61,0x74,0x74,0x65,0x72,0x6e,0x55,0x6e,0x69,
  0x74,0x73,0x3d,0x22,0x75,0x73,0x65,0x72,0x53,0x70,0x61,0x63,0x65,0x4f,0x6e,0x55,
  0x73,0x65,0x22,0xa,0x20,0x20,0x20,0x20,0x20,0x20,0x20,0x69,0x64,0x3d,0x22,0x45,
  0x4d,0x46,0x68,0x62,0x61,0x73,0x65,0x70,0x61,0x74,0x74,0x65,0x72,0x6e,0x2d,0x32,
  0x22,0x20,0x2f,0x3e,0xa,0x20,0x20,0x20,0x20,0x3c,0x70,0x61,0x74,0x74,0x65,0x72,
  0x6e,0xa,0x20,0x20,0x20,0x20,0x20,0x20,0x20,0x79,0x3d,0x22,0x30,0x22,0xa,0x20,
  0x20,0x20,0x20,0x20,0x20,0x20,0x78,0x3d,0x22,0x30,0x22,0xa,0x20,0x20,0x20,0x20,
  0x20,0x20,0x20,0x68,0x65,0x69,0x67,0x68,0x74,0x3d,0x22,0x36,0x22,0xa,0x20,0x20,
  0x20,0x20,0x20,0x20,0x20,0x77,0x69,0x64,0x74,0x68,0x3d,0x22,0x36,0x22,0xa,0x20,
  0x20,0x20,0x20,0x20,0x20,0x20,0x70,0x61,0x74,0x74,0x65,0x72,0x6e,0x55,0x6e,0x69,
  0x74,0x73,0x3d,0x22,0x75,0x73,0x65,0x72,0x53,0x70,0x61,0x63,0x65,0x4f,0x6e,0x55,
  0x73,0x65,0x22,0xa,0x20,0x20,0x20,0x20,0x20,0x20,0x20,0x69,0x64,0x3d,0x22,0x45,
  0x4d,0x46,0x68,0x62,0x61,0x73,0x65,0x70,0x61,0x74,0x74,0x65,0x72,0x6e,0x2d,0x39,
  0x22,0x20,0x2f,0x3e,0xa,0x20,0x20,0x20,0x20,0x3c,0x70,0x61,0x74,0x74,0x65,0x72,
  0x6e,0xa,0x20,0x20,0x20,0x20,0x20,0x20,0x20,0x79,0x3d,0x22,0x30,0x22,0xa,0x20,
  0x20,0x20,0x20,0x20,0x20,0x20,0x78,0x3d,0x22,0x30,0x22,0xa,0x20,0x20,0x20,0x20,
  0x20,0x20,0x20,0x68,0x65,0x69,0x67,0x68,0x74,0x3d,0x22,0x36,0x22,0xa,0x20,0x20,
  0x20,0x20,0x20,0x20,0x20,0x77,0x69,0x64,0x74,0x68,0x3d,0x22,0x36,0x22,0xa,0x20,
  0x20,0x20,0x20,0x20,0x20,0x20,0x70,0x61,0x74,0x74,0x65,0x72,0x6e,0x55,0x6e,0x69,
  0x74,0x73,0x3d,0x22,0x75,0x73,0x65,0x72,0x53,0x70,0x61,0x63,0x65,0x4f,0x6e,0x55,
  0x73,0x65,0x22,0xa,0x20,0x20,0x20,0x20,0x20,0x20,0x20,0x69,0x64,0x3d,0x22,0x45,
  0x4d,0x46,0x68,0x62,0x61,0x73,0x65,0x70,0x61,0x74,0x74,0x65,0x72,0x6e,0x2d,0x34,
  0x2d,0x38,0x22,0x20,0x2f,0x3e,0xa,0x20,0x20,0x20,0x20,0x3c,0x70,0x61,0x74,0x74,
  0x65,0x72,0x6e,0xa,0x20,0x20,0x20,0x20,0x20,0x20,0x20,0x79,0x3d,0x22,0x30,0x22,
  0xa,0x20,0x20,0x20,0x20,0x20,0x20,0x20,0x78,0x3d,0x22,0x30,0x22,0xa,0x20,0x20,
  0x20,0x20,0x20,0x20,0x20,0x68,0x65,0x69,0x67,0x68,0x74,0x3d,0x22,0x36,0x22,0xa,
  0x20,0x20,0x20,0x20,0x20,0x20,0x20,0x77,0x69,0x64,0x74,0x68,0x3d,0x22,0x36,0x22,
  0xa,0x20,0x20,0x20,0x20,0x20,0x20,0x20,0x70,0x61,0x74,0x74,0x65,0x72,0x6e,0x55,
  0x6e,0x69,0x74,0x73,0x3d,0x22,0x75,0x73,0x65,0x72,0x53,0x70,0x61,0x63,0x65,0x4f,
  0x6e,0x55,0x73,0x65,0x22,0xa,0x20,0x20,0x20,0x20,0x20,0x20,0x20,0x69,0x64,0x3d,
  0x22,0x45,0x4d,0x46,0x68,0x62,0x61,0x73,0x65,0x70,0x61,0x74,0x74,0x65,0x72,0x6e,
  0x2d,0x33,0x2d,0x37,0x22,0x20,0x2f,0x3e,0xa,0x20,0x20,0x20,0x20,0x3c,0x70,0x61,
  0x74,0x74,0x65,0x72,0x6e,0xa,0x20,0x20,0x20,0x20,0x20,0x20,0x20,0x79,0x3d,0x22,
  0x30,0x22,0xa,0x20,0x20,0x20,0x20,0x20,0x20,0x20,0x78,0x3d,0x22,0x30,0x22,0xa,
  0x20,0x20,0x20,0x20,0x20,0x20,0x20,0x68,0x65,0x69,0x67,0x68,0x74,0x3d,0x22,0x36,
  0x22,0xa,0x20,0x20,0x20,0x20,0x20,0x20,0x20,0x77,0x69,0x64,0x74,0x68,0x3d,0x22,
  0x36,0x22,0xa,0x20,0x20,0x20,0x20,0x20,0x20,0x20,0x70,0x61,0x74,0x74,0x65,0x72,
  0x6e,0x55,0x6e,0x69,0x74,0x73,0x3d,0x22,0x75,0x73,0x65,0x72,0x53,0x70,0x61,0x63,
  0x65,0x4f,0x6e,0x55,0x73,0x65,0x22,0xa,0x20,0x20,0x20,0x20,0x20,0x20,0x20,0x69,
  0x64,0x3d,0x22,0x45,0x4d,0x46,0x68,0x62,0x61,0x73,0x65,0x70,0x61,0x74,0x74,0x65,
  0x72,0x6e,0x2d,0x38,0x2d,0x30,0x22,0x20,0x2f,0x3e,0xa,0x20,0x20,0x3c,0x2f,0x64,
  0x65,0x66,0x73,0x3e,0xa,0x20,0x20,0x3c,0x73,0x6f,0x64,0x69,0x70,0x6f,0x64,0x69,
  0x3a,0x6e,0x61,0x6d,0x65,0x64,0x76,0x69,0x65,0x77,0xa,0x20,0x20,0x20,0x20,0x20,
  0x69,0x64,0x3d,0x22,0x62,0x61,0x73,0x65,0x22,0xa,0x20,0x20,0x20,0x20,0x20,0x70,
  0x61,0x67,0x65,0x63,0x6f,0x6c,0x6f,0x72,0x3d,0x22,0x23,0x66,0x66,0x66,0x66,0x66,
  0x66,0x22,0xa,0x20,0x20,0x20,0x20,0x20,0x62,0x6f,0x72,0x64,0x65,0x72,0x63,0x6f,
  0x6c,0x6f,0x72,0x3d,0x22,0x23,0x36,0x36,0x36,0x36,0x36,0x36,0x22,0xa,0x20,0x20,
  0x20,0x20,0x20,0x62,0x6f,0x72,0x64,0x65,0x72,0x6f,0x70,0x61,0x63,0x69,0x74,0x79,
  0x3d,0x22,0x31,0x2e,0x30,0x22,0xa,0x20,0x20,0x20,0x20,0x20,0x69,0x6e,0x6b,0x73,
  0x63,0x61,0x70,0x65,0x3a,0x70,0x61,0x67,0x65,0x6f,0x70,0x61,0x63,0x69,0x74,0x79,
  0x3d,0x22,0x30,0x2e,0x30,0x22,0xa,0x20,0x20,0x20,0x20,0x20,0x69,0x6e,0x6b,0x73,
  0x63,0x61,0x70,0x65,0x3a,0x70,0x61,0x67,0x65,0x73,0x68,0x61,0x64,0x6f,0x77,0x3d,
  0x22,0x32,0x22,0xa,0x20,0x20,0x20,0x20,0x20,0x69,0x6e,0x6b,0x73,0x63,0x61,0x70,
  0x65,0x3a,0x7a,0x6f,0x6f,0x6d,0x3d,0x22,0x32,0x32,0x2e,0x36,0x32,0x37,0x34,0x31,
  0x37,0x22,0xa,0x20,0x20,0x20,0x20,0x20,0x69,0x6e,0x6b,0x73,0x63,0x61,0x70,0x65,
  0x3a,0x63,0x78,0x3d,0x22,0x36,0x2e,0x32,0x33,0x31,0x36,0x38,0x38,0x39,0x22,0xa,
  0x20,0x20,0x20,0x20,0x20,0x69,0x6e,0x6b,0x73,0x63,0x61,0x70,0x65,0x3a,0x63,0x79,
  0x3d,0x22,0x31,0x32,0x2e,0x37,0x33,0x34,0x39,0x36,0x38,0x22,0xa,0x20,0x20,0x20,
  0x20,0x20,0x69,0x6e,0x6b,0x73,0x63,0x61,0x70,0x65,0x3a,0x64,0x6f,0x63,0x75,0x6d,
  0x65,0x6e,0x74,0x2d,0x75,0x6e,0x69,0x74,0x73,0x3d,0x22,0x70,0x78,0x22,0xa,0x20,
  0x20,0x20,0x20,0x20,0x69,0x6e,0x6b,0x73,0x63,0x61,0x70,0x65,0x3a,0x63,0x75,0x72,
  0x72,0x65,0x6e,0x74,0x2d,0x6c,0x61,0x79,0x65,0x72,0x3d,0x22,0x67,0x35,0x32,0x32,
  0x38,0x22,0xa,0x20,0x20,0x20,0x20,0x20,0x73,0x68,0x6f,0x77,0x67,0x72,0x69,0x64,
  0x3d,0x22,0x74,0x72,0x75,0x65,0x22,0xa,0x20,0x20,0x20,0x20,0x20,0x75,0x6e,0x69,
  0x74,0x73,0x3d,0x22,0x70,0x78,0x22,0xa,0x20,0x20,0x20,0x20,0x20,0x69,0x6e,0x6b,
  0x73,0x63,0x61,0x70,0x65,0x3a,0x77,0x69,0x6e,0x64,0x6f,0x77,0x2d,0x77,0x69,0x64,
  0x74,0x68,0x3d,0x22,0x31,0x39,0x32,0x30,0x22,0xa,0x20,0x20,0x20,0x20,0x20,0x69,
  0x6e,0x6b,0x73,0x63,0x61,0x70,0x65,0x3a,0x77,0x69,0x6e,0x64,0x6f,0x77,0x2d,0x68,
  0x65,0x69,0x67,0x68,0x74,0x3d,0x22,0x31,0x30,0x31,0x37,0x22,0xa,0x20,0x20,0x20,
  0x20,0x20,0x69,0x6e,0x6b,0x73,0x63,0x61,0x70,0x65,0x3a,0x77,0x69,0x6e,0x64,0x6f,
  0x77,0x2d,0x78,0x3d,0x22,0x31,0x39,0x31,0x32,0x22,0xa,0x20,0x20,0x20,0x20,0x20,
  0x69,0x6e,0x6b,0x73,0x63,0x61,0x70,0x65,0x3a,0x77,0x69,0x6e,0x64,0x6f,0x77,0x2d,
  0x79,0x3d,0x22,0x2d,0x38,0x22,0xa,0x20,0x20,0x20,0x20,0x20,0x69,0x6e,0x6b,0x73,
  0x63,0x61,0x70,0x65,0x3a,0x77,0x69,0x6e,0x64,0x6f,0x77,0x2d,0x6d,0x61,0x78,0x69,
  0x6d,0x69,0x7a,0x65,0x64,0x3d,0x22,0x31,0x22,0xa,0x20,0x20,0x20,0x20,0x20,0x69,
  0x6e,0x6b,0x73,0x63,0x61,0x70,0x65,0x3a,0x73,0x6e,0x61,0x70,0x2d,0x62,0x62,0x6f,
  0x78,0x3d,0x22,0x74,0x72,0x75,0x65,0x22,0xa,0x20,0x20,0x20,0x20,0x20,0x69,0x6e,
  0x6b,0x73,0x63,0x61,0x70,0x65,0x3a,0x62,0x62,0x6f,0x78,0x2d,0x70,0x61,0x74,0x68,
  0x73,0x3d,0x22,0x74,0x72,0x75,0x65,0x22,0xa,0x20,0x20,0x20,0x20,0x20,0x69,0x6e,
  0x6b,0x73,0x63,0x61,0x70,0x65,0x3a,0x62,0x62,0x6f,0x78,0x2d,0x6e,0x6f,0x64,0x65,
  0x73,0x3d,0x22,0x74,0x72,0x75,0x65,0x22,0xa,0x20,0x20,0x20,0x20,0x20,0x69,0x6e,
  0x6b,0x73,0x63,0x61,0x70,0x65,0x3a,0x73,0x6e,0x61,0x70,0x2d,0x62,0x62,0x6f,0x78,
  0x2d,0x65,0x64,0x67,0x65,0x2d,0x6d,0x69,0x64,0x70,0x6f,0x69,0x6e,0x74,0x73,0x3d,
  0x22,0x74,0x72,0x75,0x65,0x22,0xa,0x20,0x20,0x20,0x20,0x20,0x69,0x6e,0x6b,0x73,
  0x63,0x61,0x70,0x65,0x3a,0x73,0x6e,0x61,0x70,0x2d,0x62,0x62,0x6f,0x78,0x2d,0x6d,
  0x69,0x64,0x70,0x6f,0x69,0x6e,0x74,0x73,0x3d,0x22,0x74,0x72,0x75,0x65,0x22,0xa,
  0x20,0x20,0x20,0x20,0x20,0x69,0x6e,0x6b,0x73,0x63,0x61,0x70,0x65,0x3a,0x73,0x6e,
  0x61,0x70,0x2d,0x67,0x6c,0x6f,0x62,0x61,0x6c,0x3d,0x22,0x74,0x72,0x75,0x65,0x22,
  0xa,0x20,0x20,0x20,0x20,0x20,0x69,0x6e,0x6b,0x73,0x63,0x61,0x70,0x65,0x3a,0x64,
  0x6f,0x63,0x75,0x6d,0x65,0x6e,0x74,0x2d,0x72,0x6f,0x74,0x61,0x74,0x69,0x6f,0x6e,
  0x3d,0x22,0x30,0x22,0xa,0x20,0x20,0x20,0x20,0x20,0x73,0x68,0x6f,0x77,0x67,0x75,
  0x69,0x64,0x65,0x73,0x3d,0x22,0x74,0x72,0x75,0x65,0x22,0xa,0x20,0x20,0x20,0x20,
  0x20,0x69,0x6e,0x6b,0x73,0x63,0x61,0x70,0x65,0x3a,0x67,0x75,0x69,0x64,0x65,0x2d,
  0x62,0x62,0x6f,0x78,0x3d,0x22,0x74,0x72,0x75,0x65,0x22,0x3e,0xa,0x20,0x20,0x20,
  0x20,0x3c,0x69,0x6e,0x6b,0x73,0x63,0x61,0x70,0x65,0x3a,0x67,0x72,0x69,0x64,0xa,
  0x20,0x20,0x20,0x20,0x20,0x20,0x20,0x74,0x79,0x70,0x65,0x3d,0x22,0x78,0x79,0x67,
  0x72,0x69,0x64,0x22,0xa,0x20,0x20,0x20,0x20,0x20,0x20,0x20,0x69,0x64,0x3d,0x22,
  0x67,0x72,0x69,0x64,0x33,0x33,0x33,0x36,0x22,0x20,0x2f,0x3e,0xa,0x20,0x20,0x20,
  0x20,0x3c,0x73,0x6f,0x64,0x69,0x70,0x6f,0x64,0x69,0x3a,0x67,0x75,0x69,0x64,0x65,
  0xa,0x20,0x20,0x20,0x20,0x20,0x20,0x20,0x70,0x6f,0x73,0x69,0x74,0x69,0x6f,0x6e,
  0x3d,0x22,0x34,0x2c,0x31,0x30,0x22,0xa,0x20,0x20,0x20,0x20,0x20,0x20,0x20,0x6f,
  0x72,0x69,0x65,0x6e,0x74,0x61,0x74,0x69,0x6f,0x6e,0x3d,0x22,0x31,0x2c,0x30,0x22,
  0xa,0x20,0x20,0x20,0x20,0x20,0x20,0x20,0x69,0x64,0x3d,0x22,0x67,0x75,0x69,0x64,
  0x65,0x38,0x38,0x33,0x22,0x20,0x2f,0x3e,0xa,0x20,0x20,0x20,0x20,0x3c,0x73,0x6f,
  0x64,0x69,0x70,0x6f,0x64,0x69,0x3a,0x67,0x75,0x69,0x64,0x65,0xa,0x20,0x20,0x20,
  0x20,0x20,0x20,0x20,0x70,0x6f,0x73,0x69,0x74,0x69,0x6f,0x6e,0x3d,0x22,0x31,0x30,
  0x2c,0x31,0x32,0x22,0xa,0x20,0x20,0x20,0x20,0x20,0x20,0x20,0x6f,0x72,0x69,0x65,
  0x6e,0x74,0x61,0x74,0x69,0x6f,0x6e,0x3d,0x22,0x30,0x2c,0x2d,0x31,0x22,0xa,0x20,
  0x20,0x20,0x20,0x20,0x20,0x20,0x69,0x64,0x3d,0x22,0x67,0x75,0x69,0x64,0x65,0x38,
  0x38,0x35,0x22,0x20,0x2f,0x3e,0xa,0x20,0x20,0x20,0x20,0x3c,0x73,0x6f,0x64,0x69,
  0x70,0x6f,0x64,0x69,0x3a,0x67,0x75,0x69,0x64,0x65,0xa,0x20,0x20,0x20,0x20,0x20,
  0x20,0x20,0x70,0x6f,0x73,0x69,0x74,0x69,0x6f,0x6e,0x3d,0x22,0x31,0x32,0x2c,0x32,
  0x22,0xa,0x20,0x20,0x20,0x20,0x20,0x20,0x20,0x6f,0x72,0x69,0x65,0x6e,0x74,0x61,
  0x74,0x69,0x6f,0x6e,0x3d,0x22,0x31,0x2c,0x30,0x22,0xa,0x20,0x20,0x20,0x20,0x20,
  0x20,0x20,0x69,0x64,0x3d,0x22,0x67,0x75,0x69,0x64,0x65,0x38,0x38,0x37,0x22,0x20,
  0x2f,0x3e,0xa,0x20,0x20,0x20,0x20,0x3c,0x73,0x6f,0x64,0x69,0x70,0x6f,0x64,0x69,
  0x3a,0x67,0x75,0x69,0x64,0x65,0xa,0x20,0x20,0x20,0x20,0x20,0x20,0x20,0x70,0x6f,
  0x73,0x69,0x74,0x69,0x6f,0x6e,0x3d,0x22,0x31,0x34,0x2c,0x34,0x22,0xa,0x20,0x20,
  0x20,0x20,0x20,0x20,0x20,0x6f,0x72,0x69,0x65,0x6e,0x74,0x61,0x74,0x69,0x6f,0x6e,
  0x3d,0x22,0x30,0x2c,0x2d,0x31,0x22,0xa,0x20,0x20,0x20,0x20,0x20,0x20,0x20,0x69,
  0x64,0x3d,0x22,0x67,0x75,0x69,0x64,0x65,0x38,0x38,0x39,0x22,0x20,0x2f,0x3e,0xa,
  0x20,0x20,0x3c,0x2f,0x73,0x6f,0x64,0x69,0x70,0x6f,0x64,0x69,0x3a,0x6e,0x61,0x6d,
  0x65,0x64,0x76,0x69,0x65,0x77,0x3e,0xa,0x20,0x20,0x3c,0x67,0xa,0x20,0x20,0x20,
  0x20,0x20,0x69,0x6e,0x6b,0x73,0x63,0x61,0x70,0x65,0x3a,0x6c,0x61,0x62,0x65,0x6c,
  0x3d,0x22,0x4c,0x61,0x79,0x65,0x72,0x20,0x31,0x22,0xa,0x20,0x20,0x20,0x20,0x20,
  0x69,0x6e,0x6b,0x73,0x63,0x61,0x70,0x65,0x3a,0x67,0x72,0x6f,0x75,0x70,0x6d,0x6f,
  0x64,0x65,0x3d,0x22,0x6c,0x61,0x79,0x65,0x72,0x22,0xa,0x20,0x20,0x20,0x20,0x20,
  0x69,0x64,0x3d,0x22,0x6c,0x61,0x79,0x65,0x72,0x31,0x22,0xa,0x20,0x20,0x20,0x20,
  0x20,0x74,0x72,0x61,0x6e,0x73,0x66,0x6f,0x72,0x6d,0x3d,0x22,0x74,0x72,0x61,0x6e,
  0x73,0x6c,0x61,0x74,0x65,0x28,0x30,0x2c,0x2d,0x31,0x30,0x33,0x36,0x2e,0x33,0x36,
  0x32,0x32,0x29,0x22,0x3e,0xa,0x20,0x20,0x20,0x20,0x3c,0x67,0xa,0x20,0x20,0x20,
  0x20,0x20,0x20,0x20,0x74,0x72,0x61,0x6e,0x73,0x66,0x6f,0x72,0x6d,0x3d,0x22,0x74,
  0x72,0x61,0x6e,0x73,0x6c,0x61,0x74,0x65,0x28,0x36,0x32,0x38,0x2c,0x2d,0x31,0x34,
  0x30,0x2e,0x34,0x39,0x39,0x39,0x38,0x29,0x22,0xa,0x20,0x20,0x20,0x20,0x20,0x20,
  0x20,0x69,0x64,0x3d,0x22,0x67,0x35,0x32,0x32,0x38,0x22,0x3e,0xa,0x20,0x20,0x20,
  0x20,0x20,0x20,0x3c,0x70,0x61,0x74,0x68,0xa,0x20,0x20,0x20,0x20,0x20,0x20,0x20,
  0x20,0x20,0x69,0x64,0x3d,0x22,0x70,0x61,0x74,0x68,0x38,0x39,0x33,0x22,0xa,0x20,
  0x20,0x20,0x20,0x20,0x20,0x20,0x20,0x20,0x73,0x74,0x79,0x6c,0x65,0x3d,0x22,0x63,
  0x6f,0x6c,0x6f,0x72,0x3a,0x23,0x30,0x30,0x30,0x30,0x30,0x30,0x3b,0x66,0x6f,0x6e,
  0x74,0x2d,0x73,0x74,0x79,0x6c,0x65,0x3a,0x6e,0x6f,0x72,0x6d,0x61,0x6c,0x3b,0x66,
  0x6f,0x6e,0x74,0x2d,0x76,0x61,0x72,0x69,0x61,0x6e,0x74,0x3a,0x6e,0x6f,0x72,0x6d,
  0x61,0x6c,0x3b,0x66,0x6f,0x6e,0x74,0x2d,0x77,0x65,0x69,0x67,0x68,0x74,0x3a,0x6e,
  0x6f,0x72,0x6d,0x61,0x6c,0x3b,0x66,0x6f,0x6e,0x74,0x2d,0x73,0x74,0x72,0x65,0x74,
  0x63,0x68,0x3a,0x6e,0x6f,0x72,0x6d,0x61,0x6c,0x3b,0x66,0x6f,0x6e,0x74,0x2d,0x73,
  0x69,0x7a,0x65,0x3a,0x6d,0x65,0x64,0x69,0x75,0x6d,0x3b,0x6c,0x69,0x6e,0x65,0x2d,
  0x68,0x65,0x69,0x67,0x68,0x74,0x3a,0x6e,0x6f,0x72,0x6d,0x61,0x6c,0x3b,0x66,0x6f,
  0x6e,0x74,0x2d,0x66,0x61,0x6d,0x69,0x6c,0x79,0x3a,0x73,0x61,0x6e,0x73,0x2d,0x73,
  0x65,0x72,0x69,0x66,0x3b,0x66,0x6f,0x6e,0x74,0x2d,0x76,0x61,0x72,0x69,0x61,0x6e,
  0x74,0x2d,0x6c,0x69,0x67,0x61,0x74,0x75,0x72,0x65,0x73,0x3a,0x6e,0x6f,0x72,0x6d,
  0x61,0x6c,0x3b,0x66,0x6f,0x6e,0x74,0x2d,0x76,0x61,0x72,0x69,0x61,0x6e,0x74,0x2d,
  0x70,0x6f,0x73,0x69,0x74,0x69,0x6f,0x6e,0x3a,0x6e,0x6f,0x72,0x6d,0x61,0x6c,0x3b,
  0x66,0x6f,0x6e,0x74,0x2d,0x76,0x61,0x72,0x69,0x61,0x6e,0x74,0x2d,0x63,0x61,0x70,
  0x73,0x3a,0x6e,0x6f,0x72,0x6d,0x61,0x6c,0x3b,0x66,0x6f,0x6e,0x74,0x2d,0x76,0x61,
  0x72,0x69,0x61,0x6e,0x74,0x2d,0x6e,0x75,0x6d,0x65,0x72,0x69,0x63,0x3a,0x6e,0x6f,
  0x72,0x6d,0x61,0x6c,0x3b,0x66,0x6f,0x6e,0x74,0x2d,0x76,0x61,0x72,0x69,0x61,0x6e,
  0x74,0x2d,0x61,0x6c,0x74,0x65,0x72,0x6e,0x61,0x74,0x65,0x73,0x3a,0x6e,0x6f,0x72,
  0x6d,0x61,0x6c,0x3b,0x66,0x6f,0x6e,0x74,0x2d,0x76,0x61,0x72,0x69,0x61,0x6e,0x74,
  0x2d,0x65,0x61,0x73,0x74,0x2d,0x61,0x73,0x69,0x61,0x6e,0x3a,0x6e,0x6f,0x72,0x6d,
  0x61,0x6c,0x3b,0x66,0x6f,0x6e,0x74,0x2d,0x66,0x65,0x61,0x74,0x75,0x72,0x65,0x2d,
  0x73,0x65,0x74,0x74,0x69,0x6e,0x67,0x73,0x3a,0x6e,0x6f,0x72,0x6d,0x61,0x6c,0x3b,
  0x66,0x6f,0x6e,0x74,0x2d,0x76,0x61,0x72,0x69,0x61,0x74,0x69,0x6f,0x6e,0x2d,0x73,
  0x65,0x74,0x74,0x69,0x6e,0x67,0x73,0x3a,0x6e,0x6f,0x72,0x6d,0x61,0x6c,0x3b,0x74,
  0x65,0x78,0x74,0x2d,0x69,0x6e,0x64,0x65,0x6e,0x74,0x3a,0x30,0x3b,0x74,0x65,0x78,
  0x74,0x2d,0x61,0x6c,0x69,0x67,0x6e,0x3a,0x73,0x74,0x61,0x72,0x74,0x3b,0x74,0x65,
  0x78,0x74,0x2d,0x64,0x65,0x63,0x6f,0x72,0x61,0x74,0x69,0x6f,0x6e,0x3a,0x6e,0x6f,
  0x6e,0x65,0x3b,0x74,0x65,0x78,0x74,0x2d,0x64,0x65,0x63,0x6f,0x72,0x61,0x74,0x69,
  0x6f,0x6e,0x2d,0x6c,0x69,0x6e,0x65,0x3a,0x6e,0x6f,0x6e,0x65,0x3b,0x74,0x65,0x78,
  0x74,0x2d,0x64,0x65,0x63,0x6f,0x72,0x61,0x74,0x69,0x6f,0x6e,0x2d,0x73,0x74,0x79,
  0x6c,0x65,0x3a,0x73,0x6f,0x6c,0x69,0x64,0x3b,0x74,0x65,0x78,0x74,0x2d,0x64,0x65,
  0x63,0x6f,0x72,0x61,0x74,0x69,0x6f,0x6e,0x2d,0x63,0x6f,0x6c,0x6f,0x72,0x3a,0x23,
  0x30,0x30,0x30,0x30,0x30,0x30,0x3b,0x6c,0x65,0x74,0x74,0x65,0x72,0x2d,0x73,0x70,
  0x61,0x63,0x69,0x6e,0x67,0x3a,0x6e,0x6f,0x72,0x6d,0x61,0x6c,0x3b,0x77,0x6f,0x72,
  0x64,0x2d,0x73,0x70,0x61,0x63,0x69,0x6e,0x67,0x3a,0x6e,0x6f,0x72,0x6d,0x61,0x6c,
  0x3b,0x74,0x65,0x78,0x74,0x2d,0x74,0x72,0x61,0x6e,0x73,0x66,0x6f,0x72,0x6d,0x3a,
  0x6e,0x6f,0x6e,0x65,0x3b,0x77,0x72,0x69,0x74,0x69,0x6e,0x67,0x2d,0x6d,0x6f,0x64,
  0x65,0x3a,0x6c,0x72,0x2d,0x74,0x62,0x3b,0x64,0x69,0x72,0x65,0x63,0x74,0x69,0x6f,
  0x6e,0x3a,0x6c,0x74,0x72,0x3b,0x74,0x65,0x78,0x74,0x2d,0x6f,0x72,0x69,0x65,0x6e,
  0x74,0x61,0x74,0x69,0x6f,0x6e,0x3a,0x6d,0x69,0x78,0x65,0x64,0x3b,0x64,0x6f,0x6d,
  0x69,0x6e,0x61,0x6e,0x74,0x2d,0x62,0x61,0x73,0x65,0x6c,0x69,0x6e,0x65,0x3a,0x61,
  0x75,0x74,0x6f,0x3b,0x62,0x61,0x73,0x65,0x6c,0x69,0x6e,0x65,0x2d,0x73,0x68,0x69,
  0x66,0x74,0x3a,0x62,0x61,0x73,0x65,0x6c,0x69,0x6e,0x65,0x3b,0x74,0x65,0x78,0x74,
  0x2d,0x61,0x6e,0x63,0x68,0x6f,0x72,0x3a,0x73,0x74,0x61,0x72,0x74,0x3b,0x77,0x68,
  0x69,0x74,0x65,0x2d,0x73,0x70,0x61,0x63,0x65,0x3a,0x6e,0x6f,0x72,0x6d,0x61,0x6c,
  0x3b,0x73,0x68,0x61,0x70,0x65,0x2d,0x70,0x61,0x64,0x64,0x69,0x6e,0x67,0x3a,0x30,
  0x3b,0x73,0x68,0x61,0x70,0x65,0x2d,0x6d,0x61,0x72,0x67,0x69,0x6e,0x3a,0x30,0x3b,
  0x69,0x6e,0x6c,0x69,0x6e,0x65,0x2d,0x73,0x69,0x7a,0x65,0x3a,0x30,0x3b,0x63,0x6c,
  0x69,0x70,0x2d,0x72,0x75,0x6c,0x65,0x3a,0x6e,0x6f,0x6e,0x7a,0x65,0x72,0x6f,0x3b,
  0x64,0x69,0x73,0x70,0x6c,0x61,0x79,0x3a,0x69,0x6e,0x6c,0x69,0x6e,0x65,0x3b,0x6f,
  0x76,0x65,0x72,0x66,0x6c,0x6f,0x77,0x3a,0x76,0x69,0x73,0x69,0x62,0x6c,0x65,0x3b,
  0x76,0x69,0x73,0x69,0x62,0x69,0x6c,0x69,0x74,0x79,0x3a,0x76,0x69,0x73,0x69,0x62,
  0x6c,0x65,0x3b,0x6f,0x70,0x61,0x63,0x69,0x74,0x79,0x3a,0x31,0x3b,0x69,0x73,0x6f,
  0x6c,0x61,0x74,0x69,0x6f,0x6e,0x3a,0x61,0x75,0x74,0x6f,0x3b,0x6d,0x69,0x78,0x2d,
  0x62,0x6c,0x65,0x6e,0x64,0x2d,0x6d,0x6f,0x64,0x65,0x3a,0x6e,0x6f,0x72,0x6d,0x61,
  0x6c,0x3b,0x63,0x6f,0x6c,0x6f,0x72,0x2d,0x69,0x6e,0x74,0x65,0x72,0x70,0x6f,0x6c,
  0x61,0x74,0x69,0x6f,0x6e,0x3a,0x73,0x52,0x47,0x42,0x3b,0x63,0x6f,0x6c,0x6f,0x72,
  0x2d,0x69,0x6e,0x74,0x65,0x72,0x70,0x6f,0x6c,0x61,0x74,0x69,0x6f,0x6e,0x2d,0x66,
  0x69,0x6c,0x74,0x65,0x72,0x73,0x3a,0x6c,0x69,0x6e,0x65,0x61,0x72,0x52,0x47,0x42,
  0x3b,0x73,0x6f,0x6c,0x69,0x64,0x2d,0x63,0x6f,0x6c,0x6f,0x72,0x3a,0x23,0x30,0x30,
  0x30,0x30,0x30,0x30,0x3b,0x73,0x6f,0x6c,0x69,0x64,0x2d,0x6f,0x70,0x61,0x63,0x69,
  0x74,0x79,0x3a,0x31,0x3b,0x76,0x65,0x63,0x74,0x6f,0x72,0x2d,0x65,0x66,0x66,0x65,
  0x63,0x74,0x3a,0x6e,0x6f,0x6e,0x65,0x3b,0x66,0x69,0x6c,0x6c,0x3a,0x23,0x30,0x30,
  0x30,0x30,0x30,0x30,0x3b,0x66,0x69,0x6c,0x6c,0x2d,0x6f,0x70,0x61,0x63,0x69,0x74,
  0x79,0x3a,0x31,0x3b,0x66,0x69,0x6c,0x6c,0x2d,0x72,0x75,0x6c,0x65,0x3a,0x6e,0x6f,
  0x6e,0x7a,0x65,0x72,0x6f,0x3b,0x73,0x74,0x72,0x6f,0x6b,0x65,0x3a,0x6e,0x6f,0x6e,
  0x65,0x3b,0x73,0x74,0x72,0x6f,0x6b,0x65,0x2d,0x77,0x69,0x64,0x74,0x68,0x3a,0x31,
  0x3b,0x73,0x74,0x72,0x6f,0x6b,0x65,0x2d,0x6c,0x69,0x6e,0x65,0x63,0x61,0x70,0x3a,
  0x73,0x71,0x75,0x61,0x72,0x65,0x3b,0x73,0x74,0x72,0x6f,0x6b,0x65,0x2d,0x6c,0x69,
  0x6e,0x65,0x6a,0x6f,0x69,0x6e,0x3a,0x6d,0x69,0x74,0x65,0x72,0x3b,0x73,0x74,0x72,
  0x6f,0x6b,0x65,0x2d,0x6d,0x69,0x74,0x65,0x72,0x6c,0x69,0x6d,0x69,0x74,0x3a,0x39,
  0x2e,0x32,0x3b,0x73,0x74,0x72,0x6f,0x6b,0x65,0x2d,0x64,0x61,0x73,0x68,0x61,0x72,
  0x72,0x61,0x79,0x3a,0x6e,0x6f,0x6e,0x65,0x3b,0x73,0x74,0x72,0x6f,0x6b,0x65,0x2d,
  0x64,0x61,0x73,0x68,0x6f,0x66,0x66,0x73,0x65,0x74,0x3a,0x30,0x3b,0x73,0x74,0x72,
  0x6f,0x6b,0x65,0x2d,0x6f,0x70,0x61,0x63,0x69,0x74,0x79,0x3a,0x31,0x3b,0x70,0x61,
  0x69,0x6e,0x74,0x2d,0x6f,0x72,0x64,0x65,0x72,0x3a,0x73,0x74,0x72,0x6f,0x6b,0x65,
  0x20,0x66,0x69,0x6c,0x6c,0x20,0x6d,0x61,0x72,0x6b,0x65,0x72,0x73,0x3b,0x63,0x6f,
  0x6c,0x6f,0x72,0x2d,0x72,0x65,0x6e,0x64,0x65,0x72,0x69,0x6e,0x67,0x3a,0x61,0x75,
  0x74,0x6f,0x3b,0x69,0x6d,0x61,0x67,0x65,0x2d,0x72,0x65,0x6e,0x64,0x65,0x72,0x69,
  0x6e,0x67,0x3a,0x61,0x75,0x74,0x6f,0x3b,0x73,0x68,0x61,0x70,0x65,0x2d,0x72,0x65,
  0x6e,0x64,0x65,0x72,0x69,0x6e,0x67,0x3a,0x61,0x75,0x74,0x6f,0x3b,0x74,0x65,0x78,
  0x74,0x2d,0x72,0x65,0x6e,0x64,0x65,0x72,0x69,0x6e,0x67,0x3a,0x61,0x75,0x74,0x6f,
  0x3b,0x65,0x6e,0x61,0x62,0x6c,0x65,0x2d,0x62,0x61,0x63,0x6b,0x67,0x72,0x6f,0x75,
  0x6e,0x64,0x3a,0x61,0x63,0x63,0x75,0x6d,0x75,0x6c,0x61,0x74,0x65,0x3b,0x73,0x74,
  0x6f,0x70,0x2d,0x63,0x6f,0x6c,0x6f,0x72,0x3a,0x23,0x30,0x30,0x30,0x30,0x30,0x30,
  0x3b,0x73,0x74,0x6f,0x70,0x2d,0x6f,0x70,0x61,0x63,0x69,0x74,0x79,0x3a,0x31,0x22,
  0xa,0x20,0x20,0x20,0x20,0x20,0x20,0x20,0x20,0x20,0x64,0x3d,0x22,0x6d,0x20,0x2d,
  0x36,0x32,0x32,0x2c,0x31,0x31,0x37,0x39,0x2e,0x38,0x36,0x32,0x32,0x20,0x76,0x20,
  0x30,0x2e,0x35,0x20,0x31,0x2e,0x35,0x20,0x31,0x20,0x68,0x20,0x2d,0x32,0x20,0x76,
  0x20,0x30,0x2e,0x35,0x20,0x31,0x2e,0x35,0x20,0x34,0x20,0x68,0x20,0x36,0x20,0x76,
  0x20,0x2d,0x33,0x20,0x68,0x20,0x32,0x20,0x76,0x20,0x2d,0x34,0x20,0x2d,0x32,0x20,
  0x7a,0x20,0x6d,0x20,0x31,0x2c,0x32,0x20,0x68,0x20,0x34,0x20,0x76,0x20,0x33,0x20,
  0x68,0x20,0x2d,0x31,0x20,0x76,0x20,0x2d,0x32,0x20,0x68,0x20,0x2d,0x33,0x20,0x7a,
  0x20,0x6d,0x20,0x2d,0x32,0x2c,0x33,0x20,0x68,0x20,0x34,0x20,0x76,0x20,0x33,0x20,
  0x68,0x20,0x2d,0x34,0x20,0x7a,0x22,0x20,0x2f,0x3e,0xa,0x20,0x20,0x20,0x20,0x3c,
  0x2f,0x67,0x3e,0xa,0x20,0x20,0x3c,0x2f,0x67,0x3e,0xa,0x20,0x20,0x3c,0x6d,0x65,
  0x74,0x61,0x64,0x61,0x74,0x61,0xa,0x20,0x20,0x20,0x20,0x20,0x69,0x64,0x3d,0x22,
  0x6d,0x65,0x74,0x61,0x64,0x61,0x74,0x61,0x31,0x32,0x22,0x3e,0xa,0x20,0x20,0x20,
  0x20,0x3c,0x72,0x64,0x66,0x3a,0x52,0x44,0x46,0x3e,0xa,0x20,0x20,0x20,0x20,0x20,
  0x20,0x3c,0x72,0x64,0x66,0x3a,0x44,0x65,0x73,0x63,0x72,0x69,0x70,0x74,0x69,0x6f,
  0x6e,0xa,0x20,0x20,0x20,0x20,0x20,0x20,0x20,0x20,0x20,0x61,0x62,0x6f,0x75,0x74,
  0x3d,0x22,0x68,0x74,0x74,0x70,0x73,0x3a,0x2f,0x2f,0x69,0x63,0x6f,0x6e,0x73,0x63,
  0x6f,0x75,0x74,0x2e,0x63,0x6f,0x6d,0x2f,0x6c,0x65,0x67,0x61,0x6c,0x23,0x6c,0x69,
  0x63,0x65,0x6e,0x73,0x65,0x73,0x22,0xa,0x20,0x20,0x20,0x20,0x20,0x20,0x20,0x20,
  0x20,0x64,0x63,0x3a,0x74,0x69,0x74,0x6c,0x65,0x3d,0x22,0x4d,0x65,0x6e,0x75,0x2c,
  0x20,0x42,0x61,0x72,0x2c,0x20,0x4c,0x69,0x6e,0x65,0x73,0x2c,0x20,0x4f,0x70,0x74,
  0x69,0x6f,0x6e,0x2c,0x20,0x4c,0x69,0x73,0x74,0x2c,0x20,0x48,0x61,0x6d,0x62,0x75,
  0x72,0x67,0x65,0x72,0x2c,0x20,0x57,0x65,0x62,0x22,0xa,0x20,0x20,0x20,0x20,0x20,
  0x20,0x20,0x20,0x20,0x64,0x63,0x3a,0x64,0x65,0x73,0x63,0x72,0x69,0x70,0x74,0x69,
  0x6f,0x6e,0x3d,0x22,0x4d,0x65,0x6e,0x75,0x2c,0x20,0x42,0x61,0x72,0x2c,0x20,0x4c,
  0x69,0x6e,0x65,0x73,0x2c,0x20,0x4f,0x70,0x74,0x69,0x6f,0x6e,0x2c,0x20,0x4c,0x69,
  0x73,0x74,0x2c,0x20,0x48,0x61,0x6d,0x62,0x75,0x72,0x67,0x65,0x72,0x2c,0x20,0x57,
  0x65,0x62,0x22,0xa,0x20,0x20,0x20,0x20,0x20,0x20,0x20,0x20,0x20,0x64,0x63,0x3a,
  0x70,0x75,0x62,0x6c,0x69,0x73,0x68,0x65,0x72,0x3d,0x22,0x49,0x63,0x6f,0x6e,0x73,
  0x63,0x6f,0x75,0x74,0x22,0xa,0x20,0x20,0x20,0x20,0x20,0x20,0x20,0x20,0x20,0x64,
  0x63,0x3a,0x64,0x61,0x74,0x65,0x3d,0x22,0x32,0x30,0x31,0x36,0x2d,0x31,0x32,0x2d,
  0x31,0x34,0x22,0xa,0x20,0x20,0x20,0x20,0x20,0x20,0x20,0x20,0x20,0x64,0x63,0x3a,
  0x66,0x6f,0x72,0x6d,0x61,0x74,0x3d,0x22,0x69,0x6d,0x61,0x67,0x65,0x2f,0x73,0x76,
  0x67,0x2b,0x78,0x6d,0x6c,0x22,0xa,0x20,0x20,0x20,0x20,0x20,0x20,0x20,0x20,0x20,
  0x64,0x63,0x3a,0x6c,0x61,0x6e,0x67,0x75,0x61,0x67,0x65,0x3d,0x22,0x65,0x6e,0x22,
  0x3e,0xa,0x20,0x20,0x20,0x20,0x20,0x20,0x20,0x20,0x3c,0x64,0x63,0x3a,0x63,0x72,
  0x65,0x61,0x74,0x6f,0x72,0x3e,0xa,0x20,0x20,0x20,0x20,0x20,0x20,0x20,0x20,0x20,
  0x20,0x3c,0x72,0x64,0x66,0x3a,0x42,0x61,0x67,0x3e,0xa,0x20,0x20,0x20,0x20,0x20,
  0x20,0x20,0x20,0x20,0x20,0x20,0x20,0x3c,0x72,0x64,0x66,0x3a,0x6c,0x69,0x3e,0x4a,
  0x65,0x6d,0x69,0x73,0x20,0x4d,0x61,0x6c,0x69,0x3c,0x2f,0x72,0x64,0x66,0x3a,0x6c,
  0x69,0x3e,0xa,0x20,0x20,0x20,0x20,0x20,0x20,0x20,0x20,0x20,0x20,0x3c,0x2f,0x72,
  0x64,0x66,0x3a,0x42,0x61,0x67,0x3e,0xa,0x20,0x20,0x20,0x20,0x20,0x20,0x20,0x20,
  0x3c,0x2f,0x64,0x63,0x3a,0x63,0x72,0x65,0x61,0x74,0x6f,0x72,0x3e,0xa,0x20,0x20,
  0x20,0x20,0x20,0x20,0x3c,0x2f,0x72,0x64,0x66,0x3a,0x44,0x65,0x73,0x63,0x72,0x69,
  0x70,0x74,0x69,0x6f,0x6e,0x3e,0xa,0x20,0x20,0x20,0x20,0x20,0x20,0x3c,0x63,0x63,
  0x3a,0x57,0x6f,0x72,0x6b,0xa,0x20,0x20,0x20,0x20,0x20,0x20,0x20,0x20,0x20,0x72,
  0x64,0x66,0x3a,0x61,0x62,0x6f,0x75,0x74,0x3d,0x22,0x22,0x3e,0xa,0x20,0x20,0x20,
  0x20,0x20,0x20,0x20,0x20,0x3c,0x64,0x63,0x3a,0x66,0x6f,0x72,0x6d,0x61,0x74,0x3e,
  0x69,0x6d,0x61,0x67,0x65,0x2f,0x73,0x76,0x67,0x2b,0x78,0x6d,0x6c,0x3c,0x2f,0x64,
  0x63,0x3a,0x66,0x6f,0x72,0x6d,0x61,0x74,0x3e,0xa,0x20,0x20,0x20,0x20,0x20,0x20,
  0x20,0x20,0x3c,0x64,0x63,0x3a,0x74,0x79,0x70,0x65,0xa,0x20,0x20,0x20,0x20,0x20,
  0x20,0x20,0x20,0x20,0x20,0x20,0x72,0x64,0x66,0x3a,0x72,0x65,0x73,0x6f,0x75,0x72,
  0x63,0x65,0x3d,0x22,0x68,0x74,0x74,0x70,0x3a,0x2f,0x2f,0x70,0x75,0x72,0x6c,0x2e,
  0x6f,0x72,0x67,0x2f,0x64,0x63,0x2f,0x64,0x63,0x6d,0x69,0x74,0x79,0x70,0x65,0x2f,
  0x53,0x74,0x69,0x6c,0x6c,0x49,0x6d,0x61,0x67,0x65,0x22,0x20,0x2f,0x3e,0xa,0x20,
  0x20,0x20,0x20,0x20,0x20,0x20,0x20,0x3c,0x64,0x63,0x3a,0x74,0x69,0x74,0x6c,0x65,
  0x20,0x2f,0x3e,0xa,0x20,0x20,0x20,0x20,0x20,0x20,0x3c,0x2f,0x63,0x63,0x3a,0x57,
  0x6f,0x72,0x6b,0x3e,0xa,0x20,0x20,0x20,0x20,0x3c,0x2f,0x72,0x64,0x66,0x3a,0x52,
  0x44,0x46,0x3e,0xa,0x20,0x20,0x3c,0x2f,0x6d,0x65,0x74,0x61,0x64,0x61,0x74,0x61,
  0x3e,0xa,0x20,0x20,0x3c,0x73,0x74,0x79,0x6c,0x65,0xa,0x20,0x20,0x20,0x20,0x20,
  0x69,0x64,0x3d,0x22,0x73,0x74,0x79,0x6c,0x65,0x32,0x2d,0x33,0x22,0x20,0x2f,0x3e,
  0xa,0x3c,0x2f,0x73,0x76,0x67,0x3e,0xa,
    // vs-pin-button.svg
  0x0,0x0,0x1,0x39,
  0x3c,
  0x3f,0x78,0x6d,0x6c,0x20,0x76,0x65,0x72,0x73,0x69,0x6f,0x6e,0x3d,0x22,0x31,0x2e,
  0x30,0x22,0x20,0x65,0x6e,0x63,0x6f,0x64,0x69,0x6e,0x67,0x3d,0x22,0x55,0x54,0x46,
  0x2d,0x38,0x22,0x3f,0x3e,0xa,0x3c,0x73,0x76,0x67,0x20,0x77,0x69,0x64,0x74,0x68,
  0x3d,0x22,0x31,0x36,0x22,0x20,0x68,0x65,0x69,0x67,0x68,0x74,0x3d,0x22,0x31,0x36,
  0x22,0x20,0x65,0x6e,0x61,0x62,0x6c,0x65,0x2d,0x62,0x61,0x63,0x6b,0x67,0x72,0x6f,
  0x75,0x6e,0x64,0x3d,0x22,0x6e,0x65,0x77,0x20,0x30,0x20,0x30,0x20,0x31,0x32,0x32,
  0x2e,0x38,0x37,0x39,0x20,0x31,0x32,0x32,0x2e,0x38,0x36,0x37,0x22,0x20,0x76,0x65,
  0x72,0x73,0x69,0x6f,0x6e,0x3d,0x22,0x31,0x2e,0x31,0x22,0x20,0x76,0x69,0x65,0x77,
  0x42,0x6f,0x78,0x3d,0x22,0x30,0x20,0x30,0x20,0x31,0x36,0x20,0x31,0x36,0x22,0x20,
  0x78,0x6d,0x6c,0x3a,0x73,0x70,0x61,0x63,0x65,0x3d,0x22,0x70,0x72,0x65,0x73,0x65,
  0x72,0x76,0x65,0x22,0x20,0x78,0x6d,0x6c,0x6e,0x73,0x3d,0x22,0x68,0x74,0x74,0x70,
  0x3a,0x2f,0x2f,0x77,0x77,0x77,0x2e,0x77,0x33,0x2e,0x6f,0x72,0x67,0x2f,0x32,0x30,
  0x30,0x30,0x2f,0x73,0x76,0x67,0x22,0x3e,0x3c,0x70,0x61,0x74,0x68,0x20,0x64,0x3d,
  0x22,0x6d,0x36,0x20,0x33,0x76,0x36,0x68,0x2d,0x31,0x76,0x31,0x68,0x33,0x76,0x34,
  0x68,0x31,0x76,0x2d,0x34,0x68,0x33,0x76,0x2d,0x31,0x68,0x2d,0x31,0x76,0x2d,0x36,
  0x68,0x2d,0x34,0x7a,0x6d,0x31,0x20,0x31,0x68,0x32,0x76,0x35,0x68,0x2d,0x32,0x7a,
  0x22,0x20,0x63,0x6f,0x6c,0x6f,0x72,0x3d,0x22,0x23,0x30,0x30,0x30,0x30,0x30,0x30,
  0x22,0x20,0x73,0x74,0x79,0x6c,0x65,0x3d,0x22,0x2d,0x69,0x6e,0x6b,0x73,0x63,0x61,
  0x70,0x65,0x2d,0x73,0x74,0x72,0x6f,0x6b,0x65,0x3a,0x6e,0x6f,0x6e,0x65,0x22,0x2f,
  0x3e,0x3c,0x2f,0x73,0x76,0x67,0x3e,0xa,
    // minimize-button-focused.svg
  0x0,0x0,0x1,0x25,
  0x3c,
  0x3f,0x78,0x6d,0x6c,0x20,0x76,0x65,0x72,0x73,0x69,0x6f,0x6e,0x3d,0x22,0x31,0x2e,
  0x30,0x22,0x20,0x65,0x6e,0x63,0x6f,0x64,0x69,0x6e,0x67,0x3d,0x22,0x55,0x54,0x46,
  0x2d,0x38,0x22,0x3f,0x3e,0xa,0x3c,0x73,0x76,0x67,0x20,0x77,0x69,0x64,0x74,0x68,
  0x3d,0x22,0x31,0x36,0x22,0x20,0x68,0x65,0x69,0x67,0x68,0x74,0x3d,0x22,0x31,0x36,
  0x22,0x20,0x65,0x6e,0x61,0x62,0x6c,0x65,0x2d,0x62,0x61,0x63,0x6b,0x67,0x72,0x6f,
  0x75,0x6e,0x64,0x3d,0x22,0x6e,0x65,0x77,0x20,0x30,0x20,0x30,0x20,0x31,0x32,0x32,
  0x2e,0x38,0x37,0x39,0x20,0x31,0x32,0x32,0x2e,0x38,0x36,0x37,0x22,0x20,0x76,0x65,
  0x72,0x73,0x69,0x6f,0x6e,0x3d,0x22,0x31,0x2e,0x31,0x22,0x20,0x76,0x69,0x65,0x77,
  0x42,0x6f,0x78,0x3d,0x22,0x30,0x20,0x30,0x20,0x31,0x36,0x20,0x31,0x36,0x22,0x20,
  0x78,0x6d,0x6c,0x3a,0x73,0x70,0x61,0x63,0x65,0x3d,0x22,0x70,0x72,0x65,0x73,0x65,
  0x72,0x76,0x65,0x22,0x20,0x78,0x6d,0x6c,0x6e,0x73,0x3d,0x22,0x68,0x74,0x74,0x70,
  0x3a,0x2f,0x2f,0x77,0x77,0x77,0x2e,0x77,0x33,0x2e,0x6f,0x72,0x67,0x2f,0x32,0x30,
  0x30,0x30,0x2f,0x73,0x76,0x67,0x22,0x3e,0x3c,0x72,0x65,0x63,0x74,0x20,0x78,0x3d,
  0x22,0x34,0x22,0x20,0x79,0x3d,0x22,0x31,0x30,0x22,0x20,0x77,0x69,0x64,0x74,0x68,
  0x3d,0x22,0x37,0x22,0x20,0x68,0x65,0x69,0x67,0x68,0x74,0x3d,0x22,0x32,0x22,0x20,
  0x66,0x69,0x6c,0x6c,0x3d,0x22,0x23,0x66,0x66,0x66,0x22,0x2f,0x3e,0x3c,0x73,0x74,
  0x79,0x6c,0x65,0x2f,0x3e,0x3c,0x73,0x74,0x79,0x6c,0x65,0x2f,0x3e,0x3c,0x73,0x74,
  0x79,0x6c,0x65,0x2f,0x3e,0x3c,0x73,0x74,0x79,0x6c,0x65,0x2f,0x3e,0x3c,0x2f,0x73,
  0x76,0x67,0x3e,0xa,
    // maximize-button.svg
  0x0,0x0,0xf,0x79,
  0x3c,
  0x3f,0x78,0x6d,0x6c,0x20,0x76,0x65,0x72,0x73,0x69,0x6f,0x6e,0x3d,0x22,0x31,0x2e,
  0x30,0x22,0x20,0x65,0x6e,0x63,0x6f,0x64,0x69,0x6e,0x67,0x3d,0x22,0x55,0x54,0x46,
  0x2d,0x38,0x22,0x20,0x73,0x74,0x61,0x6e,0x64,0x61,0x6c,0x6f,0x6e,0x65,0x3d,0x22,
  0x6e,0x6f,0x22,0x3f,0x3e,0xa,0x3c,0x73,0x76,0x67,0xa,0x20,0x20,0x20,0x78,0x6d,
  0x6c,0x6e,0x73,0x3a,0x64,0x63,0x3d,0x22,0x68,0x74,0x74,0x70,0x3a,0x2f,0x2f,0x70,
  0x75,0x72,0x6c,0x2e,0x6f,0x72,0x67,0x2f,0x64,0x63,0x2f,0x65,0x6c,0x65,0x6d,0x65,
  0x6e,0x74,0x73,0x2f,0x31,0x2e,0x31,0x2f,0x22,0xa,0x20,0x20,0x20,0x78,0x6d,0x6c,
  0x6e,0x73,0x3a,0x63,0x63,0x3d,0x22,0x68,0x74,0x74,0x70,0x3a,0x2f,0x2f,0x63,0x72,
  0x65,0x61,0x74,0x69,0x76,0x65,0x63,0x6f,0x6d,0x6d,0x6f,0x6e,0x73,0x2e,0x6f,0x72,
  0x67,0x2f,0x6e,0x73,0x23,0x22,0xa,0x20,0x20,0x20,0x78,0x6d,0x6c,0x6e,0x73,0x3a,
  0x72,0x64,0x66,0x3d,0x22,0x68,0x74,0x74,0x70,0x3a,0x2f,0x2f,0x77,0x77,0x77,0x2e,
  0x77,0x33,0x2e,0x6f,0x72,0x67,0x2f,0x31,0x39,0x39,0x39,0x2f,0x30,0x32,0x2f,0x32,
  0x32,0x2d,0x72,0x64,0x66,0x2d,0x73,0x79,0x6e,0x74,0x61,0x78,0x2d,0x6e,0x73,0x23,
  0x22,0xa,0x20,0x20,0x20,0x78,0x6d,0x6c,0x6e,0x73,0x3a,0x73,0x76,0x67,0x3d,0x22,
  0x68,0x74,0x74,0x70,0x3a,0x2f,0x2f,0x77,0x77,0x77,0x2e,0x77,0x33,0x2e,0x6f,0x72,
  0x67,0x2f,0x32,0x30,0x30,0x30,0x2f,0x73,0x76,0x67,0x22,0xa,0x20,0x20,0x20,0x78,
  0x6d,0x6c,0x6e,0x73,0x3d,0x22,0x68,0x74,0x74,0x70,0x3a,0x2f,0x2f,0x77,0x77,0x77,
  0x2e,0x77,0x33,0x2e,0x6f,0x72,0x67,0x2f,0x32,0x30,0x30,0x30,0x2f,0x73,0x76,0x67,
  0x22,0xa,0x20,0x20,0x20,0x78,0x6d,0x6c,0x6e,0x73,0x3a,0x73,0x6f,0x64,0x69,0x70,
  0x6f,0x64,0x69,0x3d,0x22,0x68,0x74,0x74,0x70,0x3a,0x2f,0x2f,0x73,0x6f,0x64,0x69,
  0x70,0x6f,0x64,0x69,0x2e,0x73,0x6f,0x75,0x72,0x63,0x65,0x66,0x6f,0x72,0x67,0x65,
  0x2e,0x6e,0x65,0x74,0x2f,0x44,0x54,0x44,0x2f,0x73,0x6f,0x64,0x69,0x70,0x6f,0x64,
  0x69,0x2d,0x30,0x2e,0x64,0x74,0x64,0x22,0xa,0x20,0x20,0x20,0x78,0x6d,0x6c,0x6e,
  0x73,0x3a,0x69,0x6e,0x6b,0x73,0x63,0x61,0x70,0x65,0x3d,0x22,0x68,0x74,0x74,0x70,
  0x3a,0x2f,0x2f,0x77,0x77,0x77,0x2e,0x69,0x6e,0x6b,0x73,0x63,0x61,0x70,0x65,0x2e,
  0x6f,0x72,0x67,0x2f,0x6e,0x61,0x6d,0x65,0x73,0x70,0x61,0x63,0x65,0x73,0x2f,0x69,
  0x6e,0x6b,0x73,0x63,0x61,0x70,0x65,0x22,0xa,0x20,0x20,0x20,0x77,0x69,0x64,0x74,
  0x68,0x3d,0x22,0x31,0x36,0x70,0x78,0x22,0xa,0x20,0x20,0x20,0x68,0x65,0x69,0x67,
  0x68,0x74,0x3d,0x22,0x31,0x36,0x70,0x78,0x22,0xa,0x20,0x20,0x20,0x76,0x69,0x65,
  0x77,0x42,0x6f,0x78,0x3d,0x22,0x30,0x20,0x30,0x20,0x31,0x36,0x20,0x31,0x36,0x22,
  0xa,0x20,0x20,0x20,0x69,0x64,0x3d,0x22,0x73,0x76,0x67,0x32,0x22,0xa,0x20,0x20,
  0x20,0x76,0x65,0x72,0x73,0x69,0x6f,0x6e,0x3d,0x22,0x31,0x2e,0x31,0x22,0xa,0x20,
  0x20,0x20,0x69,0x6e,0x6b,0x73,0x63,0x61,0x70,0x65,0x3a,0x76,0x65,0x72,0x73,0x69,
  0x6f,0x6e,0x3d,0x22,0x30,0x2e,0x39,0x32,0x2e,0x35,0x20,0x28,0x32,0x30,0x36,0x30,
  0x65,0x63,0x31,0x66,0x39,0x66,0x2c,0x20,0x32,0x30,0x32,0x30,0x2d,0x30,0x34,0x2d,
  0x30,0x38,0x29,0x22,0xa,0x20,0x20,0x20,0x73,0x6f,0x64,0x69,0x70,0x6f,0x64,0x69,
  0x3a,0x64,0x6f,0x63,0x6e,0x61,0x6d,0x65,0x3d,0x22,0x6d,0x61,0x78,0x69,0x6d,0x69,
  0x7a,0x65,0x2d,0x62,0x75,0x74,0x74,0x6f,0x6e,0x2e,0x73,0x76,0x67,0x22,0x3e,0xa,
  0x20,0x20,0x3c,0x73,0x74,0x79,0x6c,0x65,0xa,0x20,0x20,0x20,0x20,0x20,0x69,0x64,
  0x3d,0x22,0x73,0x74,0x79,0x6c,0x65,0x32,0x22,0x20,0x2f,0x3e,0xa,0x20,0x20,0x3c,
  0x64,0x65,0x66,0x73,0xa,0x20,0x20,0x20,0x20,0x20,0x69,0x64,0x3d,0x22,0x64,0x65,
  0x66,0x73,0x34,0x22,0x3e,0xa,0x20,0x20,0x20,0x20,0x3c,0x70,0x61,0x74,0x74,0x65,
  0x72,0x6e,0xa,0x20,0x20,0x20,0x20,0x20,0x20,0x20,0x79,0x3d,0x22,0x30,0x22,0xa,
  0x20,0x20,0x20,0x20,0x20,0x20,0x20,0x78,0x3d,0x22,0x30,0x22,0xa,0x20,0x20,0x20,
  0x20,0x20,0x20,0x20,0x68,0x65,0x69,0x67,0x68,0x74,0x3d,0x22,0x36,0x22,0xa,0x20,
  0x20,0x20,0x20,0x20,0x20,0x20,0x77,0x69,0x64,0x74,0x68,0x3d,0x22,0x36,0x22,0xa,
  0x20,0x20,0x20,0x20,0x20,0x20,0x20,0x70,0x61,0x74,0x74,0x65,0x72,0x6e,0x55,0x6e,
  0x69,0x74,0x73,0x3d,0x22,0x75,0x73,0x65,0x72,0x53,0x70,0x61,0x63,0x65,0x4f,0x6e,
  0x55,0x73,0x65,0x22,0xa,0x20,0x20,0x20,0x20,0x20,0x20,0x20,0x69,0x64,0x3d,0x22,
  0x45,0x4d,0x46,0x68,0x62,0x61,0x73,0x65,0x70,0x61,0x74,0x74,0x65,0x72,0x6e,0x22,
  0x20,0x2f,0x3e,0xa,0x20,0x20,0x20,0x20,0x3c,0x70,0x61,0x74,0x74,0x65,0x72,0x6e,
  0xa,0x20,0x20,0x20,0x20,0x20,0x20,0x20,0x79,0x3d,0x22,0x30,0x22,0xa,0x20,0x20,
  0x20,0x20,0x20,0x20,0x20,0x78,0x3d,0x22,0x30,0x22,0xa,0x20,0x20,0x20,0x20,0x20,
  0x20,0x20,0x68,0x65,0x69,0x67,0x68,0x74,0x3d,0x22,0x36,0x22,0xa,0x20,0x20,0x20,
  0x20,0x20,0x20,0x20,0x77,0x69,0x64,0x74,0x68,0x3d,0x22,0x36,0x22,0xa,0x20,0x20,
  0x20,0x20,0x20,0x20,0x20,0x70,0x61,0x74,0x74,0x65,0x72,0x6e,0x55,0x6e,0x69,0x74,
  0x73,0x3d,0x22,0x75,0x73,0x65,0x72,0x53,0x70,0x61,0x63,0x65,0x4f,0x6e,0x55,0x73,
  0x65,0x22,0xa,0x20,0x20,0x20,0x20,0x20,0x20,0x20,0x69,0x64,0x3d,0x22,0x45,0x4d,
  0x46,0x68,0x62,0x61,0x73,0x65,0x70,0x61,0x74,0x74,0x65,0x72,0x6e,0x2d,0x34,0x22,
  0x20,0x2f,0x3e,0xa,0x20,0x20,0x20,0x20,0x3c,0x70,0x61,0x74,0x74,0x65,0x72,0x6e,
  0xa,0x20,0x20,0x20,0x20,0x20,0x20,0x20,0x79,0x3d,0x22,0x30,0x22,0xa,0x20,0x20,
  0x20,0x20,0x20,0x20,0x20,0x78,0x3d,0x22,0x30,0x22,0xa,0x20,0x20,0x20,0x20,0x20,
  0x20,0x20,0x68,0x65,0x69,0x67,0x68,0x74,0x3d,0x22,0x36,0x22,0xa,0x20,0x20,0x20,
  0x20,0x20,0x20,0x20,0x77,0x69,0x64,0x74,0x68,0x3d,0x22,0x36,0x22,0xa,0x20,0x20,
  0x20,0x20,0x20,0x20,0x20,0x70,0x61,0x74,0x74,0x65,0x72,0x6e,0x55,0x6e,0x69,0x74,
  0x73,0x3d,0x22,0x75,0x73,0x65,0x72,0x53,0x70,0x61,0x63,0x65,0x4f,0x6e,0x55,0x73,
  0x65,0x22,0xa,0x20,0x20,0x20,0x20,0x20,0x20,0x20,0x69,0x64,0x3d,0x22,0x45,0x4d,
  0x46,0x68,0x62,0x61,0x73,0x65,0x70,0x61,0x74,0x74,0x65,0x72,0x6e,0x2d,0x33,0x22,
  0x20,0x2f,0x3e,0xa,0x20,0x20,0x20,0x20,0x3c,0x70,0x61,0x74,0x74,0x65,0x72,0x6e,
  0xa,0x20,0x20,0x20,0x20,0x20,0x20,0x20,0x79,0x3d,0x22,0x30,0x22,0xa,0x20,0x20,
  0x20,0x20,0x20,0x20,0x20,0x78,0x3d,0x22,0x30,0x22,0xa,0x20,0x20,0x20,0x20,0x20,
  0x20,0x20,0x68,0x65,0x69,0x67,0x68,0x74,0x3d,0x22,0x36,0x22,0xa,0x20,0x20,0x20,
  0x20,0x20,0x20,0x20,0x77,0x69,0x64,0x74,0x68,0x3d,0x22,0x36,0x22,0xa,0x20,0x20,
  0x20,0x20,0x20,0x20,0x20,0x70,0x61,0x74,0x74,0x65,0x72,0x6e,0x55,0x6e,0x69,0x74,
  0x73,0x3d,0x22,0x75,0x73,0x65,0x72,0x53,0x70,0x61,0x63,0x65,0x4f,0x6e,0x55,0x73,
  0x65,0x22,0xa,0x20,0x20,0x20,0x20,0x20,0x20,0x20,0x69,0x64,0x3d,0x22,0x45,0x4d,
  0x46,0x68,0x62,0x61,0x73,0x65,0x70,0x61,0x74,0x74,0x65,0x72,0x6e,0x2d,0x38,0x22,
  0x20,0x2f,0x3e,0xa,0x20,0x20,0x3c,0x2f,0x64,0x65,0x66,0x73,0x3e,0xa,0x20,0x20,
  0x3c,0x73,0x6f,0x64,0x69,0x70,0x6f,0x64,0x69,0x3a,0x6e,0x61,0x6d,0x65,0x64,0x76,
  0x69,0x65,0x77,0xa,0x20,0x20,0x20,0x20,0x20,0x69,0x64,0x3d,0x22,0x62,0x61,0x73,
  0x65,0x22,0xa,0x20,0x20,0x20,0x20,0x20,0x70,0x61,0x67,0x65,0x63,0x6f,0x6c,0x6f,
  0x72,0x3d,0x22,0x23,0x66,0x66,0x66,0x66,0x66,0x66,0x22,0xa,0x20,0x20,0x20,0x20,
  0x20,0x62,0x6f,0x72,0x64,0x65,0x72,0x63,0x6f,0x6c,0x6f,0x72,0x3d,0x22,0x23,0x36,
  0x36,0x36,0x36,0x36,0x36,0x22,0xa,0x20,0x20,0x20,0x20,0x20,0x62,0x6f,0x72,0x64,
  0x65,0x72,0x6f,0x70,0x61,0x63,0x69,0x74,0x79,0x3d,0x22,0x31,0x2e,0x30,0x22,0xa,
  0x20,0x20,0x20,0x20,0x20,0x69,0x6e,0x6b,0x73,0x63,0x61,0x70,0x65,0x3a,0x70,0x61,
  0x67,0x65,0x6f,0x70,0x61,0x63,0x69,0x74,0x79,0x3d,0x22,0x30,0x2e,0x30,0x22,0xa,
  0x20,0x20,0x20,0x20,0x20,0x69,0x6e,0x6b,0x73,0x63,0x61,0x70,0x65,0x3a,0x70,0x61,
  0x67,0x65,0x73,0x68,0x61,0x64,0x6f,0x77,0x3d,0x22,0x32,0x22,0xa,0x20,0x20,0x20,
  0x20,0x20,0x69,0x6e,0x6b,0x73,0x63,0x61,0x70,0x65,0x3a,0x7a,0x6f,0x6f,0x6d,0x3d,
  0x22,0x33,0x32,0x22,0xa,0x20,0x20,0x20,0x20,0x20,0x69,0x6e,0x6b,0x73,0x63,0x61,
  0x70,0x65,0x3a,0x63,0x78,0x3d,0x22,0x2d,0x31,0x2e,0x38,0x36,0x37,0x34,0x33,0x35,
  0x36,0x22,0xa,0x20,0x20,0x20,0x20,0x20,0x69,0x6e,0x6b,0x73,0x63,0x61,0x70,0x65,
  0x3a,0x63,0x79,0x3d,0x22,0x36,0x2e,0x35,0x39,0x31,0x31,0x30,0x34,0x22,0xa,0x20,
  0x20,0x20,0x20,0x20,0x69,0x6e,0x6b,0x73,0x63,0x61,0x70,0x65,0x3a,0x64,0x6f,0x63,
  0x75,0x6d,0x65,0x6e,0x74,0x2d,0x75,0x6e,0x69,0x74,0x73,0x3d,0x22,0x70,0x78,0x22,
  0xa,0x20,0x20,0x20,0x20,0x20,0x69,0x6e,0x6b,0x73,0x63,0x61,0x70,0x65,0x3a,0x63,
  0x75,0x72,0x72,0x65,0x6e,0x74,0x2d,0x6c,0x61,0x79,0x65,0x72,0x3d,0x22,0x67,0x35,
  0x32,0x32,0x38,0x22,0xa,0x20,0x20,0x20,0x20,0x20,0x73,0x68,0x6f,0x77,0x67,0x72,
  0x69,0x64,0x3d,0x22,0x74,0x72,0x75,0x65,0x22,0xa,0x20,0x20,0x20,0x20,0x20,0x75,
  0x6e,0x69,0x74,0x73,0x3d,0x22,0x70,0x78,0x22,0xa,0x20,0x20,0x20,0x20,0x20,0x69,
  0x6e,0x6b,0x73,0x63,0x61,0x70,0x65,0x3a,0x77,0x69,0x6e,0x64,0x6f,0x77,0x2d,0x77,
  0x69,0x64,0x74,0x68,0x3d,0x22,0x31,0x38,0x34,0x38,0x22,0xa,0x20,0x20,0x20,0x20,
  0x20,0x69,0x6e,0x6b,0x73,0x63,0x61,0x70,0x65,0x3a,0x77,0x69,0x6e,0x64,0x6f,0x77,
  0x2d,0x68,0x65,0x69,0x67,0x68,0x74,0x3d,0x22,0x39,0x32,0x30,0x22,0xa,0x20,0x20,
  0x20,0x20,0x20,0x69,0x6e,0x6b,0x73,0x63,0x61,0x70,0x65,0x3a,0x77,0x69,0x6e,0x64,
  0x6f,0x77,0x2d,0x78,0x3d,0x22,0x37,0x32,0x22,0xa,0x20,0x20,0x20,0x20,0x20,0x69,
  0x6e,0x6b,0x73,0x63,0x61,0x70,0x65,0x3a,0x77,0x69,0x6e,0x64,0x6f,0x77,0x2d,0x79,
  0x3d,0x22,0x32,0x37,0x22,0xa,0x20,0x20,0x20,0x20,0x20,0x69,0x6e,0x6b,0x73,0x63,
  0x61,0x70,0x65,0x3a,0x77,0x69,0x6e,0x64,0x6f,0x77,0x2d,0x6d,0x61,0x78,0x69,0x6d,
  0x69,0x7a,0x65,0x64,0x3d,0x22,0x31,0x22,0xa,0x20,0x20,0x20,0x20,0x20,0x69,0x6e,
  0x6b,0x73,0x63,0x61,0x70,0x65,0x3a,0x73,0x6e,0x61,0x70,0x2d,0x62,0x62,0x6f,0x78,
  0x3d,0x22,0x74,0x72,0x75,0x65,0x22,0xa,0x20,0x20,0x20,0x20,0x20,0x69,0x6e,0x6b,
  0x73,0x63,0x61,0x70,0x65,0x3a,0x62,0x62,0x6f,0x78,0x2d,0x70,0x61,0x74,0x68,0x73,
  0x3d,0x22,0x74,0x72,0x75,0x65,0x22,0xa,0x20,0x20,0x20,0x20,0x20,0x69,0x6e,0x6b,
  0x73,0x63,0x61,0x70,0x65,0x3a,0x62,0x62,0x6f,0x78,0x2d,0x6e,0x6f,0x64,0x65,0x73,
  0x3d,0x22,0x74,0x72,0x75,0x65,0x22,0xa,0x20,0x20,0x20,0x20,0x20,0x69,0x6e,0x6b,
  0x73,0x63,0x61,0x70,0x65,0x3a,0x73,0x6e,0x61,0x70,0x2d,0x62,0x62,0x6f,0x78,0x2d,
  0x65,0x64,0x67,0x65,0x2d,0x6d,0x69,0x64,0x70,0x6f,0x69,0x6e,0x74,0x73,0x3d,0x22,
  0x74,0x72,0x75,0x65,0x22,0xa,0x20,0x20,0x20,0x20,0x20,0x69,0x6e,0x6b,0x73,0x63,
  0x61,0x70,0x65,0x3a,0x73,0x6e,0x61,0x70,0x2d,0x62,0x62,0x6f,0x78,0x2d,0x6d,0x69,
  0x64,0x70,0x6f,0x69,0x6e,0x74,0x73,0x3d,0x22,0x74,0x72,0x75,0x65,0x22,0xa,0x20,
  0x20,0x20,0x20,0x20,0x69,0x6e,0x6b,0x73,0x63,0x61,0x70,0x65,0x3a,0x73,0x6e,0x61,
  0x70,0x2d,0x67,0x6c,0x6f,0x62,0x61,0x6c,0x3d,0x22,0x74,0x72,0x75,0x65,0x22,0xa,
  0x20,0x20,0x20,0x20,0x20,0x69,0x6e,0x6b,0x73,0x63,0x61,0x70,0x65,0x3a,0x64,0x6f,
  0x63,0x75,0x6d,0x65,0x6e,0x74,0x2d,0x72,0x6f,0x74,0x61,0x74,0x69,0x6f,0x6e,0x3d,
  0x22,0x30,0x22,0xa,0x20,0x20,0x20,0x20,0x20,0x73,0x68,0x6f,0x77,0x67,0x75,0x69,
  0x64,0x65,0x73,0x3d,0x22,0x74,0x72,0x75,0x65,0x22,0xa,0x20,0x20,0x20,0x20,0x20,
  0x69,0x6e,0x6b,0x73,0x63,0x61,0x70,0x65,0x3a,0x67,0x75,0x69,0x64,0x65,0x2d,0x62,
  0x62,0x6f,0x78,0x3d,0x22,0x74,0x72,0x75,0x65,0x22,0x3e,0xa,0x20,0x20,0x20,0x20,
  0x3c,0x69,0x6e,0x6b,0x73,0x63,0x61,0x70,0x65,0x3a,0x67,0x72,0x69,0x64,0xa,0x20,
  0x20,0x20,0x20,0x20,0x20,0x20,0x74,0x79,0x70,0x65,0x3d,0x22,0x78,0x79,0x67,0x72,
  0x69,0x64,0x22,0xa,0x20,0x20,0x20,0x20,0x20,0x20,0x20,0x69,0x64,0x3d,0x22,0x67,
  0x72,0x69,0x64,0x33,0x33,0x33,0x36,0x22,0x20,0x2f,0x3e,0xa,0x20,0x20,0x20,0x20,
  0x3c,0x73,0x6f,0x64,0x69,0x70,0x6f,0x64,0x69,0x3a,0x67,0x75,0x69,0x64,0x65,0xa,
  0x20,0x20,0x20,0x20,0x20,0x20,0x20,0x70,0x6f,0x73,0x69,0x74,0x69,0x6f,0x6e,0x3d,
  0x22,0x34,0x2c,0x31,0x30,0x22,0xa,0x20,0x20,0x20,0x20,0x20,0x20,0x20,0x6f,0x72,
  0x69,0x65,0x6e,0x74,0x61,0x74,0x69,0x6f,0x6e,0x3d,0x22,0x31,0x2c,0x30,0x22,0xa,
  0x20,0x20,0x20,0x20,0x20,0x20,0x20,0x69,0x64,0x3d,0x22,0x67,0x75,0x69,0x64,0x65,
  0x38,0x38,0x33,0x22,0xa,0x20,0x20,0x20,0x20,0x20,0x20,0x20,0x69,0x6e,0x6b,0x73,
  0x63,0x61,0x70,0x65,0x3a,0x6c,0x6f,0x63,0x6b,0x65,0x64,0x3d,0x22,0x66,0x61,0x6c,
  0x73,0x65,0x22,0x20,0x2f,0x3e,0xa,0x20,0x20,0x20,0x20,0x3c,0x73,0x6f,0x64,0x69,
  0x70,0x6f,0x64,0x69,0x3a,0x67,0x75,0x69,0x64,0x65,0xa,0x20,0x20,0x20,0x20,0x20,
  0x20,0x20,0x70,0x6f,0x73,0x69,0x74,0x69,0x6f,0x6e,0x3d,0x22,0x31,0x30,0x2c,0x31,
  0x32,0x22,0xa,0x20,0x20,0x20,0x20,0x20,0x20,0x20,0x6f,0x72,0x69,0x65,0x6e,0x74,
  0x61,0x74,0x69,0x6f,0x6e,0x3d,0x22,0x30,0x2c,0x2d,0x31,0x22,0xa,0x20,0x20,0x20,
  0x20,0x20,0x20,0x20,0x69,0x64,0x3d,0x22,0x67,0x75,0x69,0x64,0x65,0x38,0x38,0x35,
  0x22,0xa,0x20,0x20,0x20,0x20,0x20,0x20,0x20,0x69,0x6e,0x6b,0x73,0x63,0x61,0x70,
  0x65,0x3a,0x6c,0x6f,0x63,0x6b,0x65,0x64,0x3d,0x22,0x66,0x61,0x6c,0x73,0x65,0x22,
  0x20,0x2f,0x3e,0xa,0x20,0x20,0x20,0x20,0x3c,0x73,0x6f,0x64,0x69,0x70,0x6f,0x64,
  0x69,0x3a,0x67,0x75,0x69,0x64,0x65,0xa,0x20,0x20,0x20,0x20,0x20,0x20,0x20,0x70,
  0x6f,0x73,0x69,0x74,0x69,0x6f,0x6e,0x3d,0x22,0x31,0x32,0x2c,0x32,0x22,0xa,0x20,
  0x20,0x20,0x20,0x20,0x20,0x20,0x6f,0x72,0x69,0x65,0x6e,0x74,0x61,0x74,0x69,0x6f,
  0x6e,0x3d,0x22,0x31,0x2c,0x30,0x22,0xa,0x20,0x20,0x20,0x20,0x20,0x20,0x20,0x69,
  0x64,0x3d,0x22,0x67,0x75,0x69,0x64,0x65,0x38,0x38,0x37,0x22,0xa,0x20,0x20,0x20,
  0x20,0x20,0x20,0x20,0x69,0x6e,0x6b,0x73,0x63,0x61,0x70,0x65,0x3a,0x6c,0x6f,0x63,
  0x6b,0x65,0x64,0x3d,0x22,0x66,0x61,0x6c,0x73,0x65,0x22,0x20,0x2f,0x3e,0xa,0x20,
  0x20,0x20,0x20,0x3c,0x73,0x6f,0x64,0x69,0x70,0x6f,0x64,0x69,0x3a,0x67,0x75,0x69,
  0x64,0x65,0xa,0x20,0x20,0x20,0x20,0x20,0x20,0x20,0x70,0x6f,0x73,0x69,0x74,0x69,
  0x6f,0x6e,0x3d,0x22,0x31,0x34,0x2c,0x34,0x22,0xa,0x20,0x20,0x20,0x20,0x20,0x20,
  0x20,0x6f,0x72,0x69,0x65,0x6e,0x74,0x61,0x74,0x69,0x6f,0x6e,0x3d,0x22,0x30,0x2c,
  0x2d,0x31,0x22,0xa,0x20,0x20,0x20,0x20,0x20,0x20,0x20,0x69,0x64,0x3d,0x22,0x67,
  0x75,0x69,0x64,0x65,0x38,0x38,0x39,0x22,0xa,0x20,0x20,0x20,0x20,0x20,0x20,0x20,
  0x69,0x6e,0x6b,0x73,0x63,0x61,0x70,0x65,0x3a,0x6c,0x6f,0x63,0x6b,0x65,0x64,0x3d,
  0x22,0x66,0x61,0x6c,0x73,0x65,0x22,0x20,0x2f,0x3e,0xa,0x20,0x20,0x3c,0x2f,0x73,
  0x6f,0x64,0x69,0x70,0x6f,0x64,0x69,0x3a,0x6e,0x61,0x6d,0x65,0x64,0x76,0x69,0x65,
  0x77,0x3e,0xa,0x20,0x20,0x3c,0x67,0xa,0x20,0x20,0x20,0x20,0x20,0x69,0x6e,0x6b,
  0x73,0x63,0x61,0x70,0x65,0x3a,0x6c,0x61,0x62,0x65,0x6c,0x3d,0x22,0x4c,0x61,0x79,
  0x65,0x72,0x20,0x31,0x22,0xa,0x20,0x20,0x20,0x20,0x20,0x69,0x6e,0x6b,0x73,0x63,
  0x61,0x70,0x65,0x3a,0x67,0x72,0x6f,0x75,0x70,0x6d,0x6f,0x64,0x65,0x3d,0x22,0x6c,
  0x61,0x79,0x65,0x72,0x22,0xa,0x20,0x20,0x20,0x20,0x20,0x69,0x64,0x3d,0x22,0x6c,
  0x61,0x79,0x65,0x72,0x31,0x22,0xa,0x20,0x20,0x20,0x20,0x20,0x74,0x72,0x61,0x6e,
  0x73,0x66,0x6f,0x72,0x6d,0x3d,0x22,0x74,0x72,0x61,0x6e,0x73,0x6c,0x61,0x74,0x65,
  0x28,0x30,0x2c,0x2d,0x31,0x30,0x33,0x36,0x2e,0x33,0x36,0x32,0x32,0x29,0x22,0x3e,
  0xa,0x20,0x20,0x20,0x20,0x3c,0x67,0xa,0x20,0x20,0x20,0x20,0x20,0x20,0x20,0x74,
  0x72,0x61,0x6e,0x73,0x66,0x6f,0x72,0x6d,0x3d,0x22,0x74,0x72,0x61,0x6e,0x73,0x6c,
  0x61,0x74,0x65,0x28,0x36,0x32,0x38,0x2c,0x2d,0x31,0x34,0x30,0x2e,0x34,0x39,0x39,
  0x39,0x38,0x29,0x22,0xa,0x20,0x20,0x20,0x20,0x20,0x20,0x20,0x69,0x64,0x3d,0x22,
  0x67,0x35,0x32,0x32,0x38,0x22,0x3e,0xa,0x20,0x20,0x20,0x20,0x20,0x20,0x3c,0x72,
  0x65,0x63,0x74,0xa,0x20,0x20,0x20,0x20,0x20,0x20,0x20,0x20,0x20,0x69,0x64,0x3d,
  0x22,0x72,0x65,0x63,0x74,0x34,0x30,0x39,0x34,0x22,0xa,0x20,0x20,0x20,0x20,0x20,
  0x20,0x20,0x20,0x20,0x77,0x69,0x64,0x74,0x68,0x3d,0x22,0x37,0x22,0xa,0x20,0x20,
  0x20,0x20,0x20,0x20,0x20,0x20,0x20,0x68,0x65,0x69,0x67,0x68,0x74,0x3d,0x22,0x37,
  0x22,0xa,0x20,0x20,0x20,0x20,0x20,0x20,0x20,0x20,0x20,0x78,0x3d,0x22,0x2d,0x36,
  0x32,0x33,0x2e,0x35,0x22,0xa,0x20,0x20,0x20,0x20,0x20,0x20,0x20,0x20,0x20,0x79,
  0x3d,0x22,0x31,0x31,0x38,0x31,0x2e,0x33,0x36,0x32,0x32,0x22,0xa,0x20,0x20,0x20,
  0x20,0x20,0x20,0x20,0x20,0x20,0x73,0x74,0x79,0x6c,0x65,0x3d,0x22,0x66,0x69,0x6c,
  0x6c,0x3a,0x6e,0x6f,0x6e,0x65,0x3b,0x73,0x74,0x72,0x6f,0x6b,0x65,0x3a,0x23,0x30,
  0x30,0x30,0x30,0x30,0x30,0x3b,0x73,0x74,0x72,0x6f,0x6b,0x65,0x2d,0x77,0x69,0x64,
  0x74,0x68,0x3a,0x30,0x2e,0x39,0x39,0x39,0x39,0x39,0x39,0x39,0x34,0x3b,0x73,0x74,
  0x72,0x6f,0x6b,0x65,0x2d,0x6c,0x69,0x6e,0x65,0x63,0x61,0x70,0x3a,0x62,0x75,0x74,
  0x74,0x3b,0x73,0x74,0x72,0x6f,0x6b,0x65,0x2d,0x6c,0x69,0x6e,0x65,0x6a,0x6f,0x69,
  0x6e,0x3a,0x6d,0x69,0x74,0x65,0x72,0x3b,0x73,0x74,0x72,0x6f,0x6b,0x65,0x2d,0x6d,
  0x69,0x74,0x65,0x72,0x6c,0x69,0x6d,0x69,0x74,0x3a,0x34,0x3b,0x73,0x74,0x72,0x6f,
  0x6b,0x65,0x2d,0x64,0x61,0x73,0x68,0x61,0x72,0x72,0x61,0x79,0x3a,0x6e,0x6f,0x6e,
  0x65,0x3b,0x73,0x74,0x72,0x6f,0x6b,0x65,0x2d,0x6f,0x70,0x61,0x63,0x69,0x74,0x79,
  0x3a,0x31,0x3b,0x70,0x61,0x69,0x6e,0x74,0x2d,0x6f,0x72,0x64,0x65,0x72,0x3a,0x6e,
  0x6f,0x72,0x6d,0x61,0x6c,0x22,0x20,0x2f,0x3e,0xa,0x20,0x20,0x20,0x20,0x3c,0x2f,
  0x67,0x3e,0xa,0x20,0x20,0x3c,0x2f,0x67,0x3e,0xa,0x20,0x20,0x3c,0x6d,0x65,0x74,
  0x61,0x64,0x61,0x74,0x61,0xa,0x20,0x20,0x20,0x20,0x20,0x69,0x64,0x3d,0x22,0x6d,
  0x65,0x74,0x61,0x64,0x61,0x74,0x61,0x31,0x32,0x22,0x3e,0xa,0x20,0x20,0x20,0x20,
  0x3c,0x72,0x64,0x66,0x3a,0x52,0x44,0x46,0x3e,0xa,0x20,0x20,0x20,0x20,0x20,0x20,
  0x3c,0x72,0x64,0x66,0x3a,0x44,0x65,0x73,0x63,0x72,0x69,0x70,0x74,0x69,0x6f,0x6e,
  0xa,0x20,0x20,0x20,0x20,0x20,0x20,0x20,0x20,0x20,0x61,0x62,0x6f,0x75,0x74,0x3d,
  0x22,0x68,0x74,0x74,0x70,0x73,0x3a,0x2f,0x2f,0x69,0x63,0x6f,0x6e,0x73,0x63,0x6f,
  0x75,0x74,0x2e,0x63,0x6f,0x6d,0x2f,0x6c,0x65,0x67,0x61,0x6c,0x23,0x6c,0x69,0x63,
  0x65,0x6e,0x73,0x65,0x73,0x22,0xa,0x20,0x20,0x20,0x20,0x20,0x20,0x20,0x20,0x20,
  0x64,0x63,0x3a,0x74,0x69,0x74,0x6c,0x65,0x3d,0x22,0x4d,0x65,0x6e,0x75,0x2c,0x20,
  0x42,0x61,0x72,0x2c,0x20,0x4c,0x69,0x6e,0x65,0x73,0x2c,0x20,0x4f,0x70,0x74,0x69,
  0x6f,0x6e,0x2c,0x20,0x4c,0x69,0x73,0x74,0x2c,0x20,0x48,0x61,0x6d,0x62,0x75,0x72,
  0x67,0x65,0x72,0x2c,0x20,0x57,0x65,0x62,0x22,0xa,0x20,0x20,0x20,0x20,0x20,0x20,
  0x20,0x20,0x20,0x64,0x63,0x3a,0x64,0x65,0x73,0x63,0x72,0x69,0x70,0x74,0x69,0x6f,
  0x6e,0x3d,0x22,0x4d,0x65,0x6e,0x75,0x2c,0x20,0x42,0x61,0x72,0x2c,0x20,0x4c,0x69,
  0x6e,0x65,0x73,0x2c,0x20,0x4f,0x70,0x74,0x69,0x6f,0x6e,0x2c,0x20,0x4c,0x69,0x73,
  0x74,0x2c,0x20,0x48,0x61,0x6d,0x62,0x75,0x72,0x67,0x65,0x72,0x2c,0x20,0x57,0x65,
  0x62,0x22,0xa,0x20,0x20,0x20,0x20,0x20,0x20,0x20,0x20,0x20,0x64,0x63,0x3a,0x70,
  0x75,0x62,0x6c,0x69,0x73,0x68,0x65,0x72,0x3d,0x22,0x49,0x63,0x6f,0x6e,0x73,0x63,
  0x6f,0x75,0x74,0x22,0xa,0x20,0x20,0x20,0x20,0x20,0x20,0x20,0x20,0x20,0x64,0x63,
  0x3a,0x64,0x61,0x74,0x65,0x3d,0x22,0x32,0x30,0x31,0x36,0x2d,0x31,0x32,0x2d,0x31,
  0x34,0x22,0xa,0x20,0x20,0x20,0x20,0x20,0x20,0x20,0x20,0x20,0x64,0x63,0x3a,0x66,
  0x6f,0x72,0x6d,0x61,0x74,0x3d,0x22,0x69,0x6d,0x61,0x67,0x65,0x2f,0x73,0x76,0x67,
  0x2b,0x78,0x6d,0x6c,0x22,0xa,0x20,0x20,0x20,0x20,0x20,0x20,0x20,0x20,0x20,0x64,
  0x63,0x3a,0x6c,0x61,0x6e,0x67,0x75,0x61,0x67,0x65,0x3d,0x22,0x65,0x6e,0x22,0x3e,
  0xa,0x20,0x20,0x20,0x20,0x20,0x20,0x20,0x20,0x3c,0x64,0x63,0x3a,0x63,0x72,0x65,
  0x61,0x74,0x6f,0x72,0x3e,0xa,0x20,0x20,0x20,0x20,0x20,0x20,0x20,0x20,0x20,0x20,
  0x3c,0x72,0x64,0x66,0x3a,0x42,0x61,0x67,0x3e,0xa,0x20,0x20,0x20,0x20,0x20,0x20,
  0x20,0x20,0x20,0x20,0x20,0x20,0x3c,0x72,0x64,0x66,0x3a,0x6c,0x69,0x3e,0x4a,0x65,
  0x6d,0x69,0x73,0x20,0x4d,0x61,0x6c,0x69,0x3c,0x2f,0x72,0x64,0x66,0x3a,0x6c,0x69,
  0x3e,0xa,0x20,0x20,0x20,0x20,0x20,0x20,0x20,0x20,0x20,0x20,0x3c,0x2f,0x72,0x64,
  0x66,0x3a,0x42,0x61,0x67,0x3e,0xa,0x20,0x20,0x20,0x20,0x20,0x20,0x20,0x20,0x3c,
  0x2f,0x64,0x63,0x3a,0x63,0x72,0x65,0x61,0x74,0x6f,0x72,0x3e,0xa,0x20,0x20,0x20,
  0x20,0x20,0x20,0x3c,0x2f,0x72,0x64,0x66,0x3a,0x44,0x65,0x73,0x63,0x72,0x69,0x70,
  0x74,0x69,0x6f,0x6e,0x3e,0xa,0x20,0x20,0x20,0x20,0x20,0x20,0x3c,0x63,0x63,0x3a,
  0x57,0x6f,0x72,0x6b,0xa,0x20,0x20,0x20,0x20,0x20,0x20,0x20,0x20,0x20,0x72,0x64,
  0x66,0x3a,0x61,0x62,0x6f,0x75,0x74,0x3d,0x22,0x22,0x3e,0xa,0x20,0x20,0x20,0x20,
  0x20,0x20,0x20,0x20,0x3c,0x64,0x63,0x3a,0x66,0x6f,0x72,0x6d,0x61,0x74,0x3e,0x69,
  0x6d,0x61,0x67,0x65,0x2f,0x73,0x76,0x67,0x2b,0x78,0x6d,0x6c,0x3c,0x2f,0x64,0x63,
  0x3a,0x66,0x6f,0x72,0x6d,0x61,0x74,0x3e,0xa,0x20,0x20,0x20,0x20,0x20,0x20,0x20,
  0x20,0x3c,0x64,0x63,0x3a,0x74,0x79,0x70,0x65,0xa,0x20,0x20,0x20,0x20,0x20,0x20,
  0x20,0x20,0x20,0x20,0x20,0x72,0x64,0x66,0x3a,0x72,0x65,0x73,0x6f,0x75,0x72,0x63,
  0x65,0x3d,0x22,0x68,0x74,0x74,0x70,0x3a,0x2f,0x2f,0x70,0x75,0x72,0x6c,0x2e,0x6f,
  0x72,0x67,0x2f,0x64,0x63,0x2f,0x64,0x63,0x6d,0x69,0x74,0x79,0x70,0x65,0x2f,0x53,
  0x74,0x69,0x6c,0x6c,0x49,0x6d,0x61,0x67,0x65,0x22,0x20,0x2f,0x3e,0xa,0x20,0x20,
  0x20,0x20,0x20,0x20,0x20,0x20,0x3c,0x64,0x63,0x3a,0x74,0x69,0x74,0x6c,0x65,0x20,
  0x2f,0x3e,0xa,0x20,0x20,0x20,0x20,0x20,0x20,0x3c,0x2f,0x63,0x63,0x3a,0x57,0x6f,
  0x72,0x6b,0x3e,0xa,0x20,0x20,0x20,0x20,0x3c,0x2f,0x72,0x64,0x66,0x3a,0x52,0x44,
  0x46,0x3e,0xa,0x20,0x20,0x3c,0x2f,0x6d,0x65,0x74,0x61,0x64,0x61,0x74,0x61,0x3e,
  0xa,0x3c,0x2f,0x73,0x76,0x67,0x3e,0xa,
    // vs-pin-button-pinned-focused.svg
  0x0,0x0,0x1,0x50,
  0x3c,
  0x3f,0x78,0x6d,0x6c,0x20,0x76,0x65,0x72,0x73,0x69,0x6f,0x6e,0x3d,0x22,0x31,0x2e,
  0x30,0x22,0x20,0x65,0x6e,0x63,0x6f,0x64,0x69,0x6e,0x67,0x3d,0x22,0x55,0x54,0x46,
  0x2d,0x38,0x22,0x3f,0x3e,0xa,0x3c,0x73,0x76,0x67,0x20,0x77,0x69,0x64,0x74,0x68,
  0x3d,0x22,0x31,0x36,0x22,0x20,0x68,0x65,0x69,0x67,0x68,0x74,0x3d,0x22,0x31,0x36,
  0x22,0x20,0x65,0x6e,0x61,0x62,0x6c,0x65,0x2d,0x62,0x61,0x63,0x6b,0x67,0x72,0x6f,
  0x75,0x6e,0x64,0x3d,0x22,0x6e,0x65,0x77,0x20,0x30,0x20,0x30,0x20,0x31,0x32,0x32,
  0x2e,0x38,0x37,0x39,0x20,0x31,0x32,0x32,0x2e,0x38,0x36,0x37,0x22,0x20,0x76,0x65,
  0x72,0x73,0x69,0x6f,0x6e,0x3d,0x22,0x31,0x2e,0x31,0x22,0x20,0x76,0x69,0x65,0x77,
  0x42,0x6f,0x78,0x3d,0x22,0x30,0x20,0x30,0x20,0x31,0x36,0x20,0x31,0x36,0x22,0x20,
  0x78,0x6d,0x6c,0x3a,0x73,0x70,0x61,0x63,0x65,0x3d,0x22,0x70,0x72,0x65,0x73,0x65,
  0x72,0x76,0x65,0x22,0x20,0x78,0x6d,0x6c,0x6e,0x73,0x3d,0x22,0x68,0x74,0x74,0x70,
  0x3a,0x2f,0x2f,0x77,0x77,0x77,0x2e,0x77,0x33,0x2e,0x6f,0x72,0x67,0x2f,0x32,0x30,
  0x30,0x30,0x2f,0x73,0x76,0x67,0x22,0x3e,0x3c,0x70,0x61,0x74,0x68,0x20,0x64,0x3d,
  0x22,0x6d,0x31,0x34,0x20,0x36,0x68,0x2d,0x36,0x76,0x2d,0x31,0x68,0x2d,0x31,0x76,
  0x33,0x68,0x2d,0x34,0x76,0x31,0x68,0x34,0x76,0x33,0x68,0x31,0x76,0x2d,0x31,0x68,
  0x36,0x76,0x2d,0x34,0x7a,0x6d,0x2d,0x31,0x20,0x31,0x76,0x32,0x68,0x2d,0x35,0x76,
  0x2d,0x32,0x7a,0x22,0x20,0x63,0x6f,0x6c,0x6f,0x72,0x3d,0x22,0x23,0x30,0x30,0x30,
  0x30,0x30,0x30,0x22,0x20,0x66,0x69,0x6c,0x6c,0x3d,0x22,0x23,0x66,0x66,0x66,0x22,
  0x20,0x73,0x74,0x79,0x6c,0x65,0x3d,0x22,0x2d,0x69,0x6e,0x6b,0x73,0x63,0x61,0x70,
  0x65,0x2d,0x73,0x74,0x72,0x6f,0x6b,0x65,0x3a,0x6e,0x6f,0x6e,0x65,0x22,0x2f,0x3e,
  0x3c,0x73,0x74,0x79,0x6c,0x65,0x2f,0x3e,0x3c,0x2f,0x73,0x76,0x67,0x3e,0xa,
    // detach-button-disabled.svg
  0x0,0x0,0x7,0x1c,
  0x0,
  0x0,0x19,0x58,0x78,0xda,0xcd,0x59,0x5b,0x6f,0xe3,0xb6,0x12,0x7e,0xdf,0x5f,0x21,
  0x28,0x2f,0x5d,0xd4,0xb4,0x2e,0x76,0x1c,0x5b,0xb6,0x53,0x60,0xb1,0xdd,0x9e,0x1e,
  0x74,0x51,0xa0,0xed,0xa2,0xcf,0xb4,0x44,0xcb,0x6c,0x28,0x52,0x25,0x29,0xdb,0xc9,
  0xaf,0x3f,0x33,0xd4,0xdd,0x71,0x4e,0x77,0xd1,0x17,0x3b,0x31,0x22,0x7e,0x73,0xe1,
  0xdc,0x48,0x8e,0x98,0xcd,0xf,0xe7,0x42,0x78,0x47,0xa6,0xd,0x57,0x72,0xeb,0x47,
  0xd3,0xd0,0xf7,0x98,0x4c,0x55,0xc6,0x65,0xbe,0xf5,0xbf,0xfc,0xf1,0x89,0x2c,0x7d,
  0xcf,0x58,0x2a,0x33,0x2a,0x94,0x64,0x5b,0x5f,0x2a,0xff,0x87,0xc7,0x77,0x1b,0x73,
  0xcc,0xdf,0x79,0x9e,0x7,0xc2,0xd2,0x24,0x59,0xba,0xf5,0xf,0xd6,0x96,0x49,0x10,
  0x94,0x95,0x16,0x53,0xa5,0xf3,0x20,0x4b,0x3,0x26,0x58,0xc1,0xa4,0x35,0x41,0x34,
  0x8d,0x2,0xbf,0x67,0x4f,0x7b,0xf6,0x54,0x33,0x6a,0xf9,0x91,0xa5,0xaa,0x28,0x94,
  0x34,0x4e,0x52,0x9a,0xbb,0x1,0xb3,0xce,0xf6,0x1d,0xf7,0xe9,0x74,0x9a,0x9e,0x66,
  0x8e,0x29,0x5a,0xad,0x56,0x41,0x18,0x7,0x71,0x4c,0x80,0x83,0x98,0x67,0x69,0xe9,
  0x99,0x8c,0x45,0xc1,0xc6,0x6b,0xa2,0x71,0x18,0x86,0x1,0xd0,0x7a,0xce,0xaf,0xe3,
  0x4a,0xc,0x44,0xa5,0x84,0x6f,0xc7,0xde,0x2,0x53,0xa3,0x2a,0x9d,0xb2,0x3d,0xc8,
  0xb1,0xa9,0x64,0x36,0xf8,0xf8,0xc7,0xc7,0x8e,0x48,0xc2,0x69,0x66,0xb3,0x81,0x1a,
  0x2e,0x9f,0x4c,0x4a,0x4b,0x36,0x9a,0xb5,0x5,0xeb,0x8,0xd0,0x82,0x99,0x92,0xa6,
  0xcc,0x4,0x2d,0xee,0xe4,0x4f,0x3c,0xb3,0x7,0x48,0xd2,0xa2,0x3c,0xbb,0xf1,0x81,
  0xf1,0xfc,0x60,0x7,0xc0,0x91,0xb3,0xd3,0x7,0x75,0xde,0xfa,0xa1,0x17,0x7a,0xd1,
  0x2,0x7e,0x1d,0xcc,0xb3,0xad,0xf,0xae,0xc4,0x35,0x4f,0x9f,0xeb,0xa8,0xa6,0x36,
  0x53,0x24,0xc3,0x2a,0xf0,0xbe,0x9b,0x87,0xb3,0x7b,0x3a,0xdf,0xef,0xe6,0xab,0x89,
  0x17,0x87,0x71,0x48,0xc2,0x7b,0x12,0x46,0xef,0x9d,0x48,0xeb,0x5b,0x92,0xa9,0x14,
  0x8d,0xdd,0xfa,0x19,0xb3,0x34,0x3d,0x90,0x5d,0x65,0xad,0x92,0x24,0xe3,0x86,0xee,
  0x4,0xcb,0xa6,0x18,0xc0,0x47,0x90,0xd8,0x18,0xfb,0x2c,0x18,0x8a,0x36,0xd6,0xe0,
  0x30,0xf6,0x1f,0x37,0x81,0x7b,0x72,0x2c,0x19,0xdb,0x9b,0x9e,0x3,0x47,0x73,0x27,
  0xb,0xa4,0x92,0x5a,0xcb,0xb4,0xac,0xa9,0x9e,0xf7,0xc,0xe,0xfa,0xed,0xe0,0x3c,
  0x1c,0xb4,0x11,0x59,0x74,0x48,0x13,0xb3,0x1e,0x68,0x74,0x7d,0x91,0xdc,0x42,0xe2,
  0x2b,0xc3,0xf4,0xef,0x18,0xea,0x5f,0xe5,0x17,0xc3,0x3a,0x26,0xb4,0xe0,0xc7,0xcf,
  0x9f,0xe,0x3b,0x6a,0x58,0x23,0xe0,0x7b,0xc1,0xd,0x59,0x43,0xe6,0x37,0x66,0xcf,
  0xec,0xc6,0xec,0x59,0xde,0x98,0x3d,0xf1,0x8d,0xd9,0xb3,0xba,0xb5,0x7a,0xbe,0xb9,
  0x8c,0xcd,0xc8,0xc3,0xad,0xd5,0x34,0x9,0x6f,0x2d,0x6b,0xd1,0xcd,0x95,0xd1,0xfd,
  0xcd,0x95,0x51,0x78,0x73,0x65,0xd4,0x6e,0x46,0x9b,0x0,0x8f,0xd9,0xfa,0x80,0x6e,
  0x8f,0x74,0x3c,0xcf,0x33,0x6c,0x24,0xfa,0xb3,0x18,0x85,0x1b,0x8d,0x25,0xcd,0xa1,
  0x59,0x13,0x4a,0x6f,0xfd,0xbb,0xbd,0xfb,0x34,0x84,0x9d,0xd2,0x19,0xd3,0x2d,0x69,
  0xe1,0x3e,0x23,0x92,0x2,0xe3,0xb8,0x7d,0xae,0x7b,0xcc,0x46,0x77,0xdb,0x79,0xa0,
  0xd6,0x8e,0x1e,0x5e,0xa7,0x9b,0x3,0xcd,0xd4,0x69,0xeb,0xc7,0x97,0xc4,0x17,0xa5,
  0xa,0x80,0xe3,0xe9,0x22,0x7e,0x98,0x47,0xf,0x97,0xe4,0x14,0xe2,0xba,0x98,0xc6,
  0xb3,0x68,0xb1,0x5c,0xae,0x5e,0x11,0xd1,0x9e,0x78,0xfa,0x30,0x9b,0xaf,0x16,0xcb,
  0x4b,0x22,0x34,0x37,0x15,0x36,0xb0,0xa4,0xaa,0x43,0xdc,0x34,0x59,0x43,0xf1,0x4a,
  0x6b,0x64,0x10,0xf4,0x99,0x81,0xdb,0xf9,0x7d,0x1c,0xb7,0x5a,0xcc,0x41,0x9d,0x72,
  0x8d,0xd1,0xb3,0xba,0x6a,0xa3,0xf7,0xa6,0xa2,0x13,0x97,0xe0,0x1c,0x69,0x1b,0xbc,
  0x55,0x1c,0xbe,0xc1,0xd1,0xb5,0x7c,0xe1,0x6b,0x4f,0x1b,0x96,0x33,0x2a,0x88,0xe2,
  0x37,0xa8,0xe0,0x30,0x59,0xbe,0x41,0x2b,0xe8,0x99,0x17,0xfc,0x85,0x81,0xd1,0xd1,
  0x25,0x8b,0x91,0xb4,0x24,0xbb,0x1d,0x36,0x97,0x3,0x87,0x3a,0x32,0x52,0x8,0x14,
  0xd8,0xc1,0xfc,0x1f,0xba,0x54,0x19,0x7b,0x83,0xde,0xa9,0x27,0x2c,0xcb,0x19,0x29,
  0x78,0x56,0x2a,0x2e,0xed,0x3f,0x72,0x7f,0xd,0x63,0x2e,0xd4,0x8e,0x8a,0xeb,0xc,
  0x5d,0x8e,0xb5,0xb2,0xf0,0x26,0x82,0xdd,0x6f,0x38,0xcc,0x60,0xc5,0xdf,0x34,0xd9,
  0xd1,0x86,0x21,0x69,0xd6,0x78,0xcf,0x0,0xe9,0x6f,0xd7,0xa1,0x7d,0xc6,0x86,0xff,
  0xfc,0x8c,0xd8,0x68,0x71,0x22,0x30,0x9b,0xcd,0x16,0xfd,0x1e,0xd1,0xad,0x44,0x37,
  0x41,0xb7,0xda,0x95,0xe1,0xb5,0x7d,0xf3,0x49,0xd4,0xef,0x13,0x4a,0x73,0xb0,0xbe,
  0xb1,0x3c,0x9a,0x84,0x63,0xdd,0xa8,0x60,0xb9,0x9c,0x7d,0xbd,0xee,0x28,0x9c,0x74,
  0x95,0x73,0xa1,0x3c,0x9c,0x90,0xe8,0x9a,0xf6,0xfb,0x6f,0xd0,0x1e,0x4f,0xe2,0x6f,
  0xb2,0xfc,0xe1,0x1b,0x74,0xcf,0x27,0xf3,0x6f,0x33,0x7c,0xd5,0x6d,0x82,0xaf,0xf7,
  0x3e,0x87,0xe7,0x17,0x9,0x17,0x74,0xc7,0xa0,0x8c,0x7e,0xc1,0xc5,0xee,0xbd,0x5a,
  0x20,0xb9,0x56,0x55,0x59,0x40,0x85,0x6f,0x7d,0xb7,0x1d,0xf8,0xfd,0xfe,0xe9,0xc6,
  0xad,0x80,0xd5,0x54,0x1a,0x78,0x55,0x2c,0xb0,0x6a,0xe0,0x51,0x50,0xcb,0xbe,0x43,
  0x1b,0xc3,0xd9,0x62,0x3a,0x5b,0xc4,0xf1,0xfb,0xb6,0x90,0xf2,0xae,0x78,0xae,0x89,
  0x2c,0xe2,0x25,0x8,0xcd,0xc3,0xe9,0x1c,0x5e,0x85,0x97,0xef,0xc7,0x1e,0xba,0x8d,
  0xe8,0xb1,0x81,0xf0,0xd4,0x39,0xb4,0xe4,0x9a,0x1,0x91,0xe5,0x6a,0xe6,0xf7,0xa8,
  0x7b,0xf,0xdb,0xfa,0x6e,0x3,0x4f,0xee,0x42,0xf7,0x59,0xef,0x15,0xac,0xc,0x47,
  0x49,0x24,0x4c,0x4f,0x45,0x8d,0x1c,0xa9,0xe6,0x54,0xda,0x11,0x76,0x72,0x1b,0xd3,
  0x8,0x32,0x56,0x33,0x9b,0x1e,0xc6,0x18,0x6c,0x2f,0x9,0x4,0x99,0x57,0xc5,0x5a,
  0x70,0xc9,0x9a,0xd,0x6d,0xc4,0xb3,0xa7,0x5,0x17,0xcf,0x89,0x1,0x4f,0x9,0x9c,
  0x6a,0x7c,0x3f,0x9a,0x95,0x8,0x9e,0x53,0x5b,0x69,0x66,0xae,0xd9,0x44,0xda,0x8a,
  0xb8,0x4a,0x84,0x44,0x5d,0x97,0x92,0xb0,0x9,0x68,0x9e,0x5e,0xa5,0x51,0x81,0xa7,
  0x26,0x84,0xfc,0xba,0x28,0xa3,0x6,0x78,0xc,0x3c,0x8f,0x9d,0x60,0xce,0x48,0x70,
  0xc0,0x5a,0x2e,0xf3,0x2b,0xb2,0x68,0xe5,0x2b,0xb2,0x65,0x67,0x4b,0x60,0x37,0x86,
  0xf2,0x4d,0xc2,0x7a,0x44,0xc1,0x61,0x99,0x18,0x4b,0xb5,0xad,0x81,0xc,0x4e,0x60,
  0x4d,0x1b,0x27,0x25,0xbb,0x4,0x9,0xc6,0xf5,0x3a,0xa5,0x4e,0xa5,0x51,0x82,0x67,
  0xaf,0x68,0xe3,0xcc,0xb,0x86,0xbd,0x2,0xc1,0x5b,0x8,0x30,0xaf,0xb5,0xee,0x4,
  0x27,0xf9,0x25,0xe6,0xf4,0x74,0x15,0x5a,0xcf,0x7b,0xd2,0x1c,0xbd,0x22,0xb8,0x1c,
  0x12,0xa1,0x89,0xdd,0xad,0x33,0xae,0x59,0xea,0x6c,0x16,0x56,0xd7,0x42,0x83,0x55,
  0x9a,0x14,0xfc,0xcc,0xb2,0x75,0xa6,0xa,0x2e,0x31,0xa8,0xd8,0x71,0x38,0x37,0x68,
  0x65,0xd5,0xba,0x1d,0x11,0x73,0xe0,0x7b,0x9b,0xb4,0xc3,0x26,0x3c,0x32,0x3d,0x80,
  0xe1,0x75,0x7c,0x4e,0x7,0x6e,0x99,0xb3,0xb0,0xab,0x58,0xe8,0x1b,0x4a,0x6,0x47,
  0x53,0x86,0x57,0x5a,0x10,0xd3,0x7a,0x5c,0x50,0x9d,0x73,0x9,0x43,0x2e,0x6b,0xcd,
  0x58,0x97,0xe1,0x3a,0x15,0xbc,0x24,0xba,0x72,0xf5,0x2e,0x5f,0xa0,0x69,0x1,0xbb,
  0x4d,0x9,0xeb,0x37,0xa9,0xf9,0xd6,0xea,0xc8,0xf4,0x5e,0xa8,0x53,0x72,0xe4,0x86,
  0xef,0x4,0x5b,0xbb,0xbf,0x5c,0x40,0xe7,0xd2,0x41,0x4d,0x27,0x93,0x44,0x6b,0xe,
  0xa1,0xae,0xfd,0x73,0x7e,0x80,0x93,0x4,0x18,0x64,0x56,0x7,0xa6,0x31,0xd0,0x5,
  0x1e,0x72,0xe,0xf1,0x2e,0x5b,0x76,0xf3,0xdb,0x4f,0x1f,0xae,0x11,0xc8,0x9e,0x63,
  0x35,0x9a,0x4,0x8d,0xa1,0x1a,0xb9,0x5c,0x36,0x2f,0xb2,0x57,0x63,0xbd,0x1d,0x47,
  0x8,0x3d,0xa8,0x62,0xfb,0x3d,0x3c,0xd4,0x29,0x2,0x45,0x22,0xb9,0xa3,0x21,0xfe,
  0xb8,0xc1,0x80,0xdd,0xd,0x47,0x51,0x80,0xa5,0xac,0x9e,0x9a,0xa2,0xaa,0x9f,0xeb,
  0x5e,0x5,0x98,0x9b,0x21,0x1a,0x4,0xcb,0x2b,0x31,0x7f,0x57,0x54,0xb3,0x21,0xfa,
  0x17,0x9c,0xcf,0x90,0x5f,0x30,0xbb,0x45,0xdd,0x40,0x40,0xab,0x61,0x93,0xd5,0x34,
  0x6e,0xd1,0x8c,0x42,0x6a,0xb4,0x86,0x58,0xf,0xa7,0x41,0x54,0xed,0xf7,0xb0,0x4e,
  0x30,0x77,0x35,0xd6,0x5b,0x5a,0x52,0x8,0xf,0x71,0xfd,0x65,0x52,0x13,0x3d,0x34,
  0xde,0x83,0xf4,0x3e,0x41,0x98,0x9a,0x10,0x42,0x8f,0x6,0xc,0x98,0x7e,0x97,0x6,
  0x5e,0x40,0x3b,0x79,0x9,0xd6,0x65,0x71,0x1,0xba,0x2,0xbb,0xc0,0x98,0xc4,0xab,
  0x2d,0xa8,0xd0,0xf4,0x9,0xb7,0x7c,0x99,0x25,0x34,0x85,0x1e,0xa2,0xc2,0x4d,0x19,
  0xc,0x54,0xe5,0x65,0x2e,0x10,0xea,0x2c,0x1e,0xec,0xb8,0xb0,0xd,0x17,0x1e,0x81,
  0xd,0x7f,0x12,0x45,0xf,0xab,0xe9,0x12,0x9e,0xbc,0xa3,0x17,0x4e,0xef,0xbd,0x8,
  0xbf,0xde,0xc1,0x23,0x43,0x60,0xe,0xc0,0x2,0xc6,0x64,0x6,0xf,0x48,0x20,0x73,
  0x64,0x78,0xf1,0xa,0x2f,0x9a,0xc4,0x80,0xcd,0x1,0x43,0x1a,0x89,0x90,0x88,0x8,
  0xb0,0x22,0x99,0xc4,0x93,0xd9,0x90,0x3e,0xf7,0x5e,0xfa,0x73,0x35,0xc8,0xeb,0x33,
  0xb0,0xfe,0x53,0x30,0x4b,0x33,0x6a,0x69,0x7f,0x76,0xb5,0x8,0xb4,0x5,0x8d,0x84,
  0xce,0xf6,0xc9,0x6f,0x1f,0x3f,0x75,0xa7,0xb,0x8e,0x3f,0x32,0x93,0x6a,0x5e,0x62,
  0x89,0xf6,0xe,0xd2,0x9d,0xaa,0x6c,0x7d,0xcb,0x69,0x92,0x20,0xe0,0xa9,0x92,0x26,
  0x5,0x68,0x9a,0xaa,0x22,0x10,0x2c,0xa7,0xe2,0x4e,0xf0,0x94,0x49,0xc3,0xcc,0x30,
  0x2c,0x69,0x62,0xb9,0xc5,0xb3,0xe8,0x33,0x93,0xd5,0xc4,0xfb,0x40,0xf5,0xc4,0xfb,
  0x5,0xea,0xc8,0x4c,0xbc,0x5f,0xdd,0xc,0x38,0x34,0x76,0xe2,0xfd,0x87,0x16,0xbb,
  0x4a,0xe7,0xc,0xe8,0x7f,0xb2,0xdd,0x58,0x45,0xd6,0x1b,0xf4,0xef,0x14,0x95,0xd5,
  0x4e,0x70,0x73,0xc0,0xf6,0xfe,0xe7,0xd6,0x81,0x8b,0xa9,0x20,0xf1,0xf0,0xfe,0x11,
  0x46,0xb,0x12,0xc5,0x70,0x22,0x8f,0xa9,0xb8,0x29,0x52,0x88,0x82,0x2b,0x3a,0xbc,
  0x50,0xfe,0xfe,0x5c,0x88,0x31,0x8b,0xa0,0x32,0xaf,0x80,0xba,0xf5,0x99,0xec,0xe,
  0x6d,0xbc,0x10,0x4d,0x13,0x77,0x3f,0xae,0x74,0xf,0x36,0xf1,0xfe,0x40,0xf3,0x21,
  0xd6,0xa0,0x82,0x3f,0xfe,0x97,0x15,0xdc,0x78,0x9f,0xe1,0xcc,0xd8,0x4,0xd,0x34,
  0x94,0xd,0x5e,0x9,0xc3,0x2b,0xe0,0xab,0x69,0x6a,0xb6,0x41,0x4e,0x3b,0x42,0x9a,
  0x26,0x7f,0x2a,0xfd,0xd4,0xab,0x44,0xc6,0x26,0xcf,0x17,0xa6,0xd7,0x8e,0x3f,0x8e,
  0xfc,0x76,0x93,0x35,0x84,0x11,0x33,0xb6,0xc7,0x43,0x7f,0x50,0x2d,0x9c,0xf0,0xee,
  0x5a,0xfd,0xea,0xff,0x16,0xb2,0x14,0x76,0xf,0x10,0xa,0x7e,0xb7,0xb0,0xde,0x7f,
  0xc6,0x49,0xba,0x9a,0xee,0x94,0x62,0x19,0xf5,0xe0,0x26,0x68,0xac,0x6f,0x2b,0x7f,
  0x50,0xc8,0x9b,0xa0,0xad,0xf3,0xb7,0x6f,0xab,0xbb,0x2b,0xce,0x37,0xc8,0xf5,0x55,
  0xc8,0x6,0x7d,0x7d,0x7c,0xf7,0x3f,0x6b,0xfc,0x8c,0xa8,
    // maximize-button-focused.svg
  0x0,0x0,0xf,0x8a,
  0x3c,
  0x3f,0x78,0x6d,0x6c,0x20,0x76,0x65,0x72,0x73,0x69,0x6f,0x6e,0x3d,0x22,0x31,0x2e,
  0x30,0x22,0x20,0x65,0x6e,0x63,0x6f,0x64,0x69,0x6e,0x67,0x3d,0x22,0x55,0x54,0x46,
  0x2d,0x38,0x22,0x20,0x73,0x74,0x61,0x6e,0x64,0x61,0x6c,0x6f,0x6e,0x65,0x3d,0x22,
  0x6e,0x6f,0x22,0x3f,0x3e,0xa,0x3c,0x73,0x76,0x67,0xa,0x20,0x20,0x20,0x78,0x6d,
  0x6c,0x6e,0x73,0x3a,0x64,0x63,0x3d,0x22,0x68,0x74,0x74,0x70,0x3a,0x2f,0x2f,0x70,
  0x75,0x72,0x6c,0x2e,0x6f,0x72,0x67,0x2f,0x64,0x63,0x2f,0x65,0x6c,0x65,0x6d,0x65,
  0x6e,0x74,0x73,0x2f,0x31,0x2e,0x31,0x2f,0x22,0xa,0x20,0x20,0x20,0x78,0x6d,0x6c,
  0x6e,0x73,0x3a,0x63,0x63,0x3d,0x22,0x68,0x74,0x74,0x70,0x3a,0x2f,0x2f,0x63,0x72,
  0x65,0x61,0x74,0x69,0x76,0x65,0x63,0x6f,0x6d,0x6d,0x6f,0x6e,0x73,0x2e,0x6f,0x72,
  0x67,0x2f,0x6e,0x73,0x23,0x22,0xa,0x20,0x20,0x20,0x78,0x6d,0x6c,0x6e,0x73,0x3a,
  0x72,0x64,0x66,0x3d,0x22,0x68,0x74,0x74,0x70,0x3a,0x2f,0x2f,0x77,0x77,0x77,0x2e,
  0x77,0x33,0x2e,0x6f,0x72,0x67,0x2f,0x31,0x39,0x39,0x39,0x2f,0x30,0x32,0x2f,0x32,
  0x32,0x2d,0x72,0x64,0x66,0x2d,0x73,0x79,0x6e,0x74,0x61,0x78,0x2d,0x6e,0x73,0x23,
  0x22,0xa,0x20,0x20,0x20,0x78,0x6d,0x6c,0x6e,0x73,0x3a,0x73,0x76,0x67,0x3d,0x22,
  0x68,0x74,0x74,0x70,0x3a,0x2f,0x2f,0x77,0x77,0x77,0x2e,0x77,0x33,0x2e,0x6f,0x72,
  0x67,0x2f,0x32,0x30,0x30,0x30,0x2f,0x73,0x76,0x67,0x22,0xa,0x20,0x20,0x20,0x78,
  0x6d,0x6c,0x6e,0x73,0x3d,0x22,0x68,0x74,0x74,0x70,0x3a,0x2f,0x2f,0x77,0x77,0x77,
  0x2e,0x77,0x33,0x2e,0x6f,0x72,0x67,0x2f,0x32,0x30,0x30,0x30,0x2f,0x73,0x76,0x67,
  0x22,0xa,0x20,0x20,0x20,0x78,0x6d,0x6c,0x6e,0x73,0x3a,0x73,0x6f,0x64,0x69,0x70,
  0x6f,0x64,0x69,0x3d,0x22,0x68,0x74,0x74,0x70,0x3a,0x2f,0x2f,0x73,0x6f,0x64,0x69,
  0x70,0x6f,0x64,0x69,0x2e,0x73,0x6f,0x75,0x72,0x63,0x65,0x66,0x6f,0x72,0x67,0x65,
  0x2e,0x6e,0x65,0x74,0x2f,0x44,0x54,0x44,0x2f,0x73,0x6f,0x64,0x69,0x70,0x6f,0x64,
  0x69,0x2d,0x30,0x2e,0x64,0x74,0x64,0x22,0xa,0x20,0x20,0x20,0x78,0x6d,0x6c,0x6e,
  0x73,0x3a,0x69,0x6e,0x6b,0x73,0x63,0x61,0x70,0x65,0x3d,0x22,0x68,0x74,0x74,0x70,
  0x3a,0x2f,0x2f,0x77,0x77,0x77,0x2e,0x69,0x6e,0x6b,0x73,0x63,0x61,0x70,0x65,0x2e,
  0x6f,0x72,0x67,0x2f,0x6e,0x61,0x6d,0x65,0x73,0x70,0x61,0x63,0x65,0x73,0x2f,0x69,
  0x6e,0x6b,0x73,0x63,0x61,0x70,0x65,0x22,0xa,0x20,0x20,0x20,0x77,0x69,0x64,0x74,
  0x68,0x3d,0x22,0x31,0x36,0x70,0x78,0x22,0xa,0x20,0x20,0x20,0x68,0x65,0x69,0x67,
  0x68,0x74,0x3d,0x22,0x31,0x36,0x70,0x78,0x22,0xa,0x20,0x20,0x20,0x76,0x69,0x65,
  0x77,0x42,0x6f,0x78,0x3d,0x22,0x30,0x20,0x30,0x20,0x31,0x36,0x20,0x31,0x36,0x22,
  0xa,0x20,0x20,0x20,0x69,0x64,0x3d,0x22,0x73,0x76,0x67,0x32,0x22,0xa,0x20,0x20,
  0x20,0x76,0x65,0x72,0x73,0x69,0x6f,0x6e,0x3d,0x22,0x31,0x2e,0x31,0x22,0xa,0x20,
  0x20,0x20,0x69,0x6e,0x6b,0x73,0x63,0x61,0x70,0x65,0x3a,0x76,0x65,0x72,0x73,0x69,
  0x6f,0x6e,0x3d,0x22,0x30,0x2e,0x39,0x32,0x2e,0x35,0x20,0x28,0x32,0x30,0x36,0x30,
  0x65,0x63,0x31,0x66,0x39,0x66,0x2c,0x20,0x32,0x30,0x32,0x30,0x2d,0x30,0x34,0x2d,
  0x30,0x38,0x29,0x22,0xa,0x20,0x20,0x20,0x73,0x6f,0x64,0x69,0x70,0x6f,0x64,0x69,
  0x3a,0x64,0x6f,0x63,0x6e,0x61,0x6d,0x65,0x3d,0x22,0x6d,0x61,0x78,0x69,0x6d,0x69,
  0x7a,0x65,0x2d,0x62,0x75,0x74,0x74,0x6f,0x6e,0x2d,0x66,0x6f,0x63,0x75,0x73,0x65,
  0x64,0x2e,0x73,0x76,0x67,0x22,0x3e,0xa,0x20,0x20,0x3c,0x73,0x74,0x79,0x6c,0x65,
  0xa,0x20,0x20,0x20,0x20,0x20,0x69,0x64,0x3d,0x22,0x73,0x74,0x79,0x6c,0x65,0x32,
  0x22,0x20,0x2f,0x3e,0xa,0x20,0x20,0x3c,0x64,0x65,0x66,0x73,0xa,0x20,0x20,0x20,
  0x20,0x20,0x69,0x64,0x3d,0x22,0x64,0x65,0x66,0x73,0x34,0x22,0x3e,0xa,0x20,0x20,
  0x20,0x20,0x3c,0x70,0x61,0x74,0x74,0x65,0x72,0x6e,0xa,0x20,0x20,0x20,0x20,0x20,
  0x20,0x20,0x79,0x3d,0x22,0x30,0x22,0xa,0x20,0x20,0x20,0x20,0x20,0x20,0x20,0x78,
  0x3d,0x22,0x30,0x22,0xa,0x20,0x20,0x20,0x20,0x20,0x20,0x20,0x68,0x65,0x69,0x67,
  0x68,0x74,0x3d,0x22,0x36,0x22,0xa,0x20,0x20,0x20,0x20,0x20,0x20,0x20,0x77,0x69,
  0x64,0x74,0x68,0x3d,0x22,0x36,0x22,0xa,0x20,0x20,0x20,0x20,0x20,0x20,0x20,0x70,
  0x61,0x74,0x74,0x65,0x72,0x6e,0x55,0x6e,0x69,0x74,0x73,0x3d,0x22,0x75,0x73,0x65,
  0x72,0x53,0x70,0x61,0x63,0x65,0x4f,0x6e,0x55,0x73,0x65,0x22,0xa,0x20,0x20,0x20,
  0x20,0x20,0x20,0x20,0x69,0x64,0x3d,0x22,0x45,0x4d,0x46,0x68,0x62,0x61,0x73,0x65,
  0x70,0x61,0x74,0x74,0x65,0x72,0x6e,0x22,0x20,0x2f,0x3e,0xa,0x20,0x20,0x20,0x20,
  0x3c,0x70,0x61,0x74,0x74,0x65,0x72,0x6e,0xa,0x20,0x20,0x20,0x20,0x20,0x20,0x20,
  0x79,0x3d,0x22,0x30,0x22,0xa,0x20,0x20,0x20,0x20,0x20,0x20,0x20,0x78,0x3d,0x22,
  0x30,0x22,0xa,0x20,0x20,0x20,0x20,0x20,0x20,0x20,0x68,0x65,0x69,0x67,0x68,0x74,
  0x3d,0x22,0x36,0x22,0xa,0x20,0x20,0x20,0x20,0x20,0x20,0x20,0x77,0x69,0x64,0x74,
  0x68,0x3d,0x22,0x36,0x22,0xa,0x20,0x20,0x20,0x20,0x20,0x20,0x20,0x70,0x61,0x74,
  0x74,0x65,0x72,0x6e,0x55,0x6e,0x69,0x74,0x73,0x3d,0x22,0x75,0x73,0x65,0x72,0x53,
  0x70,0x61,0x63,0x65,0x4f,0x6e,0x55,0x73,0x65,0x22,0xa,0x20,0x20,0x20,0x20,0x20,
  0x20,0x20,0x69,0x64,0x3d,0x22,0x45,0x4d,0x46,0x68,0x62,0x61,0x73,0x65,0x70,0x61,
  0x74,0x74,0x65,0x72,0x6e,0x2d,0x34,0x22,0x20,0x2f,0x3e,0xa,0x20,0x20,0x20,0x20,
  0x3c,0x70,0x61,0x74,0x74,0x65,0x72,0x6e,0xa,0x20,0x20,0x20,0x20,0x20,0x20,0x20,
  0x79,0x3d,0x22,0x30,0x22,0xa,0x20,0x20,0x20,0x20,0x20,0x20,0x20,0x78,0x3d,0x22,
  0x30,0x22,0xa,0x20,0x20,0x20,0x20,0x20,0x20,0x20,0x68,0x65,0x69,0x67,0x68,0x74,
  0x3d,0x22,0x36,0x22,0xa,0x20,0x20,0x20,0x20,0x20,0x20,0x20,0x77,0x69,0x64,0x74,
  0x68,0x3d,0x22,0x36,0x22,0xa,0x20,0x20,0x20,0x20,0x20,0x20,0x20,0x70,0x61,0x74,
  0x74,0x65,0x72,0x6e,0x55,0x6e,0x69,0x74,0x73,0x3d,0x22,0x75,0x73,0x65,0x72,0x53,
  0x70,0x61,0x63,0x65,0x4f,0x6e,0x55,0x73,0x65,0x22,0xa,0x20,0x20,0x20,0x20,0x20,
  0x20,0x20,0x69,0x64,0x3d,0x22,0x45,0x4d,0x46,0x68,0x62,0x61,0x73,0x65,0x70,0x61,
  0x74,0x74,0x65,0x72,0x6e,0x2d,0x33,0x22,0x20,0x2f,0x3e,0xa,0x20,0x20,0x20,0x20,
  0x3c,0x70,0x61,0x74,0x74,0x65,0x72,0x6e,0xa,0x20,0x20,0x20,0x20,0x20,0x20,0x20,
  0x79,0x3d,0x22,0x30,0x22,0xa,0x20,0x20,0x20,0x20,0x20,0x20,0x20,0x78,0x3d,0x22,
  0x30,0x22,0xa,0x20,0x20,0x20,0x20,0x20,0x20,0x20,0x68,0x65,0x69,0x67,0x68,0x74,
  0x3d,0x22,0x36,0x22,0xa,0x20,0x20,0x20,0x20,0x20,0x20,0x20,0x77,0x69,0x64,0x74,
  0x68,0x3d,0x22,0x36,0x22,0xa,0x20,0x20,0x20,0x20,0x20,0x20,0x20,0x70,0x61,0x74,
  0x74,0x65,0x72,0x6e,0x55,0x6e,0x69,0x74,0x73,0x3d,0x22,0x75,0x73,0x65,0x72,0x53,
  0x70,0x61,0x63,0x65,0x4f,0x6e,0x55,0x73,0x65,0x22,0xa,0x20,0x20,0x20,0x20,0x20,
  0x20,0x20,0x69,0x64,0x3d,0x22,0x45,0x4d,0x46,0x68,0x62,0x61,0x73,0x65,0x70,0x61,
  0x74,0x74,0x65,0x72,0x6e,0x2d,0x38,0x22,0x20,0x2f,0x3e,0xa,0x20,0x20,0x3c,0x2f,
  0x64,0x65,0x66,0x73,0x3e,0xa,0x20,0x20,0x3c,0x73,0x6f,0x64,0x69,0x70,0x6f,0x64,
  0x69,0x3a,0x6e,0x61,0x6d,0x65,0x64,0x76,0x69,0x65,0x77,0xa,0x20,0x20,0x20,0x20,
  0x20,0x69,0x64,0x3d,0x22,0x62,0x61,0x73,0x65,0x22,0xa,0x20,0x20,0x20,0x20,0x20,
  0x70,0x61,0x67,0x65,0x63,0x6f,0x6c,0x6f,0x72,0x3d,0x22,0x23,0x66,0x66,0x66,0x66,
  0x66,0x66,0x22,0xa,0x20,0x20,0x20,0x20,0x20,0x62,0x6f,0x72,0x64,0x65,0x72,0x63,
  0x6f,0x6c,0x6f,0x72,0x3d,0x22,0x23,0x36,0x36,0x36,0x36,0x36,0x36,0x22,0xa,0x20,
  0x20,0x20,0x20,0x20,0x62,0x6f,0x72,0x64,0x65,0x72,0x6f,0x70,0x61,0x63,0x69,0x74,
  0x79,0x3d,0x22,0x31,0x2e,0x30,0x22,0xa,0x20,0x20,0x20,0x20,0x20,0x69,0x6e,0x6b,
  0x73,0x63,0x61,0x70,0x65,0x3a,0x70,0x61,0x67,0x65,0x6f,0x70,0x61,0x63,0x69,0x74,
  0x79,0x3d,0x22,0x30,0x2e,0x30,0x22,0xa,0x20,0x20,0x20,0x20,0x20,0x69,0x6e,0x6b,
  0x73,0x63,0x61,0x70,0x65,0x3a,0x70,0x61,0x67,0x65,0x73,0x68,0x61,0x64,0x6f,0x77,
  0x3d,0x22,0x32,0x22,0xa,0x20,0x20,0x20,0x20,0x20,0x69,0x6e,0x6b,0x73,0x63,0x61,
  0x70,0x65,0x3a,0x7a,0x6f,0x6f,0x6d,0x3d,0x22,0x33,0x32,0x22,0xa,0x20,0x20,0x20,
  0x20,0x20,0x69,0x6e,0x6b,0x73,0x63,0x61,0x70,0x65,0x3a,0x63,0x78,0x3d,0x22,0x2d,
  0x37,0x2e,0x34,0x31,0x34,0x33,0x31,0x30,0x36,0x22,0xa,0x20,0x20,0x20,0x20,0x20,
  0x69,0x6e,0x6b,0x73,0x63,0x61,0x70,0x65,0x3a,0x63,0x79,0x3d,0x22,0x36,0x2e,0x35,
  0x39,0x31,0x31,0x30,0x34,0x22,0xa,0x20,0x20,0x20,0x20,0x20,0x69,0x6e,0x6b,0x73,
  0x63,0x61,0x70,0x65,0x3a,0x64,0x6f,0x63,0x75,0x6d,0x65,0x6e,0x74,0x2d,0x75,0x6e,
  0x69,0x74,0x73,0x3d,0x22,0x70,0x78,0x22,0xa,0x20,0x20,0x20,0x20,0x20,0x69,0x6e,
  0x6b,0x73,0x63,0x61,0x70,0x65,0x3a,0x63,0x75,0x72,0x72,0x65,0x6e,0x74,0x2d,0x6c,
  0x61,0x79,0x65,0x72,0x3d,0x22,0x67,0x35,0x32,0x32,0x38,0x22,0xa,0x20,0x20,0x20,
  0x20,0x20,0x73,0x68,0x6f,0x77,0x67,0x72,0x69,0x64,0x3d,0x22,0x74,0x72,0x75,0x65,
  0x22,0xa,0x20,0x20,0x20,0x20,0x20,0x75,0x6e,0x69,0x74,0x73,0x3d,0x22,0x70,0x78,
  0x22,0xa,0x20,0x20,0x20,0x20,0x20,0x69,0x6e,0x6b,0x73,0x63,0x61,0x70,0x65,0x3a,
  0x77,0x69,0x6e,0x64,0x6f,0x77,0x2d,0x77,0x69,0x64,0x74,0x68,0x3d,0x22,0x31,0x38,
  0x34,0x38,0x22,0xa,0x20,0x20,0x20,0x20,0x20,0x69,0x6e,0x6b,0x73,0x63,0x61,0x70,
  0x65,0x3a,0x77,0x69,0x6e,0x64,0x6f,0x77,0x2d,0x68,0x65,0x69,0x67,0x68,0x74,0x3d,
  0x22,0x39,0x32,0x30,0x22,0xa,0x20,0x20,0x20,0x20,0x20,0x69,0x6e,0x6b,0x73,0x63,
  0x61,0x70,0x65,0x3a,0x77,0x69,0x6e,0x64,0x6f,0x77,0x2d,0x78,0x3d,0x22,0x37,0x32,
  0x22,0xa,0x20,0x20,0x20,0x20,0x20,0x69,0x6e,0x6b,0x73,0x63,0x61,0x70,0x65,0x3a,
  0x77,0x69,0x6e,0x64,0x6f,0x77,0x2d,0x79,0x3d,0x22,0x32,0x37,0x22,0xa,0x20,0x20,
  0x20,0x20,0x20,0x69,0x6e,0x6b,0x73,0x63,0x61,0x70,0x65,0x3a,0x77,0x69,0x6e,0x64,
  0x6f,0x77,0x2d,0x6d,0x61,0x78,0x69,0x6d,0x69,0x7a,0x65,0x64,0x3d,0x22,0x31,0x22,
  0xa,0x20,0x20,0x20,0x20,0x20,0x69,0x6e,0x6b,0x73,0x63,0x61,0x70,0x65,0x3a,0x73,
  0x6e,0x61,0x70,0x2d,0x62,0x62,0x6f,0x78,0x3d,0x22,0x74,0x72,0x75,0x65,0x22,0xa,
  0x20,0x20,0x20,0x20,0x20,0x69,0x6e,0x6b,0x73,0x63,0x61,0x70,0x65,0x3a,0x62,0x62,
  0x6f,0x78,0x2d,0x70,0x61,0x74,0x68,0x73,0x3d,0x22,0x74,0x72,0x75,0x65,0x22,0xa,
  0x20,0x20,0x20,0x20,0x20,0x69,0x6e,0x6b,0x73,0x63,0x61,0x70,0x65,0x3a,0x62,0x62,
  0x6f,0x78,0x2d,0x6e,0x6f,0x64,0x65,0x73,0x3d,0x22,0x74,0x72,0x75,0x65,0x22,0xa,
  0x20,0x20,0x20,0x20,0x20,0x69,0x6e,0x6b,0x73,0x63,0x61,0x70,0x65,0x3a,0x73,0x6e,
  0x61,0x70,0x2d,0x62,0x62,0x6f,0x78,0x2d,0x65,0x64,0x67,0x65,0x2d,0x6d,0x69,0x64,
  0x70,0x6f,0x69,0x6e,0x74,0x73,0x3d,0x22,0x74,0x72,0x75,0x65,0x22,0xa,0x20,0x20,
  0x20,0x20,0x20,0x69,0x6e,0x6b,0x73,0x63,0x61,0x70,0x65,0x3a,0x73,0x6e,0x61,0x70,
  0x2d,0x62,0x62,0x6f,0x78,0x2d,0x6d,0x69,0x64,0x70,0x6f,0x69,0x6e,0x74,0x73,0x3d,
  0x22,0x74,0x72,0x75,0x65,0x22,0xa,0x20,0x20,0x20,0x20,0x20,0x69,0x6e,0x6b,0x73,
  0x63,0x61,0x70,0x65,0x3a,0x73,0x6e,0x61,0x70,0x2d,0x67,0x6c,0x6f,0x62,0x61,0x6c,
  0x3d,0x22,0x74,0x72,0x75,0x65,0x22,0xa,0x20,0x20,0x20,0x20,0x20,0x69,0x6e,0x6b,
  0x73,0x63,0x61,0x70,0x65,0x3a,0x64,0x6f,0x63,0x75,0x6d,0x65,0x6e,0x74,0x2d,0x72,
  0x6f,0x74,0x61,0x74,0x69,0x6f,0x6e,0x3d,0x22,0x30,0x22,0xa,0x20,0x20,0x20,0x20,
  0x20,0x73,0x68,0x6f,0x77,0x67,0x75,0x69,0x64,0x65,0x73,0x3d,0x22,0x74,0x72,0x75,
  0x65,0x22,0xa,0x20,0x20,0x20,0x20,0x20,0x69,0x6e,0x6b,0x73,0x63,0x61,0x70,0x65,
  0x3a,0x67,0x75,0x69,0x64,0x65,0x2d,0x62,0x62,0x6f,0x78,0x3d,0x22,0x74,0x72,0x75,
  0x65,0x22,0x3e,0xa,0x20,0x20,0x20,0x20,0x3c,0x69,0x6e,0x6b,0x73,0x63,0x61,0x70,
  0x65,0x3a,0x67,0x72,0x69,0x64,0xa,0x20,0x20,0x20,0x20,0x20,0x20,0x20,0x74,0x79,
  0x70,0x65,0x3d,0x22,0x78,0x79,0x67,0x72,0x69,0x64,0x22,0xa,0x20,0x20,0x20,0x20,
  0x20,0x20,0x20,0x69,0x64,0x3d,0x22,0x67,0x72,0x69,0x64,0x33,0x33,0x33,0x36,0x22,
  0x20,0x2f,0x3e,0xa,0x20,0x20,0x20,0x20,0x3c,0x73,0x6f,0x64,0x69,0x70,0x6f,0x64,
  0x69,0x3a,0x67,0x75,0x69,0x64,0x65,0xa,0x20,0x20,0x20,0x20,0x20,0x20,0x20,0x70,
  0x6f,0x73,0x69,0x74,0x69,0x6f,0x6e,0x3d,0x22,0x34,0x2c,0x31,0x30,0x22,0xa,0x20,
  0x20,0x20,0x20,0x20,0x20,0x20,0x6f,0x72,0x69,0x65,0x6e,0x74,0x61,0x74,0x69,0x6f,
  0x6e,0x3d,0x22,0x31,0x2c,0x30,0x22,0xa,0x20,0x20,0x20,0x20,0x20,0x20,0x20,0x69,
  0x64,0x3d,0x22,0x67,0x75,0x69,0x64,0x65,0x38,0x38,0x33,0x22,0xa,0x20,0x20,0x20,
  0x20,0x20,0x20,0x20,0x69,0x6e,0x6b,0x73,0x63,0x61,0x70,0x65,0x3a,0x6c,0x6f,0x63,
  0x6b,0x65,0x64,0x3d,0x22,0x66,0x61,0x6c,0x73,0x65,0x22,0x20,0x2f,0x3e,0xa,0x20,
  0x20,0x20,0x20,0x3c,0x73,0x6f,0x64,0x69,0x70,0x6f,0x64,0x69,0x3a,0x67,0x75,0x69,
  0x64,0x65,0xa,0x20,0x20,0x20,0x20,0x20,0x20,0x20,0x70,0x6f,0x73,0x69,0x74,0x69,
  0x6f,0x6e,0x3d,0x22,0x31,0x30,0x2c,0x31,0x32,0x22,0xa,0x20,0x20,0x20,0x20,0x20,
  0x20,0x20,0x6f,0x72,0x69,0x65,0x6e,0x74,0x61,0x74,0x69,0x6f,0x6e,0x3d,0x22,0x30,
  0x2c,0x2d,0x31,0x22,0xa,0x20,0x20,0x20,0x20,0x20,0x20,0x20,0x69,0x64,0x3d,0x22,
  0x67,0x75,0x69,0x64,0x65,0x38,0x38,0x35,0x22,0xa,0x20,0x20,0x20,0x20,0x20,0x20,
  0x20,0x69,0x6e,0x6b,0x73,0x63,0x61,0x70,0x65,0x3a,0x6c,0x6f,0x63,0x6b,0x65,0x64,
  0x3d,0x22,0x66,0x61,0x6c,0x73,0x65,0x22,0x20,0x2f,0x3e,0xa,0x20,0x20,0x20,0x20,
  0x3c,0x73,0x6f,0x64,0x69,0x70,0x6f,0x64,0x69,0x3a,0x67,0x75,0x69,0x64,0x65,0xa,
  0x20,0x20,0x20,0x20,0x20,0x20,0x20,0x70,0x6f,0x73,0x69,0x74,0x69,0x6f,0x6e,0x3d,
  0x22,0x31,0x32,0x2c,0x32,0x22,0xa,0x20,0x20,0x20,0x20,0x20,0x20,0x20,0x6f,0x72,
  0x69,0x65,0x6e,0x74,0x61,0x74,0x69,0x6f,0x6e,0x3d,0x22,0x31,0x2c,0x30,0x22,0xa,
  0x20,0x20,0x20,0x20,0x20,0x20,0x20,0x69,0x64,0x3d,0x22,0x67,0x75,0x69,0x64,0x65,
  0x38,0x38,0x37,0x22,0xa,0x20,0x20,0x20,0x20,0x20,0x20,0x20,0x69,0x6e,0x6b,0x73,
  0x63,0x61,0x70,0x65,0x3a,0x6c,0x6f,0x63,0x6b,0x65,0x64,0x3d,0x22,0x66,0x61,0x6c,
  0x73,0x65,0x22,0x20,0x2f,0x3e,0xa,0x20,0x20,0x20,0x20,0x3c,0x73,0x6f,0x64,0x69,
  0x70,0x6f,0x64,0x69,0x3a,0x67,0x75,0x69,0x64,0x65,0xa,0x20,0x20,0x20,0x20,0x20,
  0x20,0x20,0x70,0x6f,0x73,0x69,0x74,0x69,0x6f,0x6e,0x3d,0x22,0x31,0x34,0x2c,0x34,
  0x22,0xa,0x20,0x20,0x20,0x20,0x20,0x20,0x20,0x6f,0x72,0x69,0x65,0x6e,0x74,0x61,
  0x74,0x69,0x6f,0x6e,0x3d,0x22,0x30,0x2c,0x2d,0x31,0x22,0xa,0x20,0x20,0x20,0x20,
  0x20,0x20,0x20,0x69,0x64,0x3d,0x22,0x67,0x75,0x69,0x64,0x65,0x38,0x38,0x39,0x22,
  0xa,0x20,0x20,0x20,0x20,0x20,0x20,0x20,0x69,0x6e,0x6b,0x73,0x63,0x61,0x70,0x65,
  0x3a,0x6c,0x6f,0x63,0x6b,0x65,0x64,0x3d,0x22,0x66,0x61,0x6c,0x73,0x65,0x22,0x20,
  0x2f,0x3e,0xa,0x20,0x20,0x3c,0x2f,0x73,0x6f,0x64,0x69,0x70,0x6f,0x64,0x69,0x3a,
  0x6e,0x61,0x6d,0x65,0x64,0x76,0x69,0x65,0x77,0x3e,0xa,0x20,0x20,0x3c,0x67,0xa,
  0x20,0x20,0x20,0x20,0x20,0x69,0x6e,0x6b,0x73,0x63,0x61,0x70,0x65,0x3a,0x6c,0x61,
  0x62,0x65,0x6c,0x3d,0x22,0x4c,0x61,0x79,0x65,0x72,0x20,0x31,0x22,0xa,0x20,0x20,
  0x20,0x20,0x20,0x69,0x6e,0x6b,0x73,0x63,0x61,0x70,0x65,0x3a,0x67,0x72,0x6f,0x75,
  0x70,0x6d,0x6f,0x64,0x65,0x3d,0x22,0x6c,0x61,0x79,0x65,0x72,0x22,0xa,0x20,0x20,
  0x20,0x20,0x20,0x69,0x64,0x3d,0x22,0x6c,0x61,0x79,0x65,0x72,0x31,0x22,0xa,0x20,
  0x20,0x20,0x20,0x20,0x74,0x72,0x61,0x6e,0x73,0x66,0x6f,0x72,0x6d,0x3d,0x22,0x74,
  0x72,0x61,0x6e,0x73,0x6c,0x61,0x74,0x65,0x28,0x30,0x2c,0x2d,0x31,0x30,0x33,0x36,
  0x2e,0x33,0x36,0x32,0x32,0x29,0x22,0x3e,0xa,0x20,0x20,0x20,0x20,0x3c,0x67,0xa,
  0x20,0x20,0x20,0x20,0x20,0x20,0x20,0x74,0x72,0x61,0x6e,0x73,0x66,0x6f,0x72,0x6d,
  0x3d,0x22,0x74,0x72,0x61,0x6e,0x73,0x6c,0x61,0x74,0x65,0x28,0x36,0x32,0x38,0x2c,
  0x2d,0x31,0x34,0x30,0x2e,0x34,0x39,0x39,0x39,0x38,0x29,0x22,0xa,0x20,0x20,0x20,
  0x20,0x20,0x20,0x20,0x69,0x64,0x3d,0x22,0x67,0x35,0x32,0x32,0x38,0x22,0x3e,0xa,
  0x20,0x20,0x20,0x20,0x20,0x20,0x3c,0x72,0x65,0x63,0x74,0xa,0x20,0x20,0x20,0x20,
  0x20,0x20,0x20,0x20,0x20,0x69,0x64,0x3d,0x22,0x72,0x65,0x63,0x74,0x34,0x30,0x39,
  0x34,0x22,0xa,0x20,0x20,0x20,0x20,0x20,0x20,0x20,0x20,0x20,0x77,0x69,0x64,0x74,
  0x68,0x3d,0x22,0x37,0x22,0xa,0x20,0x20,0x20,0x20,0x20,0x20,0x20,0x20,0x20,0x68,
  0x65,0x69,0x67,0x68,0x74,0x3d,0x22,0x37,0x22,0xa,0x20,0x20,0x20,0x20,0x20,0x20,
  0x20,0x20,0x20,0x78,0x3d,0x22,0x2d,0x36,0x32,0x33,0x2e,0x35,0x22,0xa,0x20,0x20,
  0x20,0x20,0x20,0x20,0x20,0x20,0x20,0x79,0x3d,0x22,0x31,0x31,0x38,0x31,0x2e,0x33,
  0x36,0x32,0x32,0x22,0xa,0x20,0x20,0x20,0x20,0x20,0x20,0x20,0x20,0x20,0x73,0x74,
  0x79,0x6c,0x65,0x3d,0x22,0x66,0x69,0x6c,0x6c,0x3a,0x6e,0x6f,0x6e,0x65,0x3b,0x73,
  0x74,0x72,0x6f,0x6b,0x65,0x3a,0x23,0x66,0x66,0x66,0x66,0x66,0x66,0x3b,0x73,0x74,
  0x72,0x6f,0x6b,0x65,0x2d,0x77,0x69,0x64,0x74,0x68,0x3a,0x30,0x2e,0x39,0x39,0x39,
  0x39,0x39,0x39,0x39,0x34,0x3b,0x73,0x74,0x72,0x6f,0x6b,0x65,0x2d,0x6c,0x69,0x6e,
  0x65,0x63,0x61,0x70,0x3a,0x62,0x75,0x74,0x74,0x3b,0x73,0x74,0x72,0x6f,0x6b,0x65,
  0x2d,0x6c,0x69,0x6e,0x65,0x6a,0x6f,0x69,0x6e,0x3a,0x6d,0x69,0x74,0x65,0x72,0x3b,
  0x73,0x74,0x72,0x6f,0x6b,0x65,0x2d,0x6d,0x69,0x74,0x65,0x72,0x6c,0x69,0x6d,0x69,
  0x74,0x3a,0x34,0x3b,0x73,0x74,0x72,0x6f,0x6b,0x65,0x2d,0x64,0x61,0x73,0x68,0x61,
  0x72,0x72,0x61,0x79,0x3a,0x6e,0x6f,0x6e,0x65,0x3b,0x73,0x74,0x72,0x6f,0x6b,0x65,
  0x2d,0x6f,0x70,0x61,0x63,0x69,0x74,0x79,0x3a,0x31,0x3b,0x70,0x61,0x69,0x6e,0x74,
  0x2d,0x6f,0x72,0x64,0x65,0x72,0x3a,0x6e,0x6f,0x72,0x6d,0x61,0x6c,0x22,0x20,0x2f,
  0x3e,0xa,0x20,0x20,0x20,0x20,0x3c,0x2f,0x67,0x3e,0xa,0x20,0x20,0x3c,0x2f,0x67,
  0x3e,0xa,0x20,0x20,0x3c,0x6d,0x65,0x74,0x61,0x64,0x61,0x74,0x61,0xa,0x20,0x20,
  0x20,0x20,0x20,0x69,0x64,0x3d,0x22,0x6d,0x65,0x74,0x61,0x64,0x61,0x74,0x61,0x31,
  0x32,0x22,0x3e,0xa,0x20,0x20,0x20,0x20,0x3c,0x72,0x64,0x66,0x3a,0x52,0x44,0x46,
  0x3e,0xa,0x20,0x20,0x20,0x20,0x20,0x20,0x3c,0x72,0x64,0x66,0x3a,0x44,0x65,0x73,
  0x63,0x72,0x69,0x70,0x74,0x69,0x6f,0x6e,0xa,0x20,0x20,0x20,0x20,0x20,0x20,0x20,
  0x20,0x20,0x61,0x62,0x6f,0x75,0x74,0x3d,0x22,0x68,0x74,0x74,0x70,0x73,0x3a,0x2f,
  0x2f,0x69,0x63,0x6f,0x6e,0x73,0x63,0x6f,0x75,0x74,0x2e,0x63,0x6f,0x6d,0x2f,0x6c,
  0x65,0x67,0x61,0x6c,0x23,0x6c,0x69,0x63,0x65,0x6e,0x73,0x65,0x73,0x22,0xa,0x20,
  0x20,0x20,0x20,0x20,0x20,0x20,0x20,0x20,0x64,0x63,0x3a,0x74,0x69,0x74,0x6c,0x65,
  0x3d,0x22,0x4d,0x65,0x6e,0x75,0x2c,0x20,0x42,0x61,0x72,0x2c,0x20,0x4c,0x69,0x6e,
  0x65,0x73,0x2c,0x20,0x4f,0x70,0x74,0x69,0x6f,0x6e,0x2c,0x20,0x4c,0x69,0x73,0x74,
  0x2c,0x20,0x48,0x61,0x6d,0x62,0x75,0x72,0x67,0x65,0x72,0x2c,0x20,0x57,0x65,0x62,
  0x22,0xa,0x20,0x20,0x20,0x20,0x20,0x20,0x20,0x20,0x20,0x64,0x63,0x3a,0x64,0x65,
  0x73,0x63,0x72,0x69,0x70,0x74,0x69,0x6f,0x6e,0x3d,0x22,0x4d,0x65,0x6e,0x75,0x2c,
  0x20,0x42,0x61,0x72,0x2c,0x20,0x4c,0x69,0x6e,0x65,0x73,0x2c,0x20,0x4f,0x70,0x74,
  0x69,0x6f,0x6e,0x2c,0x20,0x4c,0x69,0x73,0x74,0x2c,0x20,0x48,0x61,0x6d,0x62,0x75,
  0x72,0x67,0x65,0x72,0x2c,0x20,0x57,0x65,0x62,0x22,0xa,0x20,0x20,0x20,0x20,0x20,
  0x20,0x20,0x20,0x20,0x64,0x63,0x3a,0x70,0x75,0x62,0x6c,0x69,0x73,0x68,0x65,0x72,
  0x3d,0x22,0x49,0x63,0x6f,0x6e,0x73,0x63,0x6f,0x75,0x74,0x22,0xa,0x20,0x20,0x20,
  0x20,0x20,0x20,0x20,0x20,0x20,0x64,0x63,0x3a,0x64,0x61,0x74,0x65,0x3d,0x22,0x32,
  0x30,0x31,0x36,0x2d,0x31,0x32,0x2d,0x31,0x34,0x22,0xa,0x20,0x20,0x20,0x20,0x20,
  0x20,0x20,0x20,0x20,0x64,0x63,0x3a,0x66,0x6f,0x72,0x6d,0x61,0x74,0x3d,0x22,0x69,
  0x6d,0x61,0x67,0x65,0x2f,0x73,0x76,0x67,0x2b,0x78,0x6d,0x6c,0x22,0xa,0x20,0x20,
  0x20,0x20,0x20,0x20,0x20,0x20,0x20,0x64,0x63,0x3a,0x6c,0x61,0x6e,0x67,0x75,0x61,
  0x67,0x65,0x3d,0x22,0x65,0x6e,0x22,0x3e,0xa,0x20,0x20,0x20,0x20,0x20,0x20,0x20,
  0x20,0x3c,0x64,0x63,0x3a,0x63,0x72,0x65,0x61,0x74,0x6f,0x72,0x3e,0xa,0x20,0x20,
  0x20,0x20,0x20,0x20,0x20,0x20,0x20,0x20,0x3c,0x72,0x64,0x66,0x3a,0x42,0x61,0x67,
  0x3e,0xa,0x20,0x20,0x20,0x20,0x20,0x20,0x20,0x20,0x20,0x20,0x20,0x20,0x3c,0x72,
  0x64,0x66,0x3a,0x6c,0x69,0x3e,0x4a,0x65,0x6d,0x69,0x73,0x20,0x4d,0x61,0x6c,0x69,
  0x3c,0x2f,0x72,0x64,0x66,0x3a,0x6c,0x69,0x3e,0xa,0x20,0x20,0x20,0x20,0x20,0x20,
  0x20,0x20,0x20,0x20,0x3c,0x2f,0x72,0x64,0x66,0x3a,0x42,0x61,0x67,0x3e,0xa,0x20,
  0x20,0x20,0x20,0x20,0x20,0x20,0x20,0x3c,0x2f,0x64,0x63,0x3a,0x63,0x72,0x65,0x61,
  0x74,0x6f,0x72,0x3e,0xa,0x20,0x20,0x20,0x20,0x20,0x20,0x3c,0x2f,0x72,0x64,0x66,
  0x3a,0x44,0x65,0x73,0x63,0x72,0x69,0x70,0x74,0x69,0x6f,0x6e,0x3e,0xa,0x20,0x20,
  0x20,0x20,0x20,0x20,0x3c,0x63,0x63,0x3a,0x57,0x6f,0x72,0x6b,0xa,0x20,0x20,0x20,
  0x20,0x20,0x20,0x20,0x20,0x20,0x72,0x64,0x66,0x3a,0x61,0x62,0x6f,0x75,0x74,0x3d,
  0x22,0x22,0x3e,0xa,0x20,0x20,0x20,0x20,0x20,0x20,0x20,0x20,0x3c,0x64,0x63,0x3a,
  0x66,0x6f,0x72,0x6d,0x61,0x74,0x3e,0x69,0x6d,0x61,0x67,0x65,0x2f,0x73,0x76,0x67,
  0x2b,0x78,0x6d,0x6c,0x3c,0x2f,0x64,0x63,0x3a,0x66,0x6f,0x72,0x6d,0x61,0x74,0x3e,
  0xa,0x20,0x20,0x20,0x20,0x20,0x20,0x20,0x20,0x3c,0x64,0x63,0x3a,0x74,0x79,0x70,
  0x65,0xa,0x20,0x20,0x20,0x20,0x20,0x20,0x20,0x20,0x20,0x20,0x20,0x72,0x64,0x66,
  0x3a,0x72,0x65,0x73,0x6f,0x75,0x72,0x63,0x65,0x3d,0x22,0x68,0x74,0x74,0x70,0x3a,
  0x2f,0x2f,0x70,0x75,0x72,0x6c,0x2e,0x6f,0x72,0x67,0x2f,0x64,0x63,0x2f,0x64,0x63,
  0x6d,0x69,0x74,0x79,0x70,0x65,0x2f,0x53,0x74,0x69,0x6c,0x6c,0x49,0x6d,0x61,0x67,
  0x65,0x22,0x20,0x2f,0x3e,0xa,0x20,0x20,0x20,0x20,0x20,0x20,0x20,0x20,0x3c,0x64,
  0x63,0x3a,0x74,0x69,0x74,0x6c,0x65,0x3e,0x3c,0x2f,0x64,0x63,0x3a,0x74,0x69,0x74,
  0x6c,0x65,0x3e,0xa,0x20,0x20,0x20,0x20,0x20,0x20,0x3c,0x2f,0x63,0x63,0x3a,0x57,
  0x6f,0x72,0x6b,0x3e,0xa,0x20,0x20,0x20,0x20,0x3c,0x2f,0x72,0x64,0x66,0x3a,0x52,
  0x44,0x46,0x3e,0xa,0x20,0x20,0x3c,0x2f,0x6d,0x65,0x74,0x61,0x64,0x61,0x74,0x61,
  0x3e,0xa,0x3c,0x2f,0x73,0x76,0x67,0x3e,0xa,
    // close-button.svg
  0x0,0x0,0x15,0x96,
  0x3c,
  0x3f,0x78,0x6d,0x6c,0x20,0x76,0x65,0x72,0x73,0x69,0x6f,0x6e,0x3d,0x22,0x31,0x2e,
  0x30,0x22,0x20,0x65,0x6e,0x63,0x6f,0x64,0x69,0x6e,0x67,0x3d,0x22,0x55,0x54,0x46,
  0x2d,0x38,0x22,0x20,0x73,0x74,0x61,0x6e,0x64,0x61,0x6c,0x6f,0x6e,0x65,0x3d,0x22,
  0x6e,0x6f,0x22,0x3f,0x3e,0xa,0x3c,0x73,0x76,0x67,0xa,0x20,0x20,0x20,0x78,0x6d,
  0x6c,0x6e,0x73,0x3a,0x64,0x63,0x3d,0x22,0x68,0x74,0x74,0x70,0x3a,0x2f,0x2f,0x70,
  0x75,0x72,0x6c,0x2e,0x6f,0x72,0x67,0x2f,0x64,0x63,0x2f,0x65,0x6c,0x65,0x6d,0x65,
  0x6e,0x74,0x73,0x2f,0x31,0x2e,0x31,0x2f,0x22,0xa,0x20,0x20,0x20,0x78,0x6d,0x6c,
  0x6e,0x73,0x3a,0x63,0x63,0x3d,0x22,0x68,0x74,0x74,0x70,0x3a,0x2f,0x2f,0x63,0x72,
  0x65,0x61,0x74,0x69,0x76,0x65,0x63,0x6f,0x6d,0x6d,0x6f,0x6e,0x73,0x2e,0x6f,0x72,
  0x67,0x2f,0x6e,0x73,0x23,0x22,0xa,0x20,0x20,0x20,0x78,0x6d,0x6c,0x6e,0x73,0x3a,
  0x72,0x64,0x66,0x3d,0x22,0x68,0x74,0x74,0x70,0x3a,0x2f,0x2f,0x77,0x77,0x77,0x2e,
  0x77,0x33,0x2e,0x6f,0x72,0x67,0x2f,0x31,0x39,0x39,0x39,0x2f,0x30,0x32,0x2f,0x32,
  0x32,0x2d,0x72,0x64,0x66,0x2d,0x73,0x79,0x6e,0x74,0x61,0x78,0x2d,0x6e,0x73,0x23,
  0x22,0xa,0x20,0x20,0x20,0x78,0x6d,0x6c,0x6e,0x73,0x3a,0x73,0x76,0x67,0x3d,0x22,
  0x68,0x74,0x74,0x70,0x3a,0x2f,0x2f,0x77,0x77,0x77,0x2e,0x77,0x33,0x2e,0x6f,0x72,
  0x67,0x2f,0x32,0x30,0x30,0x30,0x2f,0x73,0x76,0x67,0x22,0xa,0x20,0x20,0x20,0x78,
  0x6d,0x6c,0x6e,0x73,0x3d,0x22,0x68,0x74,0x74,0x70,0x3a,0x2f,0x2f,0x77,0x77,0x77,
  0x2e,0x77,0x33,0x2e,0x6f,0x72,0x67,0x2f,0x32,0x30,0x30,0x30,0x2f,0x73,0x76,0x67,
  0x22,0xa,0x20,0x20,0x20,0x78,0x6d,0x6c,0x6e,0x73,0x3a,0x73,0x6f,0x64,0x69,0x70,
  0x6f,0x64,0x69,0x3d,0x22,0x68,0x74,0x74,0x70,0x3a,0x2f,0x2f,0x73,0x6f,0x64,0x69,
  0x70,0x6f,0x64,0x69,0x2e,0x73,0x6f,0x75,0x72,0x63,0x65,0x66,0x6f,0x72,0x67,0x65,
  0x2e,0x6e,0x65,0x74,0x2f,0x44,0x54,0x44,0x2f,0x73,0x6f,0x64,0x69,0x70,0x6f,0x64,
  0x69,0x2d,0x30,0x2e,0x64,0x74,0x64,0x22,0xa,0x20,0x20,0x20,0x78,0x6d,0x6c,0x6e,
  0x73,0x3a,0x69,0x6e,0x6b,0x73,0x63,0x61,0x70,0x65,0x3d,0x22,0x68,0x74,0x74,0x70,
  0x3a,0x2f,0x2f,0x77,0x77,0x77,0x2e,0x69,0x6e,0x6b,0x73,0x63,0x61,0x70,0x65,0x2e,
  0x6f,0x72,0x67,0x2f,0x6e,0x61,0x6d,0x65,0x73,0x70,0x61,0x63,0x65,0x73,0x2f,0x69,
  0x6e,0x6b,0x73,0x63,0x61,0x70,0x65,0x22,0xa,0x20,0x20,0x20,0x77,0x69,0x64,0x74,
  0x68,0x3d,0x22,0x31,0x36,0x70,0x78,0x22,0xa,0x20,0x20,0x20,0x68,0x65,0x69,0x67,
  0x68,0x74,0x3d,0x22,0x31,0x36,0x70,0x78,0x22,0xa,0x20,0x20,0x20,0x76,0x69,0x65,
  0x77,0x42,0x6f,0x78,0x3d,0x22,0x30,0x20,0x30,0x20,0x31,0x36,0x20,0x31,0x36,0x22,
  0xa,0x20,0x20,0x20,0x69,0x64,0x3d,0x22,0x73,0x76,0x67,0x32,0x22,0xa,0x20,0x20,
  0x20,0x76,0x65,0x72,0x73,0x69,0x6f,0x6e,0x3d,0x22,0x31,0x2e,0x31,0x22,0xa,0x20,
  0x20,0x20,0x69,0x6e,0x6b,0x73,0x63,0x61,0x70,0x65,0x3a,0x76,0x65,0x72,0x73,0x69,
  0x6f,0x6e,0x3d,0x22,0x31,0x2e,0x30,0x20,0x28,0x34,0x30,0x33,0x35,0x61,0x34,0x66,
  0x62,0x34,0x39,0x2c,0x20,0x32,0x30,0x32,0x30,0x2d,0x30,0x35,0x2d,0x30,0x31,0x29,
  0x22,0xa,0x20,0x20,0x20,0x73,0x6f,0x64,0x69,0x70,0x6f,0x64,0x69,0x3a,0x64,0x6f,
  0x63,0x6e,0x61,0x6d,0x65,0x3d,0x22,0x63,0x6c,0x6f,0x73,0x65,0x2d,0x62,0x75,0x74,
  0x74,0x6f,0x6e,0x32,0x2e,0x73,0x76,0x67,0x22,0x3e,0xa,0x20,0x20,0x3c,0x73,0x74,
  0x79,0x6c,0x65,0xa,0x20,0x20,0x20,0x20,0x20,0x69,0x64,0x3d,0x22,0x73,0x74,0x79,
  0x6c,0x65,0x32,0x22,0x3e,0x3c,0x2f,0x73,0x74,0x79,0x6c,0x65,0x3e,0xa,0x20,0x20,
  0x3c,0x64,0x65,0x66,0x73,0xa,0x20,0x20,0x20,0x20,0x20,0x69,0x64,0x3d,0x22,0x64,
  0x65,0x66,0x73,0x34,0x22,0x3e,0xa,0x20,0x20,0x20,0x20,0x3c,0x70,0x61,0x74,0x74,
  0x65,0x72,0x6e,0xa,0x20,0x20,0x20,0x20,0x20,0x20,0x20,0x79,0x3d,0x22,0x30,0x22,
  0xa,0x20,0x20,0x20,0x20,0x20,0x20,0x20,0x78,0x3d,0x22,0x30,0x22,0xa,0x20,0x20,
  0x20,0x20,0x20,0x20,0x20,0x68,0x65,0x69,0x67,0x68,0x74,0x3d,0x22,0x36,0x22,0xa,
  0x20,0x20,0x20,0x20,0x20,0x20,0x20,0x77,0x69,0x64,0x74,0x68,0x3d,0x22,0x36,0x22,
  0xa,0x20,0x20,0x20,0x20,0x20,0x20,0x20,0x70,0x61,0x74,0x74,0x65,0x72,0x6e,0x55,
  0x6e,0x69,0x74,0x73,0x3d,0x22,0x75,0x73,0x65,0x72,0x53,0x70,0x61,0x63,0x65,0x4f,
  0x6e,0x55,0x73,0x65,0x22,0xa,0x20,0x20,0x20,0x20,0x20,0x20,0x20,0x69,0x64,0x3d,
  0x22,0x45,0x4d,0x46,0x68,0x62,0x61,0x73,0x65,0x70,0x61,0x74,0x74,0x65,0x72,0x6e,
  0x22,0x20,0x2f,0x3e,0xa,0x20,0x20,0x20,0x20,0x3c,0x70,0x61,0x74,0x74,0x65,0x72,
  0x6e,0xa,0x20,0x20,0x20,0x20,0x20,0x20,0x20,0x79,0x3d,0x22,0x30,0x22,0xa,0x20,
  0x20,0x20,0x20,0x20,0x20,0x20,0x78,0x3d,0x22,0x30,0x22,0xa,0x20,0x20,0x20,0x20,
  0x20,0x20,0x20,0x68,0x65,0x69,0x67,0x68,0x74,0x3d,0x22,0x36,0x22,0xa,0x20,0x20,
  0x20,0x20,0x20,0x20,0x20,0x77,0x69,0x64,0x74,0x68,0x3d,0x22,0x36,0x22,0xa,0x20,
  0x20,0x20,0x20,0x20,0x20,0x20,0x70,0x61,0x74,0x74,0x65,0x72,0x6e,0x55,0x6e,0x69,
  0x74,0x73,0x3d,0x22,0x75,0x73,0x65,0x72,0x53,0x70,0x61,0x63,0x65,0x4f,0x6e,0x55,
  0x73,0x65,0x22,0xa,0x20,0x20,0x20,0x20,0x20,0x20,0x20,0x69,0x64,0x3d,0x22,0x45,
  0x4d,0x46,0x68,0x62,0x61,0x73,0x65,0x70,0x61,0x74,0x74,0x65,0x72,0x6e,0x2d,0x34,
  0x22,0x20,0x2f,0x3e,0xa,0x20,0x20,0x20,0x20,0x3c,0x70,0x61,0x74,0x74,0x65,0x72,
  0x6e,0xa,0x20,0x20,0x20,0x20,0x20,0x20,0x20,0x79,0x3d,0x22,0x30,0x22,0xa,0x20,
  0x20,0x20,0x20,0x20,0x20,0x20,0x78,0x3d,0x22,0x30,0x22,0xa,0x20,0x20,0x20,0x20,
  0x20,0x20,0x20,0x68,0x65,0x69,0x67,0x68,0x74,0x3d,0x22,0x36,0x22,0xa,0x20,0x20,
  0x20,0x20,0x20,0x20,0x20,0x77,0x69,0x64,0x74,0x68,0x3d,0x22,0x36,0x22,0xa,0x20,
  0x20,0x20,0x20,0x20,0x20,0x20,0x70,0x61,0x74,0x74,0x65,0x72,0x6e,0x55,0x6e,0x69,
  0x74,0x73,0x3d,0x22,0x75,0x73,0x65,0x72,0x53,0x70,0x61,0x63,0x65,0x4f,0x6e,0x55,
  0x73,0x65,0x22,0xa,0x20,0x20,0x20,0x20,0x20,0x20,0x20,0x69,0x64,0x3d,0x22,0x45,
  0x4d,0x46,0x68,0x62,0x61,0x73,0x65,0x70,0x61,0x74,0x74,0x65,0x72,0x6e,0x2d,0x33,
  0x22,0x20,0x2f,0x3e,0xa,0x20,0x20,0x20,0x20,0x3c,0x70,0x61,0x74,0x74,0x65,0x72,
  0x6e,0xa,0x20,0x20,0x20,0x20,0x20,0x20,0x20,0x79,0x3d,0x22,0x30,0x22,0xa,0x20,
  0x20,0x20,0x20,0x20,0x20,0x20,0x78,0x3d,0x22,0x30,0x22,0xa,0x20,0x20,0x20,0x20,
  0x20,0x20,0x20,0x68,0x65,0x69,0x67,0x68,0x74,0x3d,0x22,0x36,0x22,0xa,0x20,0x20,
  0x20,0x20,0x20,0x20,0x20,0x77,0x69,0x64,0x74,0x68,0x3d,0x22,0x36,0x22,0xa,0x20,
  0x20,0x20,0x20,0x20,0x20,0x20,0x70,0x61,0x74,0x74,0x65,0x72,0x6e,0x55,0x6e,0x69,
  0x74,0x73,0x3d,0x22,0x75,0x73,0x65,0x72,0x53,0x70,0x61,0x63,0x65,0x4f,0x6e,0x55,
  0x73,0x65,0x22,0xa,0x20,0x20,0x20,0x20,0x20,0x20,0x20,0x69,0x64,0x3d,0x22,0x45,
  0x4d,0x46,0x68,0x62,0x61,0x73,0x65,0x70,0x61,0x74,0x74,0x65,0x72,0x6e,0x2d,0x38,
  0x22,0x20,0x2f,0x3e,0xa,0x20,0x20,0x3c,0x2f,0x64,0x65,0x66,0x73,0x3e,0xa,0x20,
  0x20,0x3c,0x73,0x6f,0x64,0x69,0x70,0x6f,0x64,0x69,0x3a,0x6e,0x61,0x6d,0x65,0x64,
  0x76,0x69,0x65,0x77,0xa,0x20,0x20,0x20,0x20,0x20,0x69,0x64,0x3d,0x22,0x62,0x61,
  0x73,0x65,0x22,0xa,0x20,0x20,0x20,0x20,0x20,0x70,0x61,0x67,0x65,0x63,0x6f,0x6c,
  0x6f,0x72,0x3d,0x22,0x23,0x66,0x66,0x66,0x66,0x66,0x66,0x22,0xa,0x20,0x20,0x20,
  0x20,0x20,0x62,0x6f,0x72,0x64,0x65,0x72,0x63,0x6f,0x6c,0x6f,0x72,0x3d,0x22,0x23,
  0x36,0x36,0x36,0x36,0x36,0x36,0x22,0xa,0x20,0x20,0x20,0x20,0x20,0x62,0x6f,0x72,
  0x64,0x65,0x72,0x6f,0x70,0x61,0x63,0x69,0x74,0x79,0x3d,0x22,0x31,0x2e,0x30,0x22,
  0xa,0x20,0x20,0x20,0x20,0x20,0x69,0x6e,0x6b,0x73,0x63,0x61,0x70,0x65,0x3a,0x70,
  0x61,0x67,0x65,0x6f,0x70,0x61,0x63,0x69,0x74,0x79,0x3d,0x22,0x30,0x2e,0x30,0x22,
  0xa,0x20,0x20,0x20,0x20,0x20,0x69,0x6e,0x6b,0x73,0x63,0x61,0x70,0x65,0x3a,0x70,
  0x61,0x67,0x65,0x73,0x68,0x61,0x64,0x6f,0x77,0x3d,0x22,0x32,0x22,0xa,0x20,0x20,
  0x20,0x20,0x20,0x69,0x6e,0x6b,0x73,0x63,0x61,0x70,0x65,0x3a,0x7a,0x6f,0x6f,0x6d,
  0x3d,0x22,0x32,0x32,0x2e,0x36,0x32,0x37,0x34,0x31,0x37,0x22,0xa,0x20,0x20,0x20,
  0x20,0x20,0x69,0x6e,0x6b,0x73,0x63,0x61,0x70,0x65,0x3a,0x63,0x78,0x3d,0x22,0x36,
  0x2e,0x32,0x33,0x31,0x36,0x38,0x38,0x39,0x22,0xa,0x20,0x20,0x20,0x20,0x20,0x69,
  0x6e,0x6b,0x73,0x63,0x61,0x70,0x65,0x3a,0x63,0x79,0x3d,0x22,0x31,0x33,0x2e,0x31,
  0x37,0x36,0x39,0x31,0x22,0xa,0x20,0x20,0x20,0x20,0x20,0x69,0x6e,0x6b,0x73,0x63,
  0x61,0x70,0x65,0x3a,0x64,0x6f,0x63,0x75,0x6d,0x65,0x6e,0x74,0x2d,0x75,0x6e,0x69,
  0x74,0x73,0x3d,0x22,0x70,0x78,0x22,0xa,0x20,0x20,0x20,0x20,0x20,0x69,0x6e,0x6b,
  0x73,0x63,0x61,0x70,0x65,0x3a,0x63,0x75,0x72,0x72,0x65,0x6e,0x74,0x2d,0x6c,0x61,
  0x79,0x65,0x72,0x3d,0x22,0x67,0x35,0x32,0x32,0x38,0x22,0xa,0x20,0x20,0x20,0x20,
  0x20,0x73,0x68,0x6f,0x77,0x67,0x72,0x69,0x64,0x3d,0x22,0x74,0x72,0x75,0x65,0x22,
  0xa,0x20,0x20,0x20,0x20,0x20,0x75,0x6e,0x69,0x74,0x73,0x3d,0x22,0x70,0x78,0x22,
  0xa,0x20,0x20,0x20,0x20,0x20,0x69,0x6e,0x6b,0x73,0x63,0x61,0x70,0x65,0x3a,0x77,
  0x69,0x6e,0x64,0x6f,0x77,0x2d,0x77,0x69,0x64,0x74,0x68,0x3d,0x22,0x31,0x39,0x32,
  0x30,0x22,0xa,0x20,0x20,0x20,0x20,0x20,0x69,0x6e,0x6b,0x73,0x63,0x61,0x70,0x65,
  0x3a,0x77,0x69,0x6e,0x64,0x6f,0x77,0x2d,0x68,0x65,0x69,0x67,0x68,0x74,0x3d,0x22,
  0x31,0x30,0x31,0x37,0x22,0xa,0x20,0x20,0x20,0x20,0x20,0x69,0x6e,0x6b,0x73,0x63,
  0x61,0x70,0x65,0x3a,0x77,0x69,0x6e,0x64,0x6f,0x77,0x2d,0x78,0x3d,0x22,0x2d,0x38,
  0x22,0xa,0x20,0x20,0x20,0x20,0x20,0x69,0x6e,0x6b,0x73,0x63,0x61,0x70,0x65,0x3a,
  0x77,0x69,0x6e,0x64,0x6f,0x77,0x2d,0x79,0x3d,0x22,0x2d,0x38,0x22,0xa,0x20,0x20,
  0x20,0x20,0x20,0x69,0x6e,0x6b,0x73,0x63,0x61,0x70,0x65,0x3a,0x77,0x69,0x6e,0x64,
  0x6f,0x77,0x2d,0x6d,0x61,0x78,0x69,0x6d,0x69,0x7a,0x65,0x64,0x3d,0x22,0x31,0x22,
  0xa,0x20,0x20,0x20,0x20,0x20,0x69,0x6e,0x6b,0x73,0x63,0x61,0x70,0x65,0x3a,0x73,
  0x6e,0x61,0x70,0x2d,0x62,0x62,0x6f,0x78,0x3d,0x22,0x74,0x72,0x75,0x65,0x22,0xa,
  0x20,0x20,0x20,0x20,0x20,0x69,0x6e,0x6b,0x73,0x63,0x61,0x70,0x65,0x3a,0x62,0x62,
  0x6f,0x78,0x2d,0x70,0x61,0x74,0x68,0x73,0x3d,0x22,0x74,0x72,0x75,0x65,0x22,0xa,
  0x20,0x20,0x20,0x20,0x20,0x69,0x6e,0x6b,0x73,0x63,0x61,0x70,0x65,0x3a,0x62,0x62,
  0x6f,0x78,0x2d,0x6e,0x6f,0x64,0x65,0x73,0x3d,0x22,0x74,0x72,0x75,0x65,0x22,0xa,
  0x20,0x20,0x20,0x20,0x20,0x69,0x6e,0x6b,0x73,0x63,0x61,0x70,0x65,0x3a,0x73,0x6e,
  0x61,0x70,0x2d,0x62,0x62,0x6f,0x78,0x2d,0x65,0x64,0x67,0x65,0x2d,0x6d,0x69,0x64,
  0x70,0x6f,0x69,0x6e,0x74,0x73,0x3d,0x22,0x74,0x72,0x75,0x65,0x22,0xa,0x20,0x20,
  0x20,0x20,0x20,0x69,0x6e,0x6b,0x73,0x63,0x61,0x70,0x65,0x3a,0x73,0x6e,0x61,0x70,
  0x2d,0x62,0x62,0x6f,0x78,0x2d,0x6d,0x69,0x64,0x70,0x6f,0x69,0x6e,0x74,0x73,0x3d,
  0x22,0x74,0x72,0x75,0x65,0x22,0xa,0x20,0x20,0x20,0x20,0x20,0x69,0x6e,0x6b,0x73,
  0x63,0x61,0x70,0x65,0x3a,0x73,0x6e,0x61,0x70,0x2d,0x67,0x6c,0x6f,0x62,0x61,0x6c,
  0x3d,0x22,0x74,0x72,0x75,0x65,0x22,0xa,0x20,0x20,0x20,0x20,0x20,0x69,0x6e,0x6b,
  0x73,0x63,0x61,0x70,0x65,0x3a,0x64,0x6f,0x63,0x75,0x6d,0x65,0x6e,0x74,0x2d,0x72,
  0x6f,0x74,0x61,0x74,0x69,0x6f,0x6e,0x3d,0x22,0x30,0x22,0xa,0x20,0x20,0x20,0x20,
  0x20,0x73,0x68,0x6f,0x77,0x67,0x75,0x69,0x64,0x65,0x73,0x3d,0x22,0x74,0x72,0x75,
  0x65,0x22,0xa,0x20,0x20,0x20,0x20,0x20,0x69,0x6e,0x6b,0x73,0x63,0x61,0x70,0x65,
  0x3a,0x67,0x75,0x69,0x64,0x65,0x2d,0x62,0x62,0x6f,0x78,0x3d,0x22,0x74,0x72,0x75,
  0x65,0x22,0x3e,0xa,0x20,0x20,0x20,0x20,0x3c,0x69,0x6e,0x6b,0x73,0x63,0x61,0x70,
  0x65,0x3a,0x67,0x72,0x69,0x64,0xa,0x20,0x20,0x20,0x20,0x20,0x20,0x20,0x74,0x79,
  0x70,0x65,0x3d,0x22,0x78,0x79,0x67,0x72,0x69,0x64,0x22,0xa,0x20,0x20,0x20,0x20,
  0x20,0x20,0x20,0x69,0x64,0x3d,0x22,0x67,0x72,0x69,0x64,0x33,0x33,0x33,0x36,0x22,
  0x20,0x2f,0x3e,0xa,0x20,0x20,0x20,0x20,0x3c,0x73,0x6f,0x64,0x69,0x70,0x6f,0x64,
  0x69,0x3a,0x67,0x75,0x69,0x64,0x65,0xa,0x20,0x20,0x20,0x20,0x20,0x20,0x20,0x70,
  0x6f,0x73,0x69,0x74,0x69,0x6f,0x6e,0x3d,0x22,0x34,0x2c,0x31,0x30,0x22,0xa,0x20,
  0x20,0x20,0x20,0x20,0x20,0x20,0x6f,0x72,0x69,0x65,0x6e,0x74,0x61,0x74,0x69,0x6f,
  0x6e,0x3d,0x22,0x31,0x2c,0x30,0x22,0xa,0x20,0x20,0x20,0x20,0x20,0x20,0x20,0x69,
  0x64,0x3d,0x22,0x67,0x75,0x69,0x64,0x65,0x38,0x38,0x33,0x22,0x20,0x2f,0x3e,0xa,
  0x20,0x20,0x20,0x20,0x3c,0x73,0x6f,0x64,0x69,0x70,0x6f,0x64,0x69,0x3a,0x67,0x75,
  0x69,0x64,0x65,0xa,0x20,0x20,0x20,0x20,0x20,0x20,0x20,0x70,0x6f,0x73,0x69,0x74,
  0x69,0x6f,0x6e,0x3d,0x22,0x31,0x30,0x2c,0x31,0x32,0x22,0xa,0x20,0x20,0x20,0x20,
  0x20,0x20,0x20,0x6f,0x72,0x69,0x65,0x6e,0x74,0x61,0x74,0x69,0x6f,0x6e,0x3d,0x22,
  0x30,0x2c,0x2d,0x31,0x22,0xa,0x20,0x20,0x20,0x20,0x20,0x20,0x20,0x69,0x64,0x3d,
  0x22,0x67,0x75,0x69,0x64,0x65,0x38,0x38,0x35,0x22,0x20,0x2f,0x3e,0xa,0x20,0x20,
  0x20,0x20,0x3c,0x73,0x6f,0x64,0x69,0x70,0x6f,0x64,0x69,0x3a,0x67,0x75,0x69,0x64,
  0x65,0xa,0x20,0x20,0x20,0x20,0x20,0x20,0x20,0x70,0x6f,0x73,0x69,0x74,0x69,0x6f,
  0x6e,0x3d,0x22,0x31,0x32,0x2c,0x32,0x22,0xa,0x20,0x20,0x20,0x20,0x20,0x20,0x20,
  0x6f,0x72,0x69,0x65,0x6e,0x74,0x61,0x74,0x69,0x6f,0x6e,0x3d,0x22,0x31,0x2c,0x30,
  0x22,0xa,0x20,0x20,0x20,0x20,0x20,0x20,0x20,0x69,0x64,0x3d,0x22,0x67,0x75,0x69,
  0x64,0x65,0x38,0x38,0x37,0x22,0x20,0x2f,0x3e,0xa,0x20,0x20,0x20,0x20,0x3c,0x73,
  0x6f,0x64,0x69,0x70,0x6f,0x64,0x69,0x3a,0x67,0x75,0x69,0x64,0x65,0xa,0x20,0x20,
  0x20,0x20,0x20,0x20,0x20,0x70,0x6f,0x73,0x69,0x74,0x69,0x6f,0x6e,0x3d,0x22,0x31,
  0x34,0x2c,0x34,0x22,0xa,0x20,0x20,0x20,0x20,0x20,0x20,0x20,0x6f,0x72,0x69,0x65,
  0x6e,0x74,0x61,0x74,0x69,0x6f,0x6e,0x3d,0x22,0x30,0x2c,0x2d,0x31,0x22,0xa,0x20,
  0x20,0x20,0x20,0x20,0x20,0x20,0x69,0x64,0x3d,0x22,0x67,0x75,0x69,0x64,0x65,0x38,
  0x38,0x39,0x22,0x20,0x2f,0x3e,0xa,0x20,0x20,0x3c,0x2f,0x73,0x6f,0x64,0x69,0x70,
  0x6f,0x64,0x69,0x3a,0x6e,0x61,0x6d,0x65,0x64,0x76,0x69,0x65,0x77,0x3e,0xa,0x20,
  0x20,0x3c,0x67,0xa,0x20,0x20,0x20,0x20,0x20,0x69,0x6e,0x6b,0x73,0x63,0x61,0x70,
  0x65,0x3a,0x6c,0x61,0x62,0x65,0x6c,0x3d,0x22,0x4c,0x61,0x79,0x65,0x72,0x20,0x31,
  0x22,0xa,0x20,0x20,0x20,0x20,0x20,0x69,0x6e,0x6b,0x73,0x63,0x61,0x70,0x65,0x3a,
  0x67,0x72,0x6f,0x75,0x70,0x6d,0x6f,0x64,0x65,0x3d,0x22,0x6c,0x61,0x79,0x65,0x72,
  0x22,0xa,0x20,0x20,0x20,0x20,0x20,0x69,0x64,0x3d,0x22,0x6c,0x61,0x79,0x65,0x72,
  0x31,0x22,0xa,0x20,0x20,0x20,0x20,0x20,0x74,0x72,0x61,0x6e,0x73,0x66,0x6f,0x72,
  0x6d,0x3d,0x22,0x74,0x72,0x61,0x6e,0x73,0x6c,0x61,0x74,0x65,0x28,0x30,0x2c,0x2d,
  0x31,0x30,0x33,0x36,0x2e,0x33,0x36,0x32,0x32,0x29,0x22,0x3e,0xa,0x20,0x20,0x20,
  0x20,0x3c,0x67,0xa,0x20,0x20,0x20,0x20,0x20,0x20,0x20,0x74,0x72,0x61,0x6e,0x73,
  0x66,0x6f,0x72,0x6d,0x3d,0x22,0x74,0x72,0x61,0x6e,0x73,0x6c,0x61,0x74,0x65,0x28,
  0x36,0x32,0x38,0x2c,0x2d,0x31,0x34,0x30,0x2e,0x34,0x39,0x39,0x39,0x38,0x29,0x22,
  0xa,0x20,0x20,0x20,0x20,0x20,0x20,0x20,0x69,0x64,0x3d,0x22,0x67,0x35,0x32,0x32,
  0x38,0x22,0x3e,0xa,0x20,0x20,0x20,0x20,0x20,0x20,0x3c,0x70,0x61,0x74,0x68,0xa,
  0x20,0x20,0x20,0x20,0x20,0x20,0x20,0x20,0x20,0x74,0x72,0x61,0x6e,0x73,0x66,0x6f,
  0x72,0x6d,0x3d,0x22,0x74,0x72,0x61,0x6e,0x73,0x6c,0x61,0x74,0x65,0x28,0x2d,0x36,
  0x32,0x38,0x2c,0x31,0x31,0x37,0x36,0x2e,0x38,0x36,0x32,0x32,0x29,0x22,0xa,0x20,
  0x20,0x20,0x20,0x20,0x20,0x20,0x20,0x20,0x64,0x3d,0x22,0x4d,0x20,0x34,0x2e,0x34,
  0x37,0x36,0x35,0x36,0x32,0x35,0x20,0x34,0x2e,0x30,0x30,0x31,0x39,0x35,0x33,0x31,
  0x20,0x41,0x20,0x30,0x2e,0x35,0x20,0x30,0x2e,0x35,0x20,0x30,0x20,0x30,0x20,0x30,
  0x20,0x34,0x2e,0x31,0x34,0x36,0x34,0x38,0x34,0x34,0x20,0x34,0x2e,0x31,0x34,0x36,
  0x34,0x38,0x34,0x34,0x20,0x41,0x20,0x30,0x2e,0x35,0x20,0x30,0x2e,0x35,0x20,0x30,
  0x20,0x30,0x20,0x30,0x20,0x34,0x2e,0x31,0x34,0x36,0x34,0x38,0x34,0x34,0x20,0x34,
  0x2e,0x38,0x35,0x33,0x35,0x31,0x35,0x36,0x20,0x4c,0x20,0x37,0x2e,0x32,0x39,0x32,
  0x39,0x36,0x38,0x38,0x20,0x38,0x20,0x4c,0x20,0x34,0x2e,0x31,0x34,0x36,0x34,0x38,
  0x34,0x34,0x20,0x31,0x31,0x2e,0x31,0x34,0x36,0x34,0x38,0x34,0x20,0x41,0x20,0x30,
  0x2e,0x35,0x20,0x30,0x2e,0x35,0x20,0x30,0x20,0x30,0x20,0x30,0x20,0x34,0x2e,0x31,
  0x34,0x36,0x34,0x38,0x34,0x34,0x20,0x31,0x31,0x2e,0x38,0x35,0x33,0x35,0x31,0x36,
  0x20,0x41,0x20,0x30,0x2e,0x35,0x20,0x30,0x2e,0x35,0x20,0x30,0x20,0x30,0x20,0x30,
  0x20,0x34,0x2e,0x38,0x35,0x33,0x35,0x31,0x35,0x36,0x20,0x31,0x31,0x2e,0x38,0x35,
  0x33,0x35,0x31,0x36,0x20,0x4c,0x20,0x38,0x20,0x38,0x2e,0x37,0x30,0x37,0x30,0x33,
  0x31,0x32,0x20,0x4c,0x20,0x31,0x31,0x2e,0x31,0x34,0x36,0x34,0x38,0x34,0x20,0x31,
  0x31,0x2e,0x38,0x35,0x33,0x35,0x31,0x36,0x20,0x41,0x20,0x30,0x2e,0x35,0x20,0x30,
  0x2e,0x35,0x20,0x30,0x20,0x30,0x20,0x30,0x20,0x31,0x31,0x2e,0x38,0x35,0x33,0x35,
  0x31,0x36,0x20,0x31,0x31,0x2e,0x38,0x35,0x33,0x35,0x31,0x36,0x20,0x41,0x20,0x30,
  0x2e,0x35,0x20,0x30,0x2e,0x35,0x20,0x30,0x20,0x30,0x20,0x30,0x20,0x31,0x31,0x2e,
  0x38,0x35,0x33,0x35,0x31,0x36,0x20,0x31,0x31,0x2e,0x31,0x34,0x36,0x34,0x38,0x34,
  0x20,0x4c,0x20,0x38,0x2e,0x37,0x30,0x37,0x30,0x33,0x31,0x32,0x20,0x38,0x20,0x4c,
  0x20,0x31,0x31,0x2e,0x38,0x35,0x33,0x35,0x31,0x36,0x20,0x34,0x2e,0x38,0x35,0x33,
  0x35,0x31,0x35,0x36,0x20,0x41,0x20,0x30,0x2e,0x35,0x20,0x30,0x2e,0x35,0x20,0x30,
  0x20,0x30,0x20,0x30,0x20,0x31,0x31,0x2e,0x38,0x35,0x33,0x35,0x31,0x36,0x20,0x34,
  0x2e,0x31,0x34,0x36,0x34,0x38,0x34,0x34,0x20,0x41,0x20,0x30,0x2e,0x35,0x20,0x30,
  0x2e,0x35,0x20,0x30,0x20,0x30,0x20,0x30,0x20,0x31,0x31,0x2e,0x34,0x37,0x36,0x35,
  0x36,0x32,0x20,0x34,0x2e,0x30,0x30,0x31,0x39,0x35,0x33,0x31,0x20,0x41,0x20,0x30,
  0x2e,0x35,0x20,0x30,0x2e,0x35,0x20,0x30,0x20,0x30,0x20,0x30,0x20,0x31,0x31,0x2e,
  0x31,0x34,0x36,0x34,0x38,0x34,0x20,0x34,0x2e,0x31,0x34,0x36,0x34,0x38,0x34,0x34,
  0x20,0x4c,0x20,0x38,0x20,0x37,0x2e,0x32,0x39,0x32,0x39,0x36,0x38,0x38,0x20,0x4c,
  0x20,0x34,0x2e,0x38,0x35,0x33,0x35,0x31,0x35,0x36,0x20,0x34,0x2e,0x31,0x34,0x36,
  0x34,0x38,0x34,0x34,0x20,0x41,0x20,0x30,0x2e,0x35,0x20,0x30,0x2e,0x35,0x20,0x30,
  0x20,0x30,0x20,0x30,0x20,0x34,0x2e,0x34,0x37,0x36,0x35,0x36,0x32,0x35,0x20,0x34,
  0x2e,0x30,0x30,0x31,0x39,0x35,0x33,0x31,0x20,0x7a,0x20,0x22,0xa,0x20,0x20,0x20,
  0x20,0x20,0x20,0x20,0x20,0x20,0x73,0x74,0x79,0x6c,0x65,0x3d,0x22,0x63,0x6f,0x6c,
  0x6f,0x72,0x3a,0x23,0x30,0x30,0x30,0x30,0x30,0x30,0x3b,0x66,0x6f,0x6e,0x74,0x2d,
  0x73,0x74,0x79,0x6c,0x65,0x3a,0x6e,0x6f,0x72,0x6d,0x61,0x6c,0x3b,0x66,0x6f,0x6e,
  0x74,0x2d,0x76,0x61,0x72,0x69,0x61,0x6e,0x74,0x3a,0x6e,0x6f,0x72,0x6d,0x61,0x6c,
  0x3b,0x66,0x6f,0x6e,0x74,0x2d,0x77,0x65,0x69,0x67,0x68,0x74,0x3a,0x6e,0x6f,0x72,
  0x6d,0x61,0x6c,0x3b,0x66,0x6f,0x6e,0x74,0x2d,0x73,0x74,0x72,0x65,0x74,0x63,0x68,
  0x3a,0x6e,0x6f,0x72,0x6d,0x61,0x6c,0x3b,0x66,0x6f,0x6e,0x74,0x2d,0x73,0x69,0x7a,
  0x65,0x3a,0x6d,0x65,0x64,0x69,0x75,0x6d,0x3b,0x6c,0x69,0x6e,0x65,0x2d,0x68,0x65,
  0x69,0x67,0x68,0x74,0x3a,0x6e,0x6f,0x72,0x6d,0x61,0x6c,0x3b,0x66,0x6f,0x6e,0x74,
  0x2d,0x66,0x61,0x6d,0x69,0x6c,0x79,0x3a,0x73,0x61,0x6e,0x73,0x2d,0x73,0x65,0x72,
  0x69,0x66,0x3b,0x66,0x6f,0x6e,0x74,0x2d,0x76,0x61,0x72,0x69,0x61,0x6e,0x74,0x2d,
  0x6c,0x69,0x67,0x61,0x74,0x75,0x72,0x65,0x73,0x3a,0x6e,0x6f,0x72,0x6d,0x61,0x6c,
  0x3b,0x66,0x6f,0x6e,0x74,0x2d,0x76,0x61,0x72,0x69,0x61,0x6e,0x74,0x2d,0x70,0x6f,
  0x73,0x69,0x74,0x69,0x6f,0x6e,0x3a,0x6e,0x6f,0x72,0x6d,0x61,0x6c,0x3b,0x66,0x6f,
  0x6e,0x74,0x2d,0x76,0x61,0x72,0x69,0x61,0x6e,0x74,0x2d,0x63,0x61,0x70,0x73,0x3a,
  0x6e,0x6f,0x72,0x6d,0x61,0x6c,0x3b,0x66,0x6f,0x6e,0x74,0x2d,0x76,0x61,0x72,0x69,
  0x61,0x6e,0x74,0x2d,0x6e,0x75,0x6d,0x65,0x72,0x69,0x63,0x3a,0x6e,0x6f,0x72,0x6d,
  0x61,0x6c,0x3b,0x66,0x6f,0x6e,0x74,0x2d,0x76,0x61,0x72,0x69,0x61,0x6e,0x74,0x2d,
  0x61,0x6c,0x74,0x65,0x72,0x6e,0x61,0x74,0x65,0x73,0x3a,0x6e,0x6f,0x72,0x6d,0x61,
  0x6c,0x3b,0x66,0x6f,0x6e,0x74,0x2d,0x76,0x61,0x72,0x69,0x61,0x6e,0x74,0x2d,0x65,
  0x61,0x73,0x74,0x2d,0x61,0x73,0x69,0x61,0x6e,0x3a,0x6e,0x6f,0x72,0x6d,0x61,0x6c,
  0x3b,0x66,0x6f,0x6e,0x74,0x2d,0x66,0x65,0x61,0x74,0x75,0x72,0x65,0x2d,0x73,0x65,
  0x74,0x74,0x69,0x6e,0x67,0x73,0x3a,0x6e,0x6f,0x72,0x6d,0x61,0x6c,0x3b,0x66,0x6f,
  0x6e,0x74,0x2d,0x76,0x61,0x72,0x69,0x61,0x74,0x69,0x6f,0x6e,0x2d,0x73,0x65,0x74,
  0x74,0x69,0x6e,0x67,0x73,0x3a,0x6e,0x6f,0x72,0x6d,0x61,0x6c,0x3b,0x74,0x65,0x78,
  0x74,0x2d,0x69,0x6e,0x64,0x65,0x6e,0x74,0x3a,0x30,0x3b,0x74,0x65,0x78,0x74,0x2d,
  0x61,0x6c,0x69,0x67,0x6e,0x3a,0x73,0x74,0x61,0x72,0x74,0x3b,0x74,0x65,0x78,0x74,
  0x2d,0x64,0x65,0x63,0x6f,0x72,0x61,0x74,0x69,0x6f,0x6e,0x3a,0x6e,0x6f,0x6e,0x65,
  0x3b,0x74,0x65,0x78,0x74,0x2d,0x64,0x65,0x63,0x6f,0x72,0x61,0x74,0x69,0x6f,0x6e,
  0x2d,0x6c,0x69,0x6e,0x65,0x3a,0x6e,0x6f,0x6e,0x65,0x3b,0x74,0x65,0x78,0x74,0x2d,
  0x64,0x65,0x63,0x6f,0x72,0x61,0x74,0x69,0x6f,0x6e,0x2d,0x73,0x74,0x79,0x6c,0x65,
  0x3a,0x73,0x6f,0x6c,0x69,0x64,0x3b,0x74,0x65,0x78,0x74,0x2d,0x64,0x65,0x63,0x6f,
  0x72,0x61,0x74,0x69,0x6f,0x6e,0x2d,0x63,0x6f,0x6c,0x6f,0x72,0x3a,0x23,0x30,0x30,
  0x30,0x30,0x30,0x30,0x3b,0x6c,0x65,0x74,0x74,0x65,0x72,0x2d,0x73,0x70,0x61,0x63,
  0x69,0x6e,0x67,0x3a,0x6e,0x6f,0x72,0x6d,0x61,0x6c,0x3b,0x77,0x6f,0x72,0x64,0x2d,
  0x73,0x70,0x61,0x63,0x69,0x6e,0x67,0x3a,0x6e,0x6f,0x72,0x6d,0x61,0x6c,0x3b,0x74,
  0x65,0x78,0x74,0x2d,0x74,0x72,0x61,0x6e,0x73,0x66,0x6f,0x72,0x6d,0x3a,0x6e,0x6f,
  0x6e,0x65,0x3b,0x77,0x72,0x69,0x74,0x69,0x6e,0x67,0x2d,0x6d,0x6f,0x64,0x65,0x3a,
  0x6c,0x72,0x2d,0x74,0x62,0x3b,0x64,0x69,0x72,0x65,0x63,0x74,0x69,0x6f,0x6e,0x3a,
  0x6c,0x74,0x72,0x3b,0x74,0x65,0x78,0x74,0x2d,0x6f,0x72,0x69,0x65,0x6e,0x74,0x61,
  0x74,0x69,0x6f,0x6e,0x3a,0x6d,0x69,0x78,0x65,0x64,0x3b,0x64,0x6f,0x6d,0x69,0x6e,
  0x61,0x6e,0x74,0x2d,0x62,0x61,0x73,0x65,0x6c,0x69,0x6e,0x65,0x3a,0x61,0x75,0x74,
  0x6f,0x3b,0x62,0x61,0x73,0x65,0x6c,0x69,0x6e,0x65,0x2d,0x73,0x68,0x69,0x66,0x74,
  0x3a,0x62,0x61,0x73,0x65,0x6c,0x69,0x6e,0x65,0x3b,0x74,0x65,0x78,0x74,0x2d,0x61,
  0x6e,0x63,0x68,0x6f,0x72,0x3a,0x73,0x74,0x61,0x72,0x74,0x3b,0x77,0x68,0x69,0x74,
  0x65,0x2d,0x73,0x70,0x61,0x63,0x65,0x3a,0x6e,0x6f,0x72,0x6d,0x61,0x6c,0x3b,0x73,
  0x68,0x61,0x70,0x65,0x2d,0x70,0x61,0x64,0x64,0x69,0x6e,0x67,0x3a,0x30,0x3b,0x73,
  0x68,0x61,0x70,0x65,0x2d,0x6d,0x61,0x72,0x67,0x69,0x6e,0x3a,0x30,0x3b,0x69,0x6e,
  0x6c,0x69,0x6e,0x65,0x2d,0x73,0x69,0x7a,0x65,0x3a,0x30,0x3b,0x63,0x6c,0x69,0x70,
  0x2d,0x72,0x75,0x6c,0x65,0x3a,0x6e,0x6f,0x6e,0x7a,0x65,0x72,0x6f,0x3b,0x64,0x69,
  0x73,0x70,0x6c,0x61,0x79,0x3a,0x69,0x6e,0x6c,0x69,0x6e,0x65,0x3b,0x6f,0x76,0x65,
  0x72,0x66,0x6c,0x6f,0x77,0x3a,0x76,0x69,0x73,0x69,0x62,0x6c,0x65,0x3b,0x76,0x69,
  0x73,0x69,0x62,0x69,0x6c,0x69,0x74,0x79,0x3a,0x76,0x69,0x73,0x69,0x62,0x6c,0x65,
  0x3b,0x69,0x73,0x6f,0x6c,0x61,0x74,0x69,0x6f,0x6e,0x3a,0x61,0x75,0x74,0x6f,0x3b,
  0x6d,0x69,0x78,0x2d,0x62,0x6c,0x65,0x6e,0x64,0x2d,0x6d,0x6f,0x64,0x65,0x3a,0x6e,
  0x6f,0x72,0x6d,0x61,0x6c,0x3b,0x63,0x6f,0x6c,0x6f,0x72,0x2d,0x69,0x6e,0x74,0x65,
  0x72,0x70,0x6f,0x6c,0x61,0x74,0x69,0x6f,0x6e,0x3a,0x73,0x52,0x47,0x42,0x3b,0x63,
  0x6f,0x6c,0x6f,0x72,0x2d,0x69,0x6e,0x74,0x65,0x72,0x70,0x6f,0x6c,0x61,0x74,0x69,
  0x6f,0x6e,0x2d,0x66,0x69,0x6c,0x74,0x65,0x72,0x73,0x3a,0x6c,0x69,0x6e,0x65,0x61,
  0x72,0x52,0x47,0x42,0x3b,0x73,0x6f,0x6c,0x69,0x64,0x2d,0x63,0x6f,0x6c,0x6f,0x72,
  0x3a,0x23,0x30,0x30,0x30,0x30,0x30,0x30,0x3b,0x73,0x6f,0x6c,0x69,0x64,0x2d,0x6f,
  0x70,0x61,0x63,0x69,0x74,0x79,0x3a,0x31,0x3b,0x76,0x65,0x63,0x74,0x6f,0x72,0x2d,
  0x65,0x66,0x66,0x65,0x63,0x74,0x3a,0x6e,0x6f,0x6e,0x65,0x3b,0x66,0x69,0x6c,0x6c,
  0x3a,0x23,0x30,0x30,0x30,0x30,0x30,0x30,0x3b,0x66,0x69,0x6c,0x6c,0x2d,0x6f,0x70,
  0x61,0x63,0x69,0x74,0x79,0x3a,0x31,0x3b,0x66,0x69,0x6c,0x6c,0x2d,0x72,0x75,0x6c,
  0x65,0x3a,0x65,0x76,0x65,0x6e,0x6f,0x64,0x64,0x3b,0x73,0x74,0x72,0x6f,0x6b,0x65,
  0x3a,0x6e,0x6f,0x6e,0x65,0x3b,0x73,0x74,0x72,0x6f,0x6b,0x65,0x2d,0x77,0x69,0x64,
  0x74,0x68,0x3a,0x31,0x70,0x78,0x3b,0x73,0x74,0x72,0x6f,0x6b,0x65,0x2d,0x6c,0x69,
  0x6e,0x65,0x63,0x61,0x70,0x3a,0x72,0x6f,0x75,0x6e,0x64,0x3b,0x73,0x74,0x72,0x6f,
  0x6b,0x65,0x2d,0x6c,0x69,0x6e,0x65,0x6a,0x6f,0x69,0x6e,0x3a,0x6d,0x69,0x74,0x65,
  0x72,0x3b,0x73,0x74,0x72,0x6f,0x6b,0x65,0x2d,0x6d,0x69,0x74,0x65,0x72,0x6c,0x69,
  0x6d,0x69,0x74,0x3a,0x34,0x3b,0x73,0x74,0x72,0x6f,0x6b,0x65,0x2d,0x64,0x61,0x73,
  0x68,0x61,0x72,0x72,0x61,0x79,0x3a,0x6e,0x6f,0x6e,0x65,0x3b,0x73,0x74,0x72,0x6f,
  0x6b,0x65,0x2d,0x64,0x61,0x73,0x68,0x6f,0x66,0x66,0x73,0x65,0x74,0x3a,0x30,0x3b,
  0x73,0x74,0x72,0x6f,0x6b,0x65,0x2d,0x6f,0x70,0x61,0x63,0x69,0x74,0x79,0x3a,0x31,
  0x3b,0x63,0x6f,0x6c,0x6f,0x72,0x2d,0x72,0x65,0x6e,0x64,0x65,0x72,0x69,0x6e,0x67,
  0x3a,0x61,0x75,0x74,0x6f,0x3b,0x69,0x6d,0x61,0x67,0x65,0x2d,0x72,0x65,0x6e,0x64,
  0x65,0x72,0x69,0x6e,0x67,0x3a,0x61,0x75,0x74,0x6f,0x3b,0x73,0x68,0x61,0x70,0x65,
  0x2d,0x72,0x65,0x6e,0x64,0x65,0x72,0x69,0x6e,0x67,0x3a,0x61,0x75,0x74,0x6f,0x3b,
  0x74,0x65,0x78,0x74,0x2d,0x72,0x65,0x6e,0x64,0x65,0x72,0x69,0x6e,0x67,0x3a,0x61,
  0x75,0x74,0x6f,0x3b,0x65,0x6e,0x61,0x62,0x6c,0x65,0x2d,0x62,0x61,0x63,0x6b,0x67,
  0x72,0x6f,0x75,0x6e,0x64,0x3a,0x61,0x63,0x63,0x75,0x6d,0x75,0x6c,0x61,0x74,0x65,
  0x3b,0x73,0x74,0x6f,0x70,0x2d,0x63,0x6f,0x6c,0x6f,0x72,0x3a,0x23,0x30,0x30,0x30,
  0x30,0x30,0x30,0x3b,0x73,0x74,0x6f,0x70,0x2d,0x6f,0x70,0x61,0x63,0x69,0x74,0x79,
  0x3a,0x31,0x3b,0x6f,0x70,0x61,0x63,0x69,0x74,0x79,0x3a,0x31,0x22,0xa,0x20,0x20,
  0x20,0x20,0x20,0x20,0x20,0x20,0x20,0x69,0x64,0x3d,0x22,0x70,0x61,0x74,0x68,0x38,
  0x34,0x36,0x22,0x20,0x2f,0x3e,0xa,0x20,0x20,0x20,0x20,0x3c,0x2f,0x67,0x3e,0xa,
  0x20,0x20,0x3c,0x2f,0x67,0x3e,0xa,0x20,0x20,0x3c,0x6d,0x65,0x74,0x61,0x64,0x61,
  0x74,0x61,0xa,0x20,0x20,0x20,0x20,0x20,0x69,0x64,0x3d,0x22,0x6d,0x65,0x74,0x61,
  0x64,0x61,0x74,0x61,0x31,0x32,0x22,0x3e,0xa,0x20,0x20,0x20,0x20,0x3c,0x72,0x64,
  0x66,0x3a,0x52,0x44,0x46,0x3e,0xa,0x20,0x20,0x20,0x20,0x20,0x20,0x3c,0x72,0x64,
  0x66,0x3a,0x44,0x65,0x73,0x63,0x72,0x69,0x70,0x74,0x69,0x6f,0x6e,0xa,0x20,0x20,
  0x20,0x20,0x20,0x20,0x20,0x20,0x20,0x61,0x62,0x6f,0x75,0x74,0x3d,0x22,0x68,0x74,
  0x74,0x70,0x73,0x3a,0x2f,0x2f,0x69,0x63,0x6f,0x6e,0x73,0x63,0x6f,0x75,0x74,0x2e,
  0x63,0x6f,0x6d,0x2f,0x6c,0x65,0x67,0x61,0x6c,0x23,0x6c,0x69,0x63,0x65,0x6e,0x73,
  0x65,0x73,0x22,0xa,0x20,0x20,0x20,0x20,0x20,0x20,0x20,0x20,0x20,0x64,0x63,0x3a,
  0x74,0x69,0x74,0x6c,0x65,0x3d,0x22,0x4d,0x65,0x6e,0x75,0x2c,0x20,0x42,0x61,0x72,
  0x2c,0x20,0x4c,0x69,0x6e,0x65,0x73,0x2c,0x20,0x4f,0x70,0x74,0x69,0x6f,0x6e,0x2c,
  0x20,0x4c,0x69,0x73,0x74,0x2c,0x20,0x48,0x61,0x6d,0x62,0x75,0x72,0x67,0x65,0x72,
  0x2c,0x20,0x57,0x65,0x62,0x22,0xa,0x20,0x20,0x20,0x20,0x20,0x20,0x20,0x20,0x20,
  0x64,0x63,0x3a,0x64,0x65,0x73,0x63,0x72,0x69,0x70,0x74,0x69,0x6f,0x6e,0x3d,0x22,
  0x4d,0x65,0x6e,0x75,0x2c,0x20,0x42,0x61,0x72,0x2c,0x20,0x4c,0x69,0x6e,0x65,0x73,
  0x2c,0x20,0x4f,0x70,0x74,0x69,0x6f,0x6e,0x2c,0x20,0x4c,0x69,0x73,0x74,0x2c,0x20,
  0x48,0x61,0x6d,0x62,0x75,0x72,0x67,0x65,0x72,0x2c,0x20,0x57,0x65,0x62,0x22,0xa,
  0x20,0x20,0x20,0x20,0x20,0x20,0x20,0x20,0x20,0x64,0x63,0x3a,0x70,0x75,0x62,0x6c,
  0x69,0x73,0x68,0x65,0x72,0x3d,0x22,0x49,0x63,0x6f,0x6e,0x73,0x63,0x6f,0x75,0x74,
  0x22,0xa,0x20,0x20,0x20,0x20,0x20,0x20,0x20,0x20,0x20,0x64,0x63,0x3a,0x64,0x61,
  0x74,0x65,0x3d,0x22,0x32,0x30,0x31,0x36,0x2d,0x31,0x32,0x2d,0x31,0x34,0x22,0xa,
  0x20,0x20,0x20,0x20,0x20,0x20,0x20,0x20,0x20,0x64,0x63,0x3a,0x66,0x6f,0x72,0x6d,
  0x61,0x74,0x3d,0x22,0x69,0x6d,0x61,0x67,0x65,0x2f,0x73,0x76,0x67,0x2b,0x78,0x6d,
  0x6c,0x22,0xa,0x20,0x20,0x20,0x20,0x20,0x20,0x20,0x20,0x20,0x64,0x63,0x3a,0x6c,
  0x61,0x6e,0x67,0x75,0x61,0x67,0x65,0x3d,0x22,0x65,0x6e,0x22,0x3e,0xa,0x20,0x20,
  0x20,0x20,0x20,0x20,0x20,0x20,0x3c,0x64,0x63,0x3a,0x63,0x72,0x65,0x61,0x74,0x6f,
  0x72,0x3e,0xa,0x20,0x20,0x20,0x20,0x20,0x20,0x20,0x20,0x20,0x20,0x3c,0x72,0x64,
  0x66,0x3a,0x42,0x61,0x67,0x3e,0xa,0x20,0x20,0x20,0x20,0x20,0x20,0x20,0x20,0x20,
  0x20,0x20,0x20,0x3c,0x72,0x64,0x66,0x3a,0x6c,0x69,0x3e,0x4a,0x65,0x6d,0x69,0x73,
  0x20,0x4d,0x61,0x6c,0x69,0x3c,0x2f,0x72,0x64,0x66,0x3a,0x6c,0x69,0x3e,0xa,0x20,
  0x20,0x20,0x20,0x20,0x20,0x20,0x20,0x20,0x20,0x3c,0x2f,0x72,0x64,0x66,0x3a,0x42,
  0x61,0x67,0x3e,0xa,0x20,0x20,0x20,0x20,0x20,0x20,0x20,0x20,0x3c,0x2f,0x64,0x63,
  0x3a,0x63,0x72,0x65,0x61,0x74,0x6f,0x72,0x3e,0xa,0x20,0x20,0x20,0x20,0x20,0x20,
  0x3c,0x2f,0x72,0x64,0x66,0x3a,0x44,0x65,0x73,0x63,0x72,0x69,0x70,0x74,0x69,0x6f,
  0x6e,0x3e,0xa,0x20,0x20,0x20,0x20,0x20,0x20,0x3c,0x63,0x63,0x3a,0x57,0x6f,0x72,
  0x6b,0xa,0x20,0x20,0x20,0x20,0x20,0x20,0x20,0x20,0x20,0x72,0x64,0x66,0x3a,0x61,
  0x62,0x6f,0x75,0x74,0x3d,0x22,0x22,0x3e,0xa,0x20,0x20,0x20,0x20,0x20,0x20,0x20,
  0x20,0x3c,0x64,0x63,0x3a,0x66,0x6f,0x72,0x6d,0x61,0x74,0x3e,0x69,0x6d,0x61,0x67,
  0x65,0x2f,0x73,0x76,0x67,0x2b,0x78,0x6d,0x6c,0x3c,0x2f,0x64,0x63,0x3a,0x66,0x6f,
  0x72,0x6d,0x61,0x74,0x3e,0xa,0x20,0x20,0x20,0x20,0x20,0x20,0x20,0x20,0x3c,0x64,
  0x63,0x3a,0x74,0x79,0x70,0x65,0xa,0x20,0x20,0x20,0x20,0x20,0x20,0x20,0x20,0x20,
  0x20,0x20,0x72,0x64,0x66,0x3a,0x72,0x65,0x73,0x6f,0x75,0x72,0x63,0x65,0x3d,0x22,
  0x68,0x74,0x74,0x70,0x3a,0x2f,0x2f,0x70,0x75,0x72,0x6c,0x2e,0x6f,0x72,0x67,0x2f,
  0x64,0x63,0x2f,0x64,0x63,0x6d,0x69,0x74,0x79,0x70,0x65,0x2f,0x53,0x74,0x69,0x6c,
  0x6c,0x49,0x6d,0x61,0x67,0x65,0x22,0x20,0x2f,0x3e,0xa,0x20,0x20,0x20,0x20,0x20,
  0x20,0x20,0x20,0x3c,0x64,0x63,0x3a,0x74,0x69,0x74,0x6c,0x65,0x20,0x2f,0x3e,0xa,
  0x20,0x20,0x20,0x20,0x20,0x20,0x3c,0x2f,0x63,0x63,0x3a,0x57,0x6f,0x72,0x6b,0x3e,
  0xa,0x20,0x20,0x20,0x20,0x3c,0x2f,0x72,0x64,0x66,0x3a,0x52,0x44,0x46,0x3e,0xa,
  0x20,0x20,0x3c,0x2f,0x6d,0x65,0x74,0x61,0x64,0x61,0x74,0x61,0x3e,0xa,0x3c,0x2f,
  0x73,0x76,0x67,0x3e,0xa,
    // close-button-focused.svg
  0x0,0x0,0x15,0xa6,
  0x3c,
  0x3f,0x78,0x6d,0x6c,0x20,0x76,0x65,0x72,0x73,0x69,0x6f,0x6e,0x3d,0x22,0x31,0x2e,
  0x30,0x22,0x20,0x65,0x6e,0x63,0x6f,0x64,0x69,0x6e,0x67,0x3d,0x22,0x55,0x54,0x46,
  0x2d,0x38,0x22,0x20,0x73,0x74,0x61,0x6e,0x64,0x61,0x6c,0x6f,0x6e,0x65,0x3d,0x22,
  0x6e,0x6f,0x22,0x3f,0x3e,0xa,0x3c,0x73,0x76,0x67,0xa,0x20,0x20,0x20,0x78,0x6d,
  0x6c,0x6e,0x73,0x3a,0x64,0x63,0x3d,0x22,0x68,0x74,0x74,0x70,0x3a,0x2f,0x2f,0x70,
  0x75,0x72,0x6c,0x2e,0x6f,0x72,0x67,0x2f,0x64,0x63,0x2f,0x65,0x6c,0x65,0x6d,0x65,
  0x6e,0x74,0x73,0x2f,0x31,0x2e,0x31,0x2f,0x22,0xa,0x20,0x20,0x20,0x78,0x6d,0x6c,
  0x6e,0x73,0x3a,0x63,0x63,0x3d,0x22,0x68,0x74,0x74,0x70,0x3a,0x2f,0x2f,0x63,0x72,
  0x65,0x61,0x74,0x69,0x76,0x65,0x63,0x6f,0x6d,0x6d,0x6f,0x6e,0x73,0x2e,0x6f,0x72,
  0x67,0x2f,0x6e,0x73,0x23,0x22,0xa,0x20,0x20,0x20,0x78,0x6d,0x6c,0x6e,0x73,0x3a,
  0x72,0x64,0x66,0x3d,0x22,0x68,0x74,0x74,0x70,0x3a,0x2f,0x2f,0x77,0x77,0x77,0x2e,
  0x77,0x33,0x2e,0x6f,0x72,0x67,0x2f,0x31,0x39,0x39,0x39,0x2f,0x30,0x32,0x2f,0x32,
  0x32,0x2d,0x72,0x64,0x66,0x2d,0x73,0x79,0x6e,0x74,0x61,0x78,0x2d,0x6e,0x73,0x23,
  0x22,0xa,0x20,0x20,0x20,0x78,0x6d,0x6c,0x6e,0x73,0x3a,0x73,0x76,0x67,0x3d,0x22,
  0x68,0x74,0x74,0x70,0x3a,0x2f,0x2f,0x77,0x77,0x77,0x2e,0x77,0x33,0x2e,0x6f,0x72,
  0x67,0x2f,0x32,0x30,0x30,0x30,0x2f,0x73,0x76,0x67,0x22,0xa,0x20,0x20,0x20,0x78,
  0x6d,0x6c,0x6e,0x73,0x3d,0x22,0x68,0x74,0x74,0x70,0x3a,0x2f,0x2f,0x77,0x77,0x77,
  0x2e,0x77,0x33,0x2e,0x6f,0x72,0x67,0x2f,0x32,0x30,0x30,0x30,0x2f,0x73,0x76,0x67,
  0x22,0xa,0x20,0x20,0x20,0x78,0x6d,0x6c,0x6e,0x73,0x3a,0x73,0x6f,0x64,0x69,0x70,
  0x6f,0x64,0x69,0x3d,0x22,0x68,0x74,0x74,0x70,0x3a,0x2f,0x2f,0x73,0x6f,0x64,0x69,
  0x70,0x6f,0x64,0x69,0x2e,0x73,0x6f,0x75,0x72,0x63,0x65,0x66,0x6f,0x72,0x67,0x65,
  0x2e,0x6e,0x65,0x74,0x2f,0x44,0x54,0x44,0x2f,0x73,0x6f,0x64,0x69,0x70,0x6f,0x64,
  0x69,0x2d,0x30,0x2e,0x64,0x74,0x64,0x22,0xa,0x20,0x20,0x20,0x78,0x6d,0x6c,0x6e,
  0x73,0x3a,0x69,0x6e,0x6b,0x73,0x63,0x61,0x70,0x65,0x3d,0x22,0x68,0x74,0x74,0x70,
  0x3a,0x2f,0x2f,0x77,0x77,0x77,0x2e,0x69,0x6e,0x6b,0x73,0x63,0x61,0x70,0x65,0x2e,
  0x6f,0x72,0x67,0x2f,0x6e,0x61,0x6d,0x65,0x73,0x70,0x61,0x63,0x65,0x73,0x2f,0x69,
  0x6e,0x6b,0x73,0x63,0x61,0x70,0x65,0x22,0xa,0x20,0x20,0x20,0x73,0x6f,0x64,0x69,
  0x70,0x6f,0x64,0x69,0x3a,0x64,0x6f,0x63,0x6e,0x61,0x6d,0x65,0x3d,0x22,0x63,0x6c,
  0x6f,0x73,0x65,0x2d,0x62,0x75,0x74,0x74,0x6f,0x6e,0x2d,0x66,0x6f,0x63,0x75,0x73,
  0x65,0x64,0x2e,0x73,0x76,0x67,0x22,0xa,0x20,0x20,0x20,0x69,0x6e,0x6b,0x73,0x63,
  0x61,0x70,0x65,0x3a,0x76,0x65,0x72,0x73,0x69,0x6f,0x6e,0x3d,0x22,0x31,0x2e,0x30,
  0x20,0x28,0x34,0x30,0x33,0x35,0x61,0x34,0x66,0x62,0x34,0x39,0x2c,0x20,0x32,0x30,
  0x32,0x30,0x2d,0x30,0x35,0x2d,0x30,0x31,0x29,0x22,0xa,0x20,0x20,0x20,0x76,0x65,
  0x72,0x73,0x69,0x6f,0x6e,0x3d,0x22,0x31,0x2e,0x31,0x22,0xa,0x20,0x20,0x20,0x69,
  0x64,0x3d,0x22,0x73,0x76,0x67,0x32,0x22,0xa,0x20,0x20,0x20,0x76,0x69,0x65,0x77,
  0x42,0x6f,0x78,0x3d,0x22,0x30,0x20,0x30,0x20,0x31,0x36,0x20,0x31,0x36,0x22,0xa,
  0x20,0x20,0x20,0x68,0x65,0x69,0x67,0x68,0x74,0x3d,0x22,0x31,0x36,0x70,0x78,0x22,
  0xa,0x20,0x20,0x20,0x77,0x69,0x64,0x74,0x68,0x3d,0x22,0x31,0x36,0x70,0x78,0x22,
  0x3e,0xa,0x20,0x20,0x3c,0x73,0x74,0x79,0x6c,0x65,0xa,0x20,0x20,0x20,0x20,0x20,
  0x69,0x64,0x3d,0x22,0x73,0x74,0x79,0x6c,0x65,0x32,0x22,0x3e,0x3c,0x2f,0x73,0x74,
  0x79,0x6c,0x65,0x3e,0xa,0x20,0x20,0x3c,0x64,0x65,0x66,0x73,0xa,0x20,0x20,0x20,
  0x20,0x20,0x69,0x64,0x3d,0x22,0x64,0x65,0x66,0x73,0x34,0x22,0x3e,0xa,0x20,0x20,
  0x20,0x20,0x3c,0x70,0x61,0x74,0x74,0x65,0x72,0x6e,0xa,0x20,0x20,0x20,0x20,0x20,
  0x20,0x20,0x69,0x64,0x3d,0x22,0x45,0x4d,0x46,0x68,0x62,0x61,0x73,0x65,0x70,0x61,
  0x74,0x74,0x65,0x72,0x6e,0x22,0xa,0x20,0x20,0x20,0x20,0x20,0x20,0x20,0x70,0x61,
  0x74,0x74,0x65,0x72,0x6e,0x55,0x6e,0x69,0x74,0x73,0x3d,0x22,0x75,0x73,0x65,0x72,
  0x53,0x70,0x61,0x63,0x65,0x4f,0x6e,0x55,0x73,0x65,0x22,0xa,0x20,0x20,0x20,0x20,
  0x20,0x20,0x20,0x77,0x69,0x64,0x74,0x68,0x3d,0x22,0x36,0x22,0xa,0x20,0x20,0x20,
  0x20,0x20,0x20,0x20,0x68,0x65,0x69,0x67,0x68,0x74,0x3d,0x22,0x36,0x22,0xa,0x20,
  0x20,0x20,0x20,0x20,0x20,0x20,0x78,0x3d,0x22,0x30,0x22,0xa,0x20,0x20,0x20,0x20,
  0x20,0x20,0x20,0x79,0x3d,0x22,0x30,0x22,0x20,0x2f,0x3e,0xa,0x20,0x20,0x20,0x20,
  0x3c,0x70,0x61,0x74,0x74,0x65,0x72,0x6e,0xa,0x20,0x20,0x20,0x20,0x20,0x20,0x20,
  0x69,0x64,0x3d,0x22,0x45,0x4d,0x46,0x68,0x62,0x61,0x73,0x65,0x70,0x61,0x74,0x74,
  0x65,0x72,0x6e,0x2d,0x34,0x22,0xa,0x20,0x20,0x20,0x20,0x20,0x20,0x20,0x70,0x61,
  0x74,0x74,0x65,0x72,0x6e,0x55,0x6e,0x69,0x74,0x73,0x3d,0x22,0x75,0x73,0x65,0x72,
  0x53,0x70,0x61,0x63,0x65,0x4f,0x6e,0x55,0x73,0x65,0x22,0xa,0x20,0x20,0x20,0x20,
  0x20,0x20,0x20,0x77,0x69,0x64,0x74,0x68,0x3d,0x22,0x36,0x22,0xa,0x20,0x20,0x20,
  0x20,0x20,0x20,0x20,0x68,0x65,0x69,0x67,0x68,0x74,0x3d,0x22,0x36,0x22,0xa,0x20,
  0x20,0x20,0x20,0x20,0x20,0x20,0x78,0x3d,0x22,0x30,0x22,0xa,0x20,0x20,0x20,0x20,
  0x20,0x20,0x20,0x79,0x3d,0x22,0x30,0x22,0x20,0x2f,0x3e,0xa,0x20,0x20,0x20,0x20,
  0x3c,0x70,0x61,0x74,0x74,0x65,0x72,0x6e,0xa,0x20,0x20,0x20,0x20,0x20,0x20,0x20,
  0x69,0x64,0x3d,0x22,0x45,0x4d,0x46,0x68,0x62,0x61,0x73,0x65,0x70,0x61,0x74,0x74,
  0x65,0x72,0x6e,0x2d,0x33,0x22,0xa,0x20,0x20,0x20,0x20,0x20,0x20,0x20,0x70,0x61,
  0x74,0x74,0x65,0x72,0x6e,0x55,0x6e,0x69,0x74,0x73,0x3d,0x22,0x75,0x73,0x65,0x72,
  0x53,0x70,0x61,0x63,0x65,0x4f,0x6e,0x55,0x73,0x65,0x22,0xa,0x20,0x20,0x20,0x20,
  0x20,0x20,0x20,0x77,0x69,0x64,0x74,0x68,0x3d,0x22,0x36,0x22,0xa,0x20,0x20,0x20,
  0x20,0x20,0x20,0x20,0x68,0x65,0x69,0x67,0x68,0x74,0x3d,0x22,0x36,0x22,0xa,0x20,
  0x20,0x20,0x20,0x20,0x20,0x20,0x78,0x3d,0x22,0x30,0x22,0xa,0x20,0x20,0x20,0x20,
  0x20,0x20,0x20,0x79,0x3d,0x22,0x30,0x22,0x20,0x2f,0x3e,0xa,0x20,0x20,0x20,0x20,
  0x3c,0x70,0x61,0x74,0x74,0x65,0x72,0x6e,0xa,0x20,0x20,0x20,0x20,0x20,0x20,0x20,
  0x69,0x64,0x3d,0x22,0x45,0x4d,0x46,0x68,0x62,0x61,0x73,0x65,0x70,0x61,0x74,0x74,
  0x65,0x72,0x6e,0x2d,0x38,0x22,0xa,0x20,0x20,0x20,0x20,0x20,0x20,0x20,0x70,0x61,
  0x74,0x74,0x65,0x72,0x6e,0x55,0x6e,0x69,0x74,0x73,0x3d,0x22,0x75,0x73,0x65,0x72,
  0x53,0x70,0x61,0x63,0x65,0x4f,0x6e,0x55,0x73,0x65,0x22,0xa,0x20,0x20,0x20,0x20,
  0x20,0x20,0x20,0x77,0x69,0x64,0x74,0x68,0x3d,0x22,0x36,0x22,0xa,0x20,0x20,0x20,
  0x20,0x20,0x20,0x20,0x68,0x65,0x69,0x67,0x68,0x74,0x3d,0x22,0x36,0x22,0xa,0x20,
  0x20,0x20,0x20,0x20,0x20,0x20,0x78,0x3d,0x22,0x30,0x22,0xa,0x20,0x20,0x20,0x20,
  0x20,0x20,0x20,0x79,0x3d,0x22,0x30,0x22,0x20,0x2f,0x3e,0xa,0x20,0x20,0x3c,0x2f,
  0x64,0x65,0x66,0x73,0x3e,0xa,0x20,0x20,0x3c,0x73,0x6f,0x64,0x69,0x70,0x6f,0x64,
  0x69,0x3a,0x6e,0x61,0x6d,0x65,0x64,0x76,0x69,0x65,0x77,0xa,0x20,0x20,0x20,0x20,
  0x20,0x69,0x6e,0x6b,0x73,0x63,0x61,0x70,0x65,0x3a,0x67,0x75,0x69,0x64,0x65,0x2d,
  0x62,0x62,0x6f,0x78,0x3d,0x22,0x74,0x72,0x75,0x65,0x22,0xa,0x20,0x20,0x20,0x20,
  0x20,0x73,0x68,0x6f,0x77,0x67,0x75,0x69,0x64,0x65,0x73,0x3d,0x22,0x74,0x72,0x75,
  0x65,0x22,0xa,0x20,0x20,0x20,0x20,0x20,0x69,0x6e,0x6b,0x73,0x63,0x61,0x70,0x65,
  0x3a,0x64,0x6f,0x63,0x75,0x6d,0x65,0x6e,0x74,0x2d,0x72,0x6f,0x74,0x61,0x74,0x69,
  0x6f,0x6e,0x3d,0x22,0x30,0x22,0xa,0x20,0x20,0x20,0x20,0x20,0x69,0x6e,0x6b,0x73,
  0x63,0x61,0x70,0x65,0x3a,0x73,0x6e,0x61,0x70,0x2d,0x67,0x6c,0x6f,0x62,0x61,0x6c,
  0x3d,0x22,0x74,0x72,0x75,0x65,0x22,0xa,0x20,0x20,0x20,0x20,0x20,0x69,0x6e,0x6b,
  0x73,0x63,0x61,0x70,0x65,0x3a,0x73,0x6e,0x61,0x70,0x2d,0x62,0x62,0x6f,0x78,0x2d,
  0x6d,0x69,0x64,0x70,0x6f,0x69,0x6e,0x74,0x73,0x3d,0x22,0x74,0x72,0x75,0x65,0x22,
  0xa,0x20,0x20,0x20,0x20,0x20,0x69,0x6e,0x6b,0x73,0x63,0x61,0x70,0x65,0x3a,0x73,
  0x6e,0x61,0x70,0x2d,0x62,0x62,0x6f,0x78,0x2d,0x65,0x64,0x67,0x65,0x2d,0x6d,0x69,
  0x64,0x70,0x6f,0x69,0x6e,0x74,0x73,0x3d,0x22,0x74,0x72,0x75,0x65,0x22,0xa,0x20,
  0x20,0x20,0x20,0x20,0x69,0x6e,0x6b,0x73,0x63,0x61,0x70,0x65,0x3a,0x62,0x62,0x6f,
  0x78,0x2d,0x6e,0x6f,0x64,0x65,0x73,0x3d,0x22,0x74,0x72,0x75,0x65,0x22,0xa,0x20,
  0x20,0x20,0x20,0x20,0x69,0x6e,0x6b,0x73,0x63,0x61,0x70,0x65,0x3a,0x62,0x62,0x6f,
  0x78,0x2d,0x70,0x61,0x74,0x68,0x73,0x3d,0x22,0x74,0x72,0x75,0x65,0x22,0xa,0x20,
  0x20,0x20,0x20,0x20,0x69,0x6e,0x6b,0x73,0x63,0x61,0x70,0x65,0x3a,0x73,0x6e,0x61,
  0x70,0x2d,0x62,0x62,0x6f,0x78,0x3d,0x22,0x74,0x72,0x75,0x65,0x22,0xa,0x20,0x20,
  0x20,0x20,0x20,0x69,0x6e,0x6b,0x73,0x63,0x61,0x70,0x65,0x3a,0x77,0x69,0x6e,0x64,
  0x6f,0x77,0x2d,0x6d,0x61,0x78,0x69,0x6d,0x69,0x7a,0x65,0x64,0x3d,0x22,0x31,0x22,
  0xa,0x20,0x20,0x20,0x20,0x20,0x69,0x6e,0x6b,0x73,0x63,0x61,0x70,0x65,0x3a,0x77,
  0x69,0x6e,0x64,0x6f,0x77,0x2d,0x79,0x3d,0x22,0x2d,0x38,0x22,0xa,0x20,0x20,0x20,
  0x20,0x20,0x69,0x6e,0x6b,0x73,0x63,0x61,0x70,0x65,0x3a,0x77,0x69,0x6e,0x64,0x6f,
  0x77,0x2d,0x78,0x3d,0x22,0x2d,0x38,0x22,0xa,0x20,0x20,0x20,0x20,0x20,0x69,0x6e,
  0x6b,0x73,0x63,0x61,0x70,0x65,0x3a,0x77,0x69,0x6e,0x64,0x6f,0x77,0x2d,0x68,0x65,
  0x69,0x67,0x68,0x74,0x3d,0x22,0x31,0x30,0x31,0x37,0x22,0xa,0x20,0x20,0x20,0x20,
  0x20,0x69,0x6e,0x6b,0x73,0x63,0x61,0x70,0x65,0x3a,0x77,0x69,0x6e,0x64,0x6f,0x77,
  0x2d,0x77,0x69,0x64,0x74,0x68,0x3d,0x22,0x31,0x39,0x32,0x30,0x22,0xa,0x20,0x20,
  0x20,0x20,0x20,0x75,0x6e,0x69,0x74,0x73,0x3d,0x22,0x70,0x78,0x22,0xa,0x20,0x20,
  0x20,0x20,0x20,0x73,0x68,0x6f,0x77,0x67,0x72,0x69,0x64,0x3d,0x22,0x74,0x72,0x75,
  0x65,0x22,0xa,0x20,0x20,0x20,0x20,0x20,0x69,0x6e,0x6b,0x73,0x63,0x61,0x70,0x65,
  0x3a,0x63,0x75,0x72,0x72,0x65,0x6e,0x74,0x2d,0x6c,0x61,0x79,0x65,0x72,0x3d,0x22,
  0x67,0x35,0x32,0x32,0x38,0x22,0xa,0x20,0x20,0x20,0x20,0x20,0x69,0x6e,0x6b,0x73,
  0x63,0x61,0x70,0x65,0x3a,0x64,0x6f,0x63,0x75,0x6d,0x65,0x6e,0x74,0x2d,0x75,0x6e,
  0x69,0x74,0x73,0x3d,0x22,0x70,0x78,0x22,0xa,0x20,0x20,0x20,0x20,0x20,0x69,0x6e,
  0x6b,0x73,0x63,0x61,0x70,0x65,0x3a,0x63,0x79,0x3d,0x22,0x31,0x33,0x2e,0x31,0x37,
  0x36,0x39,0x31,0x22,0xa,0x20,0x20,0x20,0x20,0x20,0x69,0x6e,0x6b,0x73,0x63,0x61,
  0x70,0x65,0x3a,0x63,0x78,0x3d,0x22,0x36,0x2e,0x32,0x33,0x31,0x36,0x38,0x38,0x39,
  0x22,0xa,0x20,0x20,0x20,0x20,0x20,0x69,0x6e,0x6b,0x73,0x63,0x61,0x70,0x65,0x3a,
  0x7a,0x6f,0x6f,0x6d,0x3d,0x22,0x32,0x32,0x2e,0x36,0x32,0x37,0x34,0x31,0x37,0x22,
  0xa,0x20,0x20,0x20,0x20,0x20,0x69,0x6e,0x6b,0x73,0x63,0x61,0x70,0x65,0x3a,0x70,
  0x61,0x67,0x65,0x73,0x68,0x61,0x64,0x6f,0x77,0x3d,0x22,0x32,0x22,0xa,0x20,0x20,
  0x20,0x20,0x20,0x69,0x6e,0x6b,0x73,0x63,0x61,0x70,0x65,0x3a,0x70,0x61,0x67,0x65,
  0x6f,0x70,0x61,0x63,0x69,0x74,0x79,0x3d,0x22,0x30,0x2e,0x30,0x22,0xa,0x20,0x20,
  0x20,0x20,0x20,0x62,0x6f,0x72,0x64,0x65,0x72,0x6f,0x70,0x61,0x63,0x69,0x74,0x79,
  0x3d,0x22,0x31,0x2e,0x30,0x22,0xa,0x20,0x20,0x20,0x20,0x20,0x62,0x6f,0x72,0x64,
  0x65,0x72,0x63,0x6f,0x6c,0x6f,0x72,0x3d,0x22,0x23,0x36,0x36,0x36,0x36,0x36,0x36,
  0x22,0xa,0x20,0x20,0x20,0x20,0x20,0x70,0x61,0x67,0x65,0x63,0x6f,0x6c,0x6f,0x72,
  0x3d,0x22,0x23,0x66,0x66,0x66,0x66,0x66,0x66,0x22,0xa,0x20,0x20,0x20,0x20,0x20,
  0x69,0x64,0x3d,0x22,0x62,0x61,0x73,0x65,0x22,0x3e,0xa,0x20,0x20,0x20,0x20,0x3c,
  0x69,0x6e,0x6b,0x73,0x63,0x61,0x70,0x65,0x3a,0x67,0x72,0x69,0x64,0xa,0x20,0x20,
  0x20,0x20,0x20,0x20,0x20,0x69,0x64,0x3d,0x22,0x67,0x72,0x69,0x64,0x33,0x33,0x33,
  0x36,0x22,0xa,0x20,0x20,0x20,0x20,0x20,0x20,0x20,0x74,0x79,0x70,0x65,0x3d,0x22,
  0x78,0x79,0x67,0x72,0x69,0x64,0x22,0x20,0x2f,0x3e,0xa,0x20,0x20,0x20,0x20,0x3c,
  0x73,0x6f,0x64,0x69,0x70,0x6f,0x64,0x69,0x3a,0x67,0x75,0x69,0x64,0x65,0xa,0x20,
  0x20,0x20,0x20,0x20,0x20,0x20,0x69,0x64,0x3d,0x22,0x67,0x75,0x69,0x64,0x65,0x38,
  0x38,0x33,0x22,0xa,0x20,0x20,0x20,0x20,0x20,0x20,0x20,0x6f,0x72,0x69,0x65,0x6e,
  0x74,0x61,0x74,0x69,0x6f,0x6e,0x3d,0x22,0x31,0x2c,0x30,0x22,0xa,0x20,0x20,0x20,
  0x20,0x20,0x20,0x20,0x70,0x6f,0x73,0x69,0x74,0x69,0x6f,0x6e,0x3d,0x22,0x34,0x2c,
  0x31,0x30,0x22,0x20,0x2f,0x3e,0xa,0x20,0x20,0x20,0x20,0x3c,0x73,0x6f,0x64,0x69,
  0x70,0x6f,0x64,0x69,0x3a,0x67,0x75,0x69,0x64,0x65,0xa,0x20,0x20,0x20,0x20,0x20,
  0x20,0x20,0x69,0x64,0x3d,0x22,0x67,0x75,0x69,0x64,0x65,0x38,0x38,0x35,0x22,0xa,
  0x20,0x20,0x20,0x20,0x20,0x20,0x20,0x6f,0x72,0x69,0x65,0x6e,0x74,0x61,0x74,0x69,
  0x6f,0x6e,0x3d,0x22,0x30,0x2c,0x2d,0x31,0x22,0xa,0x20,0x20,0x20,0x20,0x20,0x20,
  0x20,0x70,0x6f,0x73,0x69,0x74,0x69,0x6f,0x6e,0x3d,0x22,0x31,0x30,0x2c,0x31,0x32,
  0x22,0x20,0x2f,0x3e,0xa,0x20,0x20,0x20,0x20,0x3c,0x73,0x6f,0x64,0x69,0x70,0x6f,
  0x64,0x69,0x3a,0x67,0x75,0x69,0x64,0x65,0xa,0x20,0x20,0x20,0x20,0x20,0x20,0x20,
  0x69,0x64,0x3d,0x22,0x67,0x75,0x69,0x64,0x65,0x38,0x38,0x37,0x22,0xa,0x20,0x20,
  0x20,0x20,0x20,0x20,0x20,0x6f,0x72,0x69,0x65,0x6e,0x74,0x61,0x74,0x69,0x6f,0x6e,
  0x3d,0x22,0x31,0x2c,0x30,0x22,0xa,0x20,0x20,0x20,0x20,0x20,0x20,0x20,0x70,0x6f,
  0x73,0x69,0x74,0x69,0x6f,0x6e,0x3d,0x22,0x31,0x32,0x2c,0x32,0x22,0x20,0x2f,0x3e,
  0xa,0x20,0x20,0x20,0x20,0x3c,0x73,0x6f,0x64,0x69,0x70,0x6f,0x64,0x69,0x3a,0x67,
  0x75,0x69,0x64,0x65,0xa,0x20,0x20,0x20,0x20,0x20,0x20,0x20,0x69,0x64,0x3d,0x22,
  0x67,0x75,0x69,0x64,0x65,0x38,0x38,0x39,0x22,0xa,0x20,0x20,0x20,0x20,0x20,0x20,
  0x20,0x6f,0x72,0x69,0x65,0x6e,0x74,0x61,0x74,0x69,0x6f,0x6e,0x3d,0x22,0x30,0x2c,
  0x2d,0x31,0x22,0xa,0x20,0x20,0x20,0x20,0x20,0x20,0x20,0x70,0x6f,0x73,0x69,0x74,
  0x69,0x6f,0x6e,0x3d,0x22,0x31,0x34,0x2c,0x34,0x22,0x20,0x2f,0x3e,0xa,0x20,0x20,
  0x3c,0x2f,0x73,0x6f,0x64,0x69,0x70,0x6f,0x64,0x69,0x3a,0x6e,0x61,0x6d,0x65,0x64,
  0x76,0x69,0x65,0x77,0x3e,0xa,0x20,0x20,0x3c,0x67,0xa,0x20,0x20,0x20,0x20,0x20,
  0x74,0x72,0x61,0x6e,0x73,0x66,0x6f,0x72,0x6d,0x3d,0x22,0x74,0x72,0x61,0x6e,0x73,
  0x6c,0x61,0x74,0x65,0x28,0x30,0x2c,0x2d,0x31,0x30,0x33,0x36,0x2e,0x33,0x36,0x32,
  0x32,0x29,0x22,0xa,0x20,0x20,0x20,0x20,0x20,0x69,0x64,0x3d,0x22,0x6c,0x61,0x79,
  0x65,0x72,0x31,0x22,0xa,0x20,0x20,0x20,0x20,0x20,0x69,0x6e,0x6b,0x73,0x63,0x61,
  0x70,0x65,0x3a,0x67,0x72,0x6f,0x75,0x70,0x6d,0x6f,0x64,0x65,0x3d,0x22,0x6c,0x61,
  0x79,0x65,0x72,0x22,0xa,0x20,0x20,0x20,0x20,0x20,0x69,0x6e,0x6b,0x73,0x63,0x61,
  0x70,0x65,0x3a,0x6c,0x61,0x62,0x65,0x6c,0x3d,0x22,0x4c,0x61,0x79,0x65,0x72,0x20,
  0x31,0x22,0x3e,0xa,0x20,0x20,0x20,0x20,0x3c,0x67,0xa,0x20,0x20,0x20,0x20,0x20,
  0x20,0x20,0x69,0x64,0x3d,0x22,0x67,0x35,0x32,0x32,0x38,0x22,0xa,0x20,0x20,0x20,
  0x20,0x20,0x20,0x20,0x74,0x72,0x61,0x6e,0x73,0x66,0x6f,0x72,0x6d,0x3d,0x22,0x74,
  0x72,0x61,0x6e,0x73,0x6c,0x61,0x74,0x65,0x28,0x36,0x32,0x38,0x2c,0x2d,0x31,0x34,
  0x30,0x2e,0x34,0x39,0x39,0x39,0x38,0x29,0x22,0x3e,0xa,0x20,0x20,0x20,0x20,0x20,
  0x20,0x3c,0x70,0x61,0x74,0x68,0xa,0x20,0x20,0x20,0x20,0x20,0x20,0x20,0x20,0x20,
  0x69,0x64,0x3d,0x22,0x70,0x61,0x74,0x68,0x38,0x34,0x36,0x22,0xa,0x20,0x20,0x20,
  0x20,0x20,0x20,0x20,0x20,0x20,0x73,0x74,0x79,0x6c,0x65,0x3d,0x22,0x63,0x6f,0x6c,
  0x6f,0x72,0x3a,0x23,0x30,0x30,0x30,0x30,0x30,0x30,0x3b,0x66,0x6f,0x6e,0x74,0x2d,
  0x73,0x74,0x79,0x6c,0x65,0x3a,0x6e,0x6f,0x72,0x6d,0x61,0x6c,0x3b,0x66,0x6f,0x6e,
  0x74,0x2d,0x76,0x61,0x72,0x69,0x61,0x6e,0x74,0x3a,0x6e,0x6f,0x72,0x6d,0x61,0x6c,
  0x3b,0x66,0x6f,0x6e,0x74,0x2d,0x77,0x65,0x69,0x67,0x68,0x74,0x3a,0x6e,0x6f,0x72,
  0x6d,0x61,0x6c,0x3b,0x66,0x6f,0x6e,0x74,0x2d,0x73,0x74,0x72,0x65,0x74,0x63,0x68,
  0x3a,0x6e,0x6f,0x72,0x6d,0x61,0x6c,0x3b,0x66,0x6f,0x6e,0x74,0x2d,0x73,0x69,0x7a,
  0x65,0x3a,0x6d,0x65,0x64,0x69,0x75,0x6d,0x3b,0x6c,0x69,0x6e,0x65,0x2d,0x68,0x65,
  0x69,0x67,0x68,0x74,0x3a,0x6e,0x6f,0x72,0x6d,0x61,0x6c,0x3b,0x66,0x6f,0x6e,0x74,
  0x2d,0x66,0x61,0x6d,0x69,0x6c,0x79,0x3a,0x73,0x61,0x6e,0x73,0x2d,0x73,0x65,0x72,
  0x69,0x66,0x3b,0x66,0x6f,0x6e,0x74,0x2d,0x76,0x61,0x72,0x69,0x61,0x6e,0x74,0x2d,
  0x6c,0x69,0x67,0x61,0x74,0x75,0x72,0x65,0x73,0x3a,0x6e,0x6f,0x72,0x6d,0x61,0x6c,
  0x3b,0x66,0x6f,0x6e,0x74,0x2d,0x76,0x61,0x72,0x69,0x61,0x6e,0x74,0x2d,0x70,0x6f,
  0x73,0x69,0x74,0x69,0x6f,0x6e,0x3a,0x6e,0x6f,0x72,0x6d,0x61,0x6c,0x3b,0x66,0x6f,
  0x6e,0x74,0x2d,0x76,0x61,0x72,0x69,0x61,0x6e,0x74,0x2d,0x63,0x61,0x70,0x73,0x3a,
  0x6e,0x6f,0x72,0x6d,0x61,0x6c,0x3b,0x66,0x6f,0x6e,0x74,0x2d,0x76,0x61,0x72,0x69,
  0x61,0x6e,0x74,0x2d,0x6e,0x75,0x6d,0x65,0x72,0x69,0x63,0x3a,0x6e,0x6f,0x72,0x6d,
  0x61,0x6c,0x3b,0x66,0x6f,0x6e,0x74,0x2d,0x76,0x61,0x72,0x69,0x61,0x6e,0x74,0x2d,
  0x61,0x6c,0x74,0x65,0x72,0x6e,0x61,0x74,0x65,0x73,0x3a,0x6e,0x6f,0x72,0x6d,0x61,
  0x6c,0x3b,0x66,0x6f,0x6e,0x74,0x2d,0x76,0x61,0x72,0x69,0x61,0x6e,0x74,0x2d,0x65,
  0x61,0x73,0x74,0x2d,0x61,0x73,0x69,0x61,0x6e,0x3a,0x6e,0x6f,0x72,0x6d,0x61,0x6c,
  0x3b,0x66,0x6f,0x6e,0x74,0x2d,0x66,0x65,0x61,0x74,0x75,0x72,0x65,0x2d,0x73,0x65,
  0x74,0x74,0x69,0x6e,0x67,0x73,0x3a,0x6e,0x6f,0x72,0x6d,0x61,0x6c,0x3b,0x66,0x6f,
  0x6e,0x74,0x2d,0x76,0x61,0x72,0x69,0x61,0x74,0x69,0x6f,0x6e,0x2d,0x73,0x65,0x74,
  0x74,0x69,0x6e,0x67,0x73,0x3a,0x6e,0x6f,0x72,0x6d,0x61,0x6c,0x3b,0x74,0x65,0x78,
  0x74,0x2d,0x69,0x6e,0x64,0x65,0x6e,0x74,0x3a,0x30,0x3b,0x74,0x65,0x78,0x74,0x2d,
  0x61,0x6c,0x69,0x67,0x6e,0x3a,0x73,0x74,0x61,0x72,0x74,0x3b,0x74,0x65,0x78,0x74,
  0x2d,0x64,0x65,0x63,0x6f,0x72,0x61,0x74,0x69,0x6f,0x6e,0x3a,0x6e,0x6f,0x6e,0x65,
  0x3b,0x74,0x65,0x78,0x74,0x2d,0x64,0x65,0x63,0x6f,0x72,0x61,0x74,0x69,0x6f,0x6e,
  0x2d,0x6c,0x69,0x6e,0x65,0x3a,0x6e,0x6f,0x6e,0x65,0x3b,0x74,0x65,0x78,0x74,0x2d,
  0x64,0x65,0x63,0x6f,0x72,0x61,0x74,0x69,0x6f,0x6e,0x2d,0x73,0x74,0x79,0x6c,0x65,
  0x3a,0x73,0x6f,0x6c,0x69,0x64,0x3b,0x74,0x65,0x78,0x74,0x2d,0x64,0x65,0x63,0x6f,
  0x72,0x61,0x74,0x69,0x6f,0x6e,0x2d,0x63,0x6f,0x6c,0x6f,0x72,0x3a,0x23,0x30,0x30,
  0x30,0x30,0x30,0x30,0x3b,0x6c,0x65,0x74,0x74,0x65,0x72,0x2d,0x73,0x70,0x61,0x63,
  0x69,0x6e,0x67,0x3a,0x6e,0x6f,0x72,0x6d,0x61,0x6c,0x3b,0x77,0x6f,0x72,0x64,0x2d,
  0x73,0x70,0x61,0x63,0x69,0x6e,0x67,0x3a,0x6e,0x6f,0x72,0x6d,0x61,0x6c,0x3b,0x74,
  0x65,0x78,0x74,0x2d,0x74,0x72,0x61,0x6e,0x73,0x66,0x6f,0x72,0x6d,0x3a,0x6e,0x6f,
  0x6e,0x65,0x3b,0x77,0x72,0x69,0x74,0x69,0x6e,0x67,0x2d,0x6d,0x6f,0x64,0x65,0x3a,
  0x6c,0x72,0x2d,0x74,0x62,0x3b,0x64,0x69,0x72,0x65,0x63,0x74,0x69,0x6f,0x6e,0x3a,
  0x6c,0x74,0x72,0x3b,0x74,0x65,0x78,0x74,0x2d,0x6f,0x72,0x69,0x65,0x6e,0x74,0x61,
  0x74,0x69,0x6f,0x6e,0x3a,0x6d,0x69,0x78,0x65,0x64,0x3b,0x64,0x6f,0x6d,0x69,0x6e,
  0x61,0x6e,0x74,0x2d,0x62,0x61,0x73,0x65,0x6c,0x69,0x6e,0x65,0x3a,0x61,0x75,0x74,
  0x6f,0x3b,0x62,0x61,0x73,0x65,0x6c,0x69,0x6e,0x65,0x2d,0x73,0x68,0x69,0x66,0x74,
  0x3a,0x62,0x61,0x73,0x65,0x6c,0x69,0x6e,0x65,0x3b,0x74,0x65,0x78,0x74,0x2d,0x61,
  0x6e,0x63,0x68,0x6f,0x72,0x3a,0x73,0x74,0x61,0x72,0x74,0x3b,0x77,0x68,0x69,0x74,
  0x65,0x2d,0x73,0x70,0x61,0x63,0x65,0x3a,0x6e,0x6f,0x72,0x6d,0x61,0x6c,0x3b,0x73,
  0x68,0x61,0x70,0x65,0x2d,0x70,0x61,0x64,0x64,0x69,0x6e,0x67,0x3a,0x30,0x3b,0x73,
  0x68,0x61,0x70,0x65,0x2d,0x6d,0x61,0x72,0x67,0x69,0x6e,0x3a,0x30,0x3b,0x69,0x6e,
  0x6c,0x69,0x6e,0x65,0x2d,0x73,0x69,0x7a,0x65,0x3a,0x30,0x3b,0x63,0x6c,0x69,0x70,
  0x2d,0x72,0x75,0x6c,0x65,0x3a,0x6e,0x6f,0x6e,0x7a,0x65,0x72,0x6f,0x3b,0x64,0x69,
  0x73,0x70,0x6c,0x61,0x79,0x3a,0x69,0x6e,0x6c,0x69,0x6e,0x65,0x3b,0x6f,0x76,0x65,
  0x72,0x66,0x6c,0x6f,0x77,0x3a,0x76,0x69,0x73,0x69,0x62,0x6c,0x65,0x3b,0x76,0x69,
  0x73,0x69,0x62,0x69,0x6c,0x69,0x74,0x79,0x3a,0x76,0x69,0x73,0x69,0x62,0x6c,0x65,
  0x3b,0x69,0x73,0x6f,0x6c,0x61,0x74,0x69,0x6f,0x6e,0x3a,0x61,0x75,0x74,0x6f,0x3b,
  0x6d,0x69,0x78,0x2d,0x62,0x6c,0x65,0x6e,0x64,0x2d,0x6d,0x6f,0x64,0x65,0x3a,0x6e,
  0x6f,0x72,0x6d,0x61,0x6c,0x3b,0x63,0x6f,0x6c,0x6f,0x72,0x2d,0x69,0x6e,0x74,0x65,
  0x72,0x70,0x6f,0x6c,0x61,0x74,0x69,0x6f,0x6e,0x3a,0x73,0x52,0x47,0x42,0x3b,0x63,
  0x6f,0x6c,0x6f,0x72,0x2d,0x69,0x6e,0x74,0x65,0x72,0x70,0x6f,0x6c,0x61,0x74,0x69,
  0x6f,0x6e,0x2d,0x66,0x69,0x6c,0x74,0x65,0x72,0x73,0x3a,0x6c,0x69,0x6e,0x65,0x61,
  0x72,0x52,0x47,0x42,0x3b,0x73,0x6f,0x6c,0x69,0x64,0x2d,0x63,0x6f,0x6c,0x6f,0x72,
  0x3a,0x23,0x30,0x30,0x30,0x30,0x30,0x30,0x3b,0x73,0x6f,0x6c,0x69,0x64,0x2d,0x6f,
  0x70,0x61,0x63,0x69,0x74,0x79,0x3a,0x31,0x3b,0x76,0x65,0x63,0x74,0x6f,0x72,0x2d,
  0x65,0x66,0x66,0x65,0x63,0x74,0x3a,0x6e,0x6f,0x6e,0x65,0x3b,0x66,0x69,0x6c,0x6c,
  0x3a,0x23,0x66,0x66,0x66,0x66,0x66,0x66,0x3b,0x66,0x69,0x6c,0x6c,0x2d,0x6f,0x70,
  0x61,0x63,0x69,0x74,0x79,0x3a,0x31,0x3b,0x66,0x69,0x6c,0x6c,0x2d,0x72,0x75,0x6c,
  0x65,0x3a,0x65,0x76,0x65,0x6e,0x6f,0x64,0x64,0x3b,0x73,0x74,0x72,0x6f,0x6b,0x65,
  0x3a,0x6e,0x6f,0x6e,0x65,0x3b,0x73,0x74,0x72,0x6f,0x6b,0x65,0x2d,0x77,0x69,0x64,
  0x74,0x68,0x3a,0x31,0x70,0x78,0x3b,0x73,0x74,0x72,0x6f,0x6b,0x65,0x2d,0x6c,0x69,
  0x6e,0x65,0x63,0x61,0x70,0x3a,0x72,0x6f,0x75,0x6e,0x64,0x3b,0x73,0x74,0x72,0x6f,
  0x6b,0x65,0x2d,0x6c,0x69,0x6e,0x65,0x6a,0x6f,0x69,0x6e,0x3a,0x6d,0x69,0x74,0x65,
  0x72,0x3b,0x73,0x74,0x72,0x6f,0x6b,0x65,0x2d,0x6d,0x69,0x74,0x65,0x72,0x6c,0x69,
  0x6d,0x69,0x74,0x3a,0x34,0x3b,0x73,0x74,0x72,0x6f,0x6b,0x65,0x2d,0x64,0x61,0x73,
  0x68,0x61,0x72,0x72,0x61,0x79,0x3a,0x6e,0x6f,0x6e,0x65,0x3b,0x73,0x74,0x72,0x6f,
  0x6b,0x65,0x2d,0x64,0x61,0x73,0x68,0x6f,0x66,0x66,0x73,0x65,0x74,0x3a,0x30,0x3b,
  0x73,0x74,0x72,0x6f,0x6b,0x65,0x2d,0x6f,0x70,0x61,0x63,0x69,0x74,0x79,0x3a,0x31,
  0x3b,0x63,0x6f,0x6c,0x6f,0x72,0x2d,0x72,0x65,0x6e,0x64,0x65,0x72,0x69,0x6e,0x67,
  0x3a,0x61,0x75,0x74,0x6f,0x3b,0x69,0x6d,0x61,0x67,0x65,0x2d,0x72,0x65,0x6e,0x64,
  0x65,0x72,0x69,0x6e,0x67,0x3a,0x61,0x75,0x74,0x6f,0x3b,0x73,0x68,0x61,0x70,0x65,
  0x2d,0x72,0x65,0x6e,0x64,0x65,0x72,0x69,0x6e,0x67,0x3a,0x61,0x75,0x74,0x6f,0x3b,
  0x74,0x65,0x78,0x74,0x2d,0x72,0x65,0x6e,0x64,0x65,0x72,0x69,0x6e,0x67,0x3a,0x61,
  0x75,0x74,0x6f,0x3b,0x65,0x6e,0x61,0x62,0x6c,0x65,0x2d,0x62,0x61,0x63,0x6b,0x67,
  0x72,0x6f,0x75,0x6e,0x64,0x3a,0x61,0x63,0x63,0x75,0x6d,0x75,0x6c,0x61,0x74,0x65,
  0x3b,0x73,0x74,0x6f,0x70,0x2d,0x63,0x6f,0x6c,0x6f,0x72,0x3a,0x23,0x30,0x30,0x30,
  0x30,0x30,0x30,0x3b,0x73,0x74,0x6f,0x70,0x2d,0x6f,0x70,0x61,0x63,0x69,0x74,0x79,
  0x3a,0x31,0x3b,0x6f,0x70,0x61,0x63,0x69,0x74,0x79,0x3a,0x31,0x22,0xa,0x20,0x20,
  0x20,0x20,0x20,0x20,0x20,0x20,0x20,0x64,0x3d,0x22,0x4d,0x20,0x34,0x2e,0x34,0x37,
  0x36,0x35,0x36,0x32,0x35,0x20,0x34,0x2e,0x30,0x30,0x31,0x39,0x35,0x33,0x31,0x20,
  0x41,0x20,0x30,0x2e,0x35,0x20,0x30,0x2e,0x35,0x20,0x30,0x20,0x30,0x20,0x30,0x20,
  0x34,0x2e,0x31,0x34,0x36,0x34,0x38,0x34,0x34,0x20,0x34,0x2e,0x31,0x34,0x36,0x34,
  0x38,0x34,0x34,0x20,0x41,0x20,0x30,0x2e,0x35,0x20,0x30,0x2e,0x35,0x20,0x30,0x20,
  0x30,0x20,0x30,0x20,0x34,0x2e,0x31,0x34,0x36,0x34,0x38,0x34,0x34,0x20,0x34,0x2e,
  0x38,0x35,0x33,0x35,0x31,0x35,0x36,0x20,0x4c,0x20,0x37,0x2e,0x32,0x39,0x32,0x39,
  0x36,0x38,0x38,0x20,0x38,0x20,0x4c,0x20,0x34,0x2e,0x31,0x34,0x36,0x34,0x38,0x34,
  0x34,0x20,0x31,0x31,0x2e,0x31,0x34,0x36,0x34,0x38,0x34,0x20,0x41,0x20,0x30,0x2e,
  0x35,0x20,0x30,0x2e,0x35,0x20,0x30,0x20,0x30,0x20,0x30,0x20,0x34,0x2e,0x31,0x34,
  0x36,0x34,0x38,0x34,0x34,0x20,0x31,0x31,0x2e,0x38,0x35,0x33,0x35,0x31,0x36,0x20,
  0x41,0x20,0x30,0x2e,0x35,0x20,0x30,0x2e,0x35,0x20,0x30,0x20,0x30,0x20,0x30,0x20,
  0x34,0x2e,0x38,0x35,0x33,0x35,0x31,0x35,0x36,0x20,0x31,0x31,0x2e,0x38,0x35,0x33,
  0x35,0x31,0x36,0x20,0x4c,0x20,0x38,0x20,0x38,0x2e,0x37,0x30,0x37,0x30,0x33,0x31,
  0x32,0x20,0x4c,0x20,0x31,0x31,0x2e,0x31,0x34,0x36,0x34,0x38,0x34,0x20,0x31,0x31,
  0x2e,0x38,0x35,0x33,0x35,0x31,0x36,0x20,0x41,0x20,0x30,0x2e,0x35,0x20,0x30,0x2e,
  0x35,0x20,0x30,0x20,0x30,0x20,0x30,0x20,0x31,0x31,0x2e,0x38,0x35,0x33,0x35,0x31,
  0x36,0x20,0x31,0x31,0x2e,0x38,0x35,0x33,0x35,0x31,0x36,0x20,0x41,0x20,0x30,0x2e,
  0x35,0x20,0x30,0x2e,0x35,0x20,0x30,0x20,0x30,0x20,0x30,0x20,0x31,0x31,0x2e,0x38,
  0x35,0x33,0x35,0x31,0x36,0x20,0x31,0x31,0x2e,0x31,0x34,0x36,0x34,0x38,0x34,0x20,
  0x4c,0x20,0x38,0x2e,0x37,0x30,0x37,0x30,0x33,0x31,0x32,0x20,0x38,0x20,0x4c,0x20,
  0x31,0x31,0x2e,0x38,0x35,0x33,0x35,0x31,0x36,0x20,0x34,0x2e,0x38,0x35,0x33,0x35,
  0x31,0x35,0x36,0x20,0x41,0x20,0x30,0x2e,0x35,0x20,0x30,0x2e,0x35,0x20,0x30,0x20,
  0x30,0x20,0x30,0x20,0x31,0x31,0x2e,0x38,0x35,0x33,0x35,0x31,0x36,0x20,0x34,0x2e,
  0x31,0x34,0x36,0x34,0x38,0x34,0x34,0x20,0x41,0x20,0x30,0x2e,0x35,0x20,0x30,0x2e,
  0x35,0x20,0x30,0x20,0x30,0x20,0x30,0x20,0x31,0x31,0x2e,0x34,0x37,0x36,0x35,0x36,
  0x32,0x20,0x34,0x2e,0x30,0x30,0x31,0x39,0x35,0x33,0x31,0x20,0x41,0x20,0x30,0x2e,
  0x35,0x20,0x30,0x2e,0x35,0x20,0x30,0x20,0x30,0x20,0x30,0x20,0x31,0x31,0x2e,0x31,
  0x34,0x36,0x34,0x38,0x34,0x20,0x34,0x2e,0x31,0x34,0x36,0x34,0x38,0x34,0x34,0x20,
  0x4c,0x20,0x38,0x20,0x37,0x2e,0x32,0x39,0x32,0x39,0x36,0x38,0x38,0x20,0x4c,0x20,
  0x34,0x2e,0x38,0x35,0x33,0x35,0x31,0x35,0x36,0x20,0x34,0x2e,0x31,0x34,0x36,0x34,
  0x38,0x34,0x34,0x20,0x41,0x20,0x30,0x2e,0x35,0x20,0x30,0x2e,0x35,0x20,0x30,0x20,
  0x30,0x20,0x30,0x20,0x34,0x2e,0x34,0x37,0x36,0x35,0x36,0x32,0x35,0x20,0x34,0x2e,
  0x30,0x30,0x31,0x39,0x35,0x33,0x31,0x20,0x7a,0x20,0x22,0xa,0x20,0x20,0x20,0x20,
  0x20,0x20,0x20,0x20,0x20,0x74,0x72,0x61,0x6e,0x73,0x66,0x6f,0x72,0x6d,0x3d,0x22,
  0x74,0x72,0x61,0x6e,0x73,0x6c,0x61,0x74,0x65,0x28,0x2d,0x36,0x32,0x38,0x2c,0x31,
  0x31,0x37,0x36,0x2e,0x38,0x36,0x32,0x32,0x29,0x22,0x20,0x2f,0x3e,0xa,0x20,0x20,
  0x20,0x20,0x3c,0x2f,0x67,0x3e,0xa,0x20,0x20,0x3c,0x2f,0x67,0x3e,0xa,0x20,0x20,
  0x3c,0x6d,0x65,0x74,0x61,0x64,0x61,0x74,0x61,0xa,0x20,0x20,0x20,0x20,0x20,0x69,
  0x64,0x3d,0x22,0x6d,0x65,0x74,0x61,0x64,0x61,0x74,0x61,0x31,0x32,0x22,0x3e,0xa,
  0x20,0x20,0x20,0x20,0x3c,0x72,0x64,0x66,0x3a,0x52,0x44,0x46,0x3e,0xa,0x20,0x20,
  0x20,0x20,0x20,0x20,0x3c,0x72,0x64,0x66,0x3a,0x44,0x65,0x73,0x63,0x72,0x69,0x70,
  0x74,0x69,0x6f,0x6e,0xa,0x20,0x20,0x20,0x20,0x20,0x20,0x20,0x20,0x20,0x64,0x63,
  0x3a,0x6c,0x61,0x6e,0x67,0x75,0x61,0x67,0x65,0x3d,0x22,0x65,0x6e,0x22,0xa,0x20,
  0x20,0x20,0x20,0x20,0x20,0x20,0x20,0x20,0x64,0x63,0x3a,0x66,0x6f,0x72,0x6d,0x61,
  0x74,0x3d,0x22,0x69,0x6d,0x61,0x67,0x65,0x2f,0x73,0x76,0x67,0x2b,0x78,0x6d,0x6c,
  0x22,0xa,0x20,0x20,0x20,0x20,0x20,0x20,0x20,0x20,0x20,0x64,0x63,0x3a,0x64,0x61,
  0x74,0x65,0x3d,0x22,0x32,0x30,0x31,0x36,0x2d,0x31,0x32,0x2d,0x31,0x34,0x22,0xa,
  0x20,0x20,0x20,0x20,0x20,0x20,0x20,0x20,0x20,0x64,0x63,0x3a,0x70,0x75,0x62,0x6c,
  0x69,0x73,0x68,0x65,0x72,0x3d,0x22,0x49,0x63,0x6f,0x6e,0x73,0x63,0x6f,0x75,0x74,
  0x22,0xa,0x20,0x20,0x20,0x20,0x20,0x20,0x20,0x20,0x20,0x64,0x63,0x3a,0x64,0x65,
  0x73,0x63,0x72,0x69,0x70,0x74,0x69,0x6f,0x6e,0x3d,0x22,0x4d,0x65,0x6e,0x75,0x2c,
  0x20,0x42,0x61,0x72,0x2c,0x20,0x4c,0x69,0x6e,0x65,0x73,0x2c,0x20,0x4f,0x70,0x74,
  0x69,0x6f,0x6e,0x2c,0x20,0x4c,0x69,0x73,0x74,0x2c,0x20,0x48,0x61,0x6d,0x62,0x75,
  0x72,0x67,0x65,0x72,0x2c,0x20,0x57,0x65,0x62,0x22,0xa,0x20,0x20,0x20,0x20,0x20,
  0x20,0x20,0x20,0x20,0x64,0x63,0x3a,0x74,0x69,0x74,0x6c,0x65,0x3d,0x22,0x4d,0x65,
  0x6e,0x75,0x2c,0x20,0x42,0x61,0x72,0x2c,0x20,0x4c,0x69,0x6e,0x65,0x73,0x2c,0x20,
  0x4f,0x70,0x74,0x69,0x6f,0x6e,0x2c,0x20,0x4c,0x69,0x73,0x74,0x2c,0x20,0x48,0x61,
  0x6d,0x62,0x75,0x72,0x67,0x65,0x72,0x2c,0x20,0x57,0x65,0x62,0x22,0xa,0x20,0x20,
  0x20,0x20,0x20,0x20,0x20,0x20,0x20,0x61,0x62,0x6f,0x75,0x74,0x3d,0x22,0x68,0x74,
  0x74,0x70,0x73,0x3a,0x2f,0x2f,0x69,0x63,0x6f,0x6e,0x73,0x63,0x6f,0x75,0x74,0x2e,
  0x63,0x6f,0x6d,0x2f,0x6c,0x65,0x67,0x61,0x6c,0x23,0x6c,0x69,0x63,0x65,0x6e,0x73,
  0x65,0x73,0x22,0x3e,0xa,0x20,0x20,0x20,0x20,0x20,0x20,0x20,0x20,0x3c,0x64,0x63,
  0x3a,0x63,0x72,0x65,0x61,0x74,0x6f,0x72,0x3e,0xa,0x20,0x20,0x20,0x20,0x20,0x20,
  0x20,0x20,0x20,0x20,0x3c,0x72,0x64,0x66,0x3a,0x42,0x61,0x67,0x3e,0xa,0x20,0x20,
  0x20,0x20,0x20,0x20,0x20,0x20,0x20,0x20,0x20,0x20,0x3c,0x72,0x64,0x66,0x3a,0x6c,
  0x69,0x3e,0x4a,0x65,0x6d,0x69,0x73,0x20,0x4d,0x61,0x6c,0x69,0x3c,0x2f,0x72,0x64,
  0x66,0x3a,0x6c,0x69,0x3e,0xa,0x20,0x20,0x20,0x20,0x20,0x20,0x20,0x20,0x20,0x20,
  0x3c,0x2f,0x72,0x64,0x66,0x3a,0x42,0x61,0x67,0x3e,0xa,0x20,0x20,0x20,0x20,0x20,
  0x20,0x20,0x20,0x3c,0x2f,0x64,0x63,0x3a,0x63,0x72,0x65,0x61,0x74,0x6f,0x72,0x3e,
  0xa,0x20,0x20,0x20,0x20,0x20,0x20,0x3c,0x2f,0x72,0x64,0x66,0x3a,0x44,0x65,0x73,
  0x63,0x72,0x69,0x70,0x74,0x69,0x6f,0x6e,0x3e,0xa,0x20,0x20,0x20,0x20,0x20,0x20,
  0x3c,0x63,0x63,0x3a,0x57,0x6f,0x72,0x6b,0xa,0x20,0x20,0x20,0x20,0x20,0x20,0x20,
  0x20,0x20,0x72,0x64,0x66,0x3a,0x61,0x62,0x6f,0x75,0x74,0x3d,0x22,0x22,0x3e,0xa,
  0x20,0x20,0x20,0x20,0x20,0x20,0x20,0x20,0x3c,0x64,0x63,0x3a,0x66,0x6f,0x72,0x6d,
  0x61,0x74,0x3e,0x69,0x6d,0x61,0x67,0x65,0x2f,0x73,0x76,0x67,0x2b,0x78,0x6d,0x6c,
  0x3c,0x2f,0x64,0x63,0x3a,0x66,0x6f,0x72,0x6d,0x61,0x74,0x3e,0xa,0x20,0x20,0x20,
  0x20,0x20,0x20,0x20,0x20,0x3c,0x64,0x63,0x3a,0x74,0x79,0x70,0x65,0xa,0x20,0x20,
  0x20,0x20,0x20,0x20,0x20,0x20,0x20,0x20,0x20,0x72,0x64,0x66,0x3a,0x72,0x65,0x73,
  0x6f,0x75,0x72,0x63,0x65,0x3d,0x22,0x68,0x74,0x74,0x70,0x3a,0x2f,0x2f,0x70,0x75,
  0x72,0x6c,0x2e,0x6f,0x72,0x67,0x2f,0x64,0x63,0x2f,0x64,0x63,0x6d,0x69,0x74,0x79,
  0x70,0x65,0x2f,0x53,0x74,0x69,0x6c,0x6c,0x49,0x6d,0x61,0x67,0x65,0x22,0x20,0x2f,
  0x3e,0xa,0x20,0x20,0x20,0x20,0x20,0x20,0x20,0x20,0x3c,0x64,0x63,0x3a,0x74,0x69,
  0x74,0x6c,0x65,0x3e,0x3c,0x2f,0x64,0x63,0x3a,0x74,0x69,0x74,0x6c,0x65,0x3e,0xa,
  0x20,0x20,0x20,0x20,0x20,0x20,0x3c,0x2f,0x63,0x63,0x3a,0x57,0x6f,0x72,0x6b,0x3e,
  0xa,0x20,0x20,0x20,0x20,0x3c,0x2f,0x72,0x64,0x66,0x3a,0x52,0x44,0x46,0x3e,0xa,
  0x20,0x20,0x3c,0x2f,0x6d,0x65,0x74,0x61,0x64,0x61,0x74,0x61,0x3e,0xa,0x3c,0x2f,
  0x73,0x76,0x67,0x3e,0xa,
    // default_linux.css
  0x0,0x0,0x6,0x39,
  0x0,
  0x0,0x29,0x54,0x78,0xda,0xcd,0x5a,0x5b,0x6f,0xdb,0x36,0x14,0x7e,0xb6,0x7f,0x5,
  0x91,0xbe,0xa4,0x81,0x55,0x47,0x72,0x1a,0x6c,0x1a,0x3a,0xa0,0x17,0x6c,0x1d,0x90,
  0x62,0xeb,0x12,0x60,0xf,0x41,0x1f,0x68,0x89,0xb6,0x89,0xd0,0xa2,0x4b,0x51,0x71,
  0xb2,0x61,0xff,0x7d,0x87,0xa2,0x64,0x5d,0x4c,0x2a,0xb4,0x62,0x5,0x33,0x9c,0x44,
  0x31,0x75,0x6e,0x1f,0xcf,0xf9,0x78,0x44,0x7a,0x7a,0x36,0x46,0x67,0xe8,0x13,0x59,
  0xe0,0x8c,0x49,0x94,0xca,0x47,0x46,0x50,0xba,0x22,0x44,0x22,0x9e,0xa0,0x2b,0x9a,
  0x64,0xf,0xe8,0xf,0x86,0xe5,0x82,0x8b,0x75,0xa,0x77,0x4e,0xc7,0xe3,0xe9,0xd9,
  0x31,0x5f,0xca,0xfa,0xc7,0x4f,0x3c,0xba,0xfb,0xc8,0x13,0x89,0x69,0x42,0xc4,0x5f,
  0x34,0x5e,0x12,0x9,0x9f,0x1f,0xf3,0x35,0x1d,0xe3,0x38,0xf5,0x3c,0x93,0x25,0xf4,
  0xcf,0x18,0xc1,0x6b,0x8e,0xa3,0xbb,0xa5,0xe0,0x59,0x12,0x87,0x68,0x83,0x19,0x91,
  0x92,0x9c,0x6e,0x69,0x12,0xf3,0xed,0xeb,0x9f,0xc6,0xff,0x8e,0x7,0x8b,0xfb,0x7a,
  0xc3,0x28,0xd8,0x12,0x2f,0x18,0xf0,0xcf,0xe8,0x6b,0x69,0x55,0xc7,0xbe,0xc1,0x71,
  0x4c,0x93,0x65,0x88,0x7c,0x74,0xae,0x7e,0xf2,0x80,0xed,0xf2,0xd5,0x48,0xa9,0x26,
  0xc,0x57,0x38,0x89,0x21,0x75,0xec,0x58,0xc6,0x58,0xdc,0xd,0x8b,0xe4,0x7b,0x41,
  0xf0,0xe0,0xc9,0x53,0x19,0x71,0xcc,0x1b,0xa3,0xe8,0x2b,0x89,0xe7,0xe9,0x17,0x92,
  0x64,0x1f,0x32,0x29,0x79,0x12,0x86,0x6b,0xb8,0xf6,0x40,0x8a,0x46,0x58,0x72,0x51,
  0xa8,0xa6,0x6b,0xbc,0x24,0x21,0x4a,0x78,0x42,0x34,0x70,0x5a,0xd7,0xd,0x95,0x8c,
  0x7c,0xc0,0x42,0xcb,0x16,0xf7,0x36,0xa6,0xf1,0x7c,0xf3,0xa0,0x7e,0xb4,0xd0,0x2b,
  0x9c,0x49,0xfe,0x99,0xc6,0x24,0x97,0xbb,0xc2,0x73,0xc2,0x40,0x66,0x54,0xdc,0xec,
  0x31,0xb2,0x90,0x21,0xba,0x50,0x77,0x8f,0x22,0xce,0xb8,0xa8,0xc2,0x80,0xa2,0x27,
  0x3a,0xb4,0x62,0xe2,0x5a,0x6e,0xd7,0x4c,0x7f,0xdf,0x8,0xbe,0x21,0x42,0x3e,0x7a,
  0x34,0x82,0x78,0x50,0x26,0xd8,0x69,0x38,0x5,0x7f,0xa7,0x79,0x10,0xe9,0x54,0x49,
  0x7a,0x79,0x94,0xf3,0x5c,0xf6,0x4d,0x7a,0xbf,0x4,0xad,0x66,0xf9,0x6b,0xfa,0x37,
  0xc4,0xed,0x5f,0xee,0x42,0x88,0xb,0xf8,0x3e,0x32,0x9e,0x92,0xc3,0x8d,0x47,0x4a,
  0xac,0x6e,0x78,0xb2,0x93,0x2d,0x5f,0x9d,0x32,0x5e,0x4c,0x53,0x3c,0x67,0x24,0xce,
  0x85,0x51,0xf9,0x9f,0xbb,0xfb,0x44,0xe2,0x68,0xf5,0x2b,0x40,0xb9,0x39,0xdc,0x79,
  0x2d,0x7c,0xa0,0xf7,0xd,0xa1,0x67,0xba,0x3f,0x50,0xb9,0xea,0x52,0xb8,0xc1,0x73,
  0x4,0xd4,0x81,0x72,0xb8,0x91,0xf6,0x37,0x5f,0x86,0x20,0x37,0x7,0x2c,0xe3,0xca,
  0x38,0x94,0x42,0x67,0x9,0x8f,0xe6,0x5c,0xc4,0x44,0x78,0xad,0xda,0x60,0x74,0xb9,
  0x92,0xb5,0xe1,0x7c,0xe5,0xc,0x51,0xca,0x19,0x8d,0xab,0x4f,0xb7,0x34,0x96,0xab,
  0x50,0x91,0xaa,0xaa,0x48,0x45,0xac,0xa3,0xaa,0x48,0xab,0x12,0x35,0xf8,0x75,0x8b,
  0x23,0x49,0xef,0x9,0x5c,0xbd,0x3b,0x91,0x22,0x23,0x27,0xdf,0xda,0x9e,0x7e,0x7,
  0x88,0x8,0x16,0x4b,0x81,0x63,0x4a,0x12,0x79,0x9a,0x6e,0xa0,0x40,0x62,0xa4,0x5c,
  0x8c,0x27,0xe8,0xc1,0x87,0xab,0xf3,0x9,0x7a,0x2c,0xfe,0x3e,0x4,0xc5,0xff,0xf9,
  0xdf,0x37,0x6f,0x27,0x0,0x32,0xdf,0xa8,0xeb,0xf1,0x68,0xd4,0xa,0x5a,0x8f,0x85,
  0x7e,0x2b,0x58,0x15,0xed,0xf4,0xcc,0x4,0xd6,0xa,0xc6,0xb,0x40,0x0,0x65,0x4b,
  0x44,0xe8,0xeb,0x8e,0x7b,0x5a,0x58,0xd6,0x96,0x6,0x37,0x24,0xac,0x9a,0xf6,0x19,
  0xeb,0xb8,0xe4,0x67,0xe6,0x9f,0x35,0xcc,0x2,0x4d,0x3c,0x85,0x19,0xa,0x94,0xae,
  0x72,0xa0,0x8e,0x95,0x66,0xf1,0xdd,0x48,0x9e,0x1f,0xed,0x4f,0x1b,0x4,0xee,0x35,
  0x54,0xfd,0xcf,0x39,0xae,0x5,0x4e,0xb8,0xe2,0xf7,0x44,0xd4,0x20,0x2a,0xe3,0x55,
  0x75,0x90,0xd7,0x8,0x12,0xcb,0x39,0x3e,0x85,0x84,0xd4,0xef,0x59,0xf0,0xda,0xc,
  0x5b,0xf3,0x36,0xff,0xf2,0xb5,0xd1,0x1c,0xa4,0x7e,0x9a,0x92,0xb8,0x6e,0xd0,0xaa,
  0x23,0x37,0x35,0x38,0xaf,0xd,0xce,0x5d,0x36,0xe2,0x6a,0x13,0xd3,0x73,0x78,0xab,
  0x60,0xad,0xa2,0x21,0x1c,0x7f,0xbd,0x8e,0x4,0x67,0x4c,0x2d,0xc4,0xf9,0x8a,0xac,
  0x1d,0xa9,0x3e,0xac,0x55,0x56,0xa8,0xc9,0x6d,0xd4,0xcc,0xf3,0x61,0x50,0xff,0x85,
  0x71,0x2c,0xc1,0x26,0xda,0x6a,0x60,0x86,0x5d,0x3d,0x4a,0x6b,0x5,0x3f,0x15,0xbd,
  0x58,0x47,0x33,0xb8,0xa6,0x71,0x9,0x7a,0xb3,0x8c,0xd6,0xf8,0x81,0xae,0xa1,0x8c,
  0x7e,0x33,0x17,0x74,0x39,0xbc,0xdf,0x30,0x55,0x2a,0x12,0x78,0x2c,0xc3,0xcc,0xa2,
  0x0,0x6a,0x2,0x7a,0xc9,0x96,0x7c,0xce,0x64,0x8b,0x22,0x86,0xdc,0xfb,0x5a,0x1d,
  0x4d,0x50,0x73,0xe8,0x4b,0xe1,0x42,0x9d,0xf1,0xec,0x34,0x60,0xa2,0x35,0x4d,0x8d,
  0x21,0x9a,0xed,0x7a,0x21,0x9b,0x6d,0x93,0x76,0x17,0x9a,0xd3,0x7c,0x60,0xd3,0xda,
  0x20,0x22,0x3b,0x27,0x4,0x17,0x5,0xb4,0x7b,0xf9,0x6a,0xd7,0xdc,0xe4,0x1c,0xbb,
  0xee,0x8b,0x1f,0x86,0xe2,0x1b,0x95,0xfc,0xd7,0x3a,0xd9,0x11,0x5f,0x20,0xb5,0xd4,
  0xa1,0x15,0xac,0x75,0x68,0x91,0x25,0xb0,0x66,0xf2,0x4,0xc3,0xd3,0xd9,0xa3,0xbe,
  0xf1,0xb8,0xa5,0x30,0x8,0x79,0xbe,0x2f,0x97,0x6a,0x3c,0x1f,0xa8,0x76,0x6b,0x16,
  0xac,0x1d,0x78,0x95,0xd1,0x3a,0xad,0xa7,0x67,0x48,0xae,0x68,0x8a,0xe0,0xcd,0x37,
  0x1a,0x54,0x44,0x13,0x14,0x61,0x68,0x57,0x1f,0x79,0x86,0xb6,0x3c,0x63,0x31,0x62,
  0xf4,0x8e,0x20,0x80,0x3f,0x82,0xe7,0xe0,0x25,0x41,0x4a,0x11,0x4a,0x41,0x13,0x98,
  0x7e,0x66,0x33,0x50,0xf4,0x28,0x8d,0x66,0xa0,0x1c,0x12,0x8a,0x57,0xa,0xaa,0x2d,
  0xc7,0x24,0x79,0x90,0x1e,0x4c,0xfc,0x12,0xaa,0x27,0x82,0xbe,0x90,0x88,0x6a,0x6c,
  0xd,0x5d,0xca,0x8a,0x68,0xa1,0xe0,0xdc,0xa4,0x71,0xce,0x21,0xb7,0xd7,0x85,0xb9,
  0xaa,0x21,0xab,0x1,0xa7,0x2b,0x6a,0x5c,0xc1,0xd7,0x5a,0x60,0x6a,0xbd,0xa0,0x59,
  0xc1,0xad,0x2,0xe7,0xf7,0x84,0x3d,0xbe,0x3b,0x59,0x60,0x96,0x42,0x3f,0x77,0x9b,
  0xc2,0x8,0x90,0xe8,0x15,0x87,0xa7,0x5f,0x40,0xf8,0xdd,0xc9,0xf9,0xc9,0xb7,0x49,
  0x3f,0xc9,0x0,0xda,0xc3,0xbd,0xbe,0x43,0xb7,0x66,0x97,0x96,0xde,0x63,0x57,0xa0,
  0xbd,0xc,0xfa,0xbd,0x5d,0x9d,0xe5,0x3d,0x7d,0xcb,0xd3,0x72,0x2,0x9e,0x74,0xd6,
  0x36,0x33,0xfd,0xe1,0x75,0x97,0xf,0x7a,0xc7,0xc,0x96,0xf7,0xfb,0xf9,0xfe,0x53,
  0x6d,0x78,0x36,0x78,0x72,0xf2,0x9d,0x13,0xd5,0x1d,0xf,0xff,0x99,0x78,0xce,0x7a,
  0x63,0xe0,0x1f,0x11,0xcf,0x99,0x11,0x4f,0x87,0xc,0xb5,0x21,0x3a,0xd5,0xc4,0xfe,
  0x7e,0xb7,0x2e,0xa9,0x4d,0x20,0xe8,0xd2,0xe4,0x4a,0x13,0x24,0x7,0x7f,0xf2,0x3d,
  0xe5,0x2e,0x77,0xb5,0x1b,0xc6,0x4c,0xea,0x59,0xe7,0x7d,0xac,0xf9,0x26,0x6b,0x9a,
  0x99,0x87,0x30,0x17,0x98,0xcc,0x15,0x6c,0x3f,0x84,0xbd,0xe7,0x51,0x91,0xcb,0x3c,
  0x23,0xbd,0x6c,0x18,0x67,0x7b,0xaf,0x50,0x3a,0xe6,0x7c,0xd2,0x37,0x59,0x5c,0x52,
  0xdb,0x8d,0x29,0xfa,0xfb,0xef,0xf7,0xf5,0xdf,0x77,0xf3,0xbf,0x9d,0x90,0x47,0xf,
  0x20,0xe8,0x1b,0x40,0xe0,0x16,0xc0,0x5e,0x8a,0x1f,0x3d,0x82,0x59,0xdf,0x8,0x86,
  0x60,0xc7,0xa1,0x3a,0xe8,0x6b,0xed,0xfc,0xc0,0x5d,0x74,0x61,0xc5,0xbc,0xe7,0xb2,
  0xb7,0x8f,0xda,0xdd,0xec,0x56,0x3d,0x78,0xba,0xc1,0x91,0x3e,0x8b,0xa,0xf4,0x3,
  0x58,0xaa,0xa7,0x28,0x35,0x1f,0xdb,0xb5,0xed,0x4a,0x81,0x13,0x50,0x21,0xa0,0xf3,
  0x35,0x2d,0xeb,0x85,0xcf,0x8e,0xcb,0x49,0x39,0x99,0xfe,0xde,0x64,0x56,0x5b,0x96,
  0x8e,0xfa,0xfd,0x8e,0x74,0x3f,0x82,0xfa,0xc0,0x4e,0x7,0x47,0xd0,0x3e,0xb3,0x92,
  0x65,0x97,0xf2,0x21,0x33,0xbc,0x71,0x2c,0x39,0x70,0x9e,0x37,0x6c,0x21,0xc7,0x74,
  0xdf,0x4f,0xbd,0xa6,0x9a,0xe6,0xb1,0x60,0x6b,0x1b,0xc9,0xa6,0xbd,0x4e,0x21,0xa6,
  0x3d,0x63,0x5b,0x95,0xe9,0xc9,0x50,0x0,0xde,0x14,0x8f,0xb2,0x82,0x7c,0xcf,0xa8,
  0x20,0x31,0x9a,0x93,0x8,0x67,0xf0,0x28,0x2b,0x57,0x4,0x99,0x8e,0x2a,0x6f,0x17,
  0x3c,0x82,0xf1,0x78,0xc7,0x78,0x5b,0xca,0x98,0xd2,0xa4,0xf8,0x76,0x2b,0xa8,0xac,
  0x8b,0x1e,0x14,0xaa,0xc8,0x18,0x31,0xf4,0x3,0x5d,0xb2,0x16,0x97,0x5e,0x1c,0xcb,
  0x2e,0x8f,0xcd,0x27,0xe,0xe6,0x87,0xfa,0x8b,0xba,0x19,0xcb,0x46,0xed,0x4b,0x16,
  0x12,0x92,0xca,0xe7,0x39,0x60,0xa7,0x37,0xd8,0xd2,0xa3,0x57,0xd6,0xee,0x24,0xb7,
  0xb4,0xbf,0xdb,0xfc,0x1b,0x3d,0xb9,0xf5,0x77,0x9f,0x7a,0x1b,0x9a,0x34,0x8f,0x38,
  0x46,0xa3,0xee,0xdb,0xac,0xa7,0x1a,0xa3,0xce,0xe3,0x8c,0xce,0x9,0xb6,0x86,0xe0,
  0x7c,0x56,0xd3,0x74,0x11,0x2e,0x13,0x12,0x7b,0x45,0x56,0x1f,0x74,0x30,0xee,0xe4,
  0xe7,0x17,0x9a,0x34,0x77,0x71,0x9f,0x86,0x7a,0x5d,0x88,0x94,0x2e,0x36,0x7d,0xb3,
  0x63,0x37,0x72,0xf7,0xaa,0xb6,0x95,0xda,0xf3,0x24,0xbf,0xe1,0x95,0x23,0xe1,0x36,
  0xbf,0x3b,0xb1,0x7f,0x4c,0xd5,0xde,0xc5,0xd,0xde,0xbe,0x9d,0xa0,0xea,0x57,0xfe,
  0xc8,0x63,0xe5,0x85,0x83,0xcd,0x3b,0x1c,0x5b,0xb5,0x1c,0xf8,0xf1,0xb2,0xcb,0x81,
  0x17,0xe3,0x89,0x9b,0x92,0x27,0xd4,0xd1,0xfd,0x87,0x81,0xb8,0x62,0x90,0x78,0xfe,
  0x24,0x6a,0x5b,0xf6,0x73,0xfe,0x6d,0xa5,0x81,0xfa,0x86,0xba,0x9,0xd7,0x2f,0x97,
  0x75,0xa4,0x8e,0xb9,0x57,0xb5,0x9b,0x72,0xec,0xce,0xe,0xb2,0xe8,0x3b,0x58,0x3c,
  0xb4,0xdb,0x7c,0xc2,0x64,0xe0,0x60,0xf2,0xe0,0xfe,0xf9,0x9,0x9b,0xb3,0x63,0x0,
  0x3b,0x1e,0xff,0x7,0xcf,0xc2,0x23,0x3c,
    // focus_highlighting_linux.css
  0x0,0x0,0x7,0x17,
  0x0,
  0x0,0x32,0xce,0x78,0xda,0xcd,0x5a,0xdd,0x6f,0xdb,0x36,0x10,0x7f,0x8e,0xff,0xa,
  0x22,0x7d,0x49,0x3,0xbb,0x8e,0xe5,0xb4,0xd8,0x54,0xb4,0x40,0xda,0xae,0xeb,0xb0,
  0x16,0x5b,0x97,0x0,0x7d,0x8,0xfa,0x40,0x4b,0xb4,0x4d,0x84,0x16,0x5d,0x8a,0x8a,
  0xe3,0xd,0xfb,0xdf,0x77,0x14,0x25,0xeb,0xc3,0x94,0x44,0x29,0x52,0x30,0x23,0x4e,
  0x1c,0x4b,0xf7,0x7d,0xf7,0xbb,0x23,0xc5,0xe9,0xf9,0x8,0x9d,0xa3,0xf,0x64,0x89,
  0x23,0x26,0x51,0x28,0xf7,0x8c,0xa0,0x70,0x4d,0x88,0x44,0x3c,0x40,0x9f,0x69,0x10,
  0x3d,0xa0,0x3f,0x19,0x96,0x4b,0x2e,0x36,0x21,0xda,0x51,0xb9,0x46,0x4b,0xee,0x45,
  0x21,0x5a,0xd3,0xd5,0x9a,0xc1,0x5b,0xd2,0x60,0x85,0x96,0xc,0xaf,0x10,0x9,0xf0,
  0x82,0x11,0x1f,0xd8,0x4d,0x47,0xa3,0xe9,0x79,0x9f,0x2f,0xa5,0xe2,0xfb,0xf,0xdc,
  0xbb,0x7b,0xcf,0x3,0x89,0x69,0x40,0xc4,0x37,0xea,0xaf,0x88,0x84,0xef,0xfb,0x7c,
  0x4d,0x47,0xd8,0xf,0x27,0x13,0x93,0x24,0xf4,0xcf,0x8,0x25,0xaf,0x5,0xf6,0xee,
  0x56,0x82,0x47,0x81,0xef,0xa2,0x2d,0x66,0x44,0x4a,0x72,0xb6,0xa3,0x81,0xcf,0x77,
  0xcf,0x5f,0x8f,0xfe,0x1d,0xd,0x66,0xfb,0xf5,0x96,0x51,0x90,0x25,0x9e,0xd0,0xe8,
  0xb7,0xe8,0x6b,0x2a,0x35,0xb3,0x7f,0x8b,0x7d,0x1f,0x82,0xee,0xa2,0x19,0xba,0x50,
  0x6f,0x6d,0x74,0x35,0x93,0xec,0x4a,0xca,0xcb,0x75,0xd7,0x38,0xf0,0x21,0xd1,0xea,
  0x9d,0xea,0x63,0x71,0x37,0xac,0x4b,0xaf,0x4,0xc1,0x83,0x67,0x52,0x26,0xa4,0x45,
  0x12,0x19,0xc9,0x9f,0x49,0xbc,0x8,0xbf,0x90,0x20,0x7a,0x17,0x49,0xc9,0x3,0xd7,
  0xdd,0xc0,0xe7,0x9,0x50,0x51,0xf,0x4b,0x2e,0x72,0xec,0xe9,0x6,0xaf,0x88,0x8b,
  0x2,0x1e,0x90,0x7c,0x78,0x6e,0xa8,0x64,0xe4,0x1d,0x16,0x9a,0x1e,0x19,0x62,0x7a,
  0xb1,0x7d,0x50,0x6f,0x4d,0xf4,0xc,0x47,0x92,0x7f,0xa2,0x3e,0x89,0xe9,0x3e,0xe3,
  0x5,0x61,0x40,0x73,0x92,0xdc,0x3c,0x61,0x64,0x29,0x5d,0x74,0xa9,0xee,0x3e,0xf1,
  0x38,0xe3,0x22,0x33,0x5,0xe0,0x82,0x68,0xf3,0x92,0x0,0x96,0x54,0xcf,0x89,0xfe,
  0xb1,0x15,0x7c,0x4b,0x84,0xdc,0x4f,0xa8,0x7,0x36,0xa1,0x48,0xb0,0x33,0x77,0xa,
  0xfa,0x4e,0x63,0x23,0xc2,0xa9,0xa2,0x9c,0xc4,0x96,0x2e,0x62,0xda,0x17,0xe1,0xfd,
  0xa,0xb8,0x9a,0xe9,0xaf,0xe9,0xdf,0x60,0xf7,0xec,0xd5,0xc1,0x4,0x3f,0x71,0xe1,
  0x7b,0xc6,0x43,0xd2,0x5e,0xb8,0xa7,0xc8,0xf2,0x82,0xc7,0x7,0xda,0xf4,0x55,0x4b,
  0x33,0xf1,0x69,0x18,0xc3,0x62,0x4c,0x8c,0xd2,0xff,0xec,0xd5,0x27,0x12,0x7b,0xeb,
  0x5f,0xc1,0x95,0xdb,0xf6,0xca,0x6b,0xe2,0x96,0xda,0x17,0x88,0x1e,0xa9,0xfe,0x90,
  0x75,0x9b,0xe6,0xf2,0xc0,0x95,0x9b,0x8a,0xa9,0xa8,0x5d,0x29,0x70,0x10,0x6e,0xb1,
  0x20,0x81,0xcc,0x9c,0xb2,0xe0,0xc2,0x27,0x62,0xb2,0xe0,0xe0,0xc2,0x8d,0x8b,0x1c,
  0xa8,0xa9,0x90,0x33,0xea,0x1f,0xca,0x23,0x6e,0x9c,0xb9,0x1c,0x4e,0x2b,0x2a,0xa5,
  0x48,0x2b,0xd0,0x84,0x2,0xb7,0x71,0xff,0x25,0xfe,0x9b,0x53,0x29,0x22,0x72,0xfa,
  0x1d,0x3d,0x81,0xbe,0x87,0x66,0x6f,0xa1,0xf3,0x50,0x31,0xd7,0xd6,0xdf,0xe0,0x5,
  0x82,0xde,0x81,0xe2,0x1a,0x43,0x3a,0x49,0xe3,0xa9,0x5,0x54,0x19,0x30,0x13,0x32,
  0xe1,0x96,0x10,0x5e,0x72,0x6d,0x9,0x1e,0xcb,0xbe,0x4c,0xee,0x8a,0xa7,0x2f,0x57,
  0xfb,0xfe,0xe8,0xe2,0x8e,0xfa,0x72,0xed,0xaa,0x96,0xab,0x20,0x5a,0xb5,0xdd,0x63,
  0xf0,0x36,0x24,0xce,0x41,0xf3,0x5b,0xec,0x49,0x7a,0x4f,0xe0,0xd3,0x21,0x73,0xcc,
  0xb6,0xfc,0x0,0x5f,0x12,0x2c,0x56,0x2,0xfb,0x14,0xd2,0xe4,0x2c,0xdc,0x42,0x5a,
  0xf9,0x48,0x69,0xef,0x8f,0xd1,0xc3,0xc,0x3e,0x5d,0x8c,0xd1,0x3e,0xf9,0xfb,0xe0,
  0x24,0xff,0xc7,0x7f,0x5f,0xbc,0x1c,0x43,0x34,0xf8,0x56,0x7d,0x3e,0x82,0x9a,0x92,
  0x93,0xf4,0x9d,0xee,0xac,0xe4,0x95,0x9c,0x5b,0xa6,0xe7,0x26,0x1f,0xe7,0x92,0x11,
  0x62,0x64,0x36,0x16,0x7d,0x4d,0xbb,0x55,0xca,0xab,0x14,0x81,0x6c,0xb6,0xb0,0x73,
  0x55,0x13,0x3f,0x63,0xc3,0x33,0xf7,0x9c,0xd,0xf8,0x96,0x6,0x13,0x65,0xbb,0x2a,
  0xb5,0xd7,0xc6,0x20,0xe8,0xce,0x5d,0x4c,0x81,0xf2,0xb7,0x85,0xa6,0x3d,0x29,0xb0,
  0xfa,0x9f,0xf7,0xb5,0x92,0x73,0xdc,0x35,0xbf,0x27,0x79,0xc4,0x82,0xc0,0x27,0x16,
  0xcf,0xe,0x58,0x24,0x56,0xb,0x7c,0x6,0x89,0xa6,0x7f,0xe6,0x4e,0x1c,0x7d,0x93,
  0xeb,0x8a,0x37,0x3a,0x97,0xcf,0x8d,0x22,0x21,0xa9,0x43,0x40,0xd1,0x8a,0x1a,0x28,
  0xf2,0xb8,0xfc,0xe9,0x30,0x86,0xa2,0x8f,0xf1,0xea,0x47,0x10,0x58,0x13,0x1,0x75,
  0x82,0x3c,0xc8,0xc,0x16,0x47,0x50,0x5d,0xf,0x1e,0x26,0x94,0x35,0xe3,0x47,0xfe,
  0xce,0x8a,0x14,0x2e,0x8b,0x7e,0x8b,0xaa,0x33,0xb2,0x55,0xb6,0x4c,0x12,0xce,0x71,
  0xe0,0x3b,0x4b,0x3f,0xa,0xf9,0x91,0xf7,0x9d,0x97,0x80,0x25,0xd9,0xaf,0x34,0x6,
  0xdd,0xa4,0x59,0x44,0xbb,0x24,0xef,0x67,0xc7,0x5e,0x5e,0x13,0x38,0xe4,0x42,0x35,
  0x6c,0x77,0x1c,0xbc,0x3,0x36,0x64,0xb0,0x5d,0xf6,0x3e,0xa2,0xfb,0x25,0xbd,0x2f,
  0x5d,0x74,0x7e,0xbd,0xf6,0x4,0x67,0x4c,0xcd,0x3d,0xf1,0xa0,0xaf,0x95,0xcc,0xbe,
  0xac,0x58,0xe1,0x54,0x1,0xeb,0x40,0x23,0xeb,0x47,0xc6,0x71,0xbc,0x4d,0xb2,0xd3,
  0x3e,0x1c,0x76,0x5c,0x49,0xa5,0x25,0xe9,0x5a,0x1c,0x7,0xb3,0x4a,0xdf,0xe0,0x7,
  0xba,0x1,0x54,0xfe,0xcd,0x5c,0xf1,0xe9,0xe5,0xe3,0x35,0x57,0xc6,0x22,0xe0,0x62,
  0x83,0x59,0x5,0x3,0x28,0x38,0x58,0x92,0x96,0xe8,0x13,0xc,0xf5,0x39,0x9,0xc1,
  0xe5,0x12,0x69,0x56,0x6c,0x8f,0x76,0x5c,0xdc,0xa9,0xd,0xa7,0xdf,0x3f,0xfc,0x52,
  0x32,0xa3,0xb0,0xa3,0x70,0x4b,0xc3,0xab,0xb8,0x35,0x7f,0x8b,0x47,0x88,0xd2,0x8,
  0x5c,0x6b,0x79,0x1b,0xd0,0xed,0xea,0xa5,0x2,0x34,0x9a,0xd8,0xb5,0xf0,0x58,0x89,
  0xd7,0x1,0x89,0x5a,0xf9,0xe5,0xd9,0x32,0xb9,0xbb,0xb0,0x80,0x6f,0x44,0x29,0xb5,
  0x81,0x57,0x24,0xcd,0x61,0xe9,0xb8,0xc4,0xf5,0x4b,0xe2,0x83,0x7c,0x57,0xa9,0x6e,
  0xfe,0xa6,0x61,0x46,0xf,0x44,0x2e,0x82,0x1b,0xd0,0x1c,0xde,0xc9,0xdf,0x64,0x8e,
  0xaa,0xd2,0xc3,0x24,0xc9,0x66,0xd0,0x69,0x60,0xab,0x1b,0x53,0xbd,0x91,0x85,0xe6,
  0xd5,0x30,0x7a,0x98,0x51,0xa6,0x5a,0x7c,0xd2,0xa9,0x1a,0x14,0x28,0xf6,0x33,0x8b,
  0xc9,0xe5,0xd1,0xc9,0x63,0xa,0x73,0xc3,0xea,0x7f,0x88,0x4a,0x6f,0x48,0x87,0x47,
  0x8c,0x32,0xaf,0x9b,0x2d,0xea,0x53,0xdf,0x24,0xcf,0xfa,0xe,0x4c,0x7d,0x6a,0x56,
  0xcc,0x54,0xfd,0x1a,0x96,0x66,0x70,0xef,0xa6,0xa5,0x49,0x6f,0x69,0x5d,0x32,0xc1,
  0x29,0x30,0xeb,0xbf,0xa9,0xab,0xbe,0x7e,0x9d,0xc,0xff,0x7c,0x89,0xd4,0x46,0x29,
  0x5a,0x53,0x9f,0xa0,0x65,0x14,0x80,0x61,0x3c,0xc0,0x8c,0xca,0xbd,0xbe,0xb1,0xdf,
  0x2e,0x3f,0xc8,0x8,0x79,0x95,0x6e,0xf4,0xe2,0xc5,0x40,0x63,0x49,0x4e,0x42,0xe5,
  0xca,0x23,0x2b,0x37,0x5d,0x73,0x0,0x20,0x72,0x4d,0x43,0x4,0x3f,0x7c,0xab,0x9d,
  0x8a,0x68,0x80,0x3c,0x1c,0x12,0xb4,0xe7,0x11,0x60,0x49,0xc4,0x7c,0xc4,0xe8,0x1d,
  0x41,0xe0,0x7e,0x6f,0x8d,0x83,0x15,0x41,0x8a,0x11,0xa,0x81,0x53,0xc5,0xf2,0xb0,
  0xc5,0xca,0x3a,0xd9,0xe1,0x2e,0xac,0xac,0xd3,0x4b,0x42,0x75,0xcb,0xd2,0x34,0x29,
  0xc9,0x83,0x9c,0x40,0xe0,0x57,0x0,0x3c,0x1e,0x9,0x24,0x11,0xd9,0xb5,0xd,0x2c,
  0xf9,0xd7,0x44,0x13,0x39,0x17,0x26,0x8e,0xb9,0xed,0xb7,0x7c,0x55,0xe6,0x1c,0xa7,
  0x8b,0x7b,0x54,0xd9,0xc1,0x4b,0xcb,0xc2,0x63,0x6,0xb7,0xca,0x39,0x7f,0x4,0x6c,
  0xff,0xe6,0x74,0x89,0x59,0x8,0x15,0x77,0x1b,0xc2,0x15,0x98,0x92,0x3e,0x73,0xf,
  0x2b,0xf,0xbf,0x39,0xbd,0x38,0xfd,0x3e,0xee,0x46,0xe9,0x40,0x1,0xe7,0xa7,0x2d,
  0x3d,0xb9,0xc7,0xfb,0x1c,0xaf,0x2a,0x96,0xf1,0x25,0x4,0x6a,0x29,0x70,0xd6,0x59,
  0xd5,0x79,0x71,0x31,0x5e,0xdc,0xff,0x6c,0x54,0xb6,0x2a,0x32,0xdd,0xdd,0x6b,0x4f,
  0xef,0x74,0xb6,0x19,0x24,0x1f,0x6f,0x6c,0x75,0xf,0xb5,0x61,0x93,0xac,0x31,0xf8,
  0xd6,0x89,0x6a,0xef,0x8f,0xd9,0x23,0xfd,0x39,0xef,0xec,0x83,0x59,0x8f,0xfe,0x9c,
  0x1b,0xfd,0x69,0x91,0xa1,0x55,0x1e,0x9d,0x6a,0x60,0xbf,0x3a,0xf4,0x25,0xf5,0x14,
  0x4d,0x3f,0xbf,0x8f,0x1,0x92,0x83,0x3e,0x23,0x64,0x42,0xe7,0x9c,0xba,0x5a,0xd,
  0x63,0x26,0x75,0xac,0xf3,0x2e,0xd2,0x66,0x26,0x69,0x1a,0x99,0x87,0x10,0xe7,0x98,
  0xc4,0x25,0x68,0x3f,0x84,0xbc,0xc7,0x41,0x91,0x4d,0x9c,0x91,0x6e,0x1b,0xc6,0x68,
  0x1f,0x15,0x4a,0x4d,0xcc,0xc7,0x5d,0x93,0xc5,0x26,0xb5,0xed,0x90,0xa2,0xbb,0xfe,
  0xb3,0xae,0xfa,0xcf,0xec,0xf4,0x2f,0x27,0x64,0xef,0x6,0x38,0x5d,0xd,0x70,0xec,
  0xc,0x38,0x4a,0xf1,0xde,0x2d,0x98,0x77,0xb5,0xa0,0x77,0x74,0x1c,0x72,0x84,0xbe,
  0xd6,0xda,0xf,0x3c,0x46,0x27,0x52,0x3a,0x3d,0x8d,0x2c,0x4f,0xbb,0xd9,0x10,0x1e,
  0x6e,0xb1,0xa7,0x8f,0xf6,0x38,0xfa,0xa1,0x49,0xa8,0x63,0x14,0xda,0x9d,0x86,0x2a,
  0x3c,0x5c,0x3e,0xee,0xeb,0x89,0xce,0x96,0xfd,0x24,0x8d,0xe6,0xec,0x28,0x9a,0xe5,
  0x67,0x77,0x8d,0xfc,0x67,0x35,0xf9,0xde,0x3,0x7b,0xa7,0x1a,0xf,0x7a,0xe0,0x3e,
  0xaf,0x44,0xcb,0x3a,0xe6,0x43,0x66,0x78,0x61,0x25,0x3f,0x70,0x9e,0x17,0x64,0xb5,
  0x39,0x84,0x57,0xc7,0xa6,0xd5,0x89,0x9,0x8b,0x33,0x10,0x8d,0xf,0x15,0xa6,0xb1,
  0x3,0x6f,0x92,0xb5,0xac,0x20,0x3f,0x22,0x2a,0x88,0x8f,0x16,0xc4,0xc3,0x11,0xac,
  0x65,0xe5,0x9a,0x20,0xab,0xa3,0x1e,0x3b,0xca,0x98,0xe2,0xa4,0x0,0x77,0x27,0xa8,
  0xcc,0x93,0xb6,0x32,0x55,0x44,0x8c,0x18,0x6,0x82,0x3a,0xda,0x3e,0x4e,0x9f,0xf4,
  0xe1,0xcb,0x3a,0x8d,0xcd,0x7,0xd6,0xcc,0xab,0xfa,0xcb,0xbc,0x98,0xa7,0x7d,0x60,
  0x67,0x56,0x5e,0x2a,0x9d,0x17,0xe0,0x3b,0xbd,0x39,0x19,0xf6,0x5e,0x59,0x87,0xb3,
  0x70,0xa9,0xfc,0xc3,0xce,0xe9,0x49,0xe3,0xb6,0xe9,0x7d,0x38,0xd9,0xd2,0xa0,0x78,
  0x60,0xe0,0xe4,0xa4,0xfe,0xb6,0xca,0x33,0x2,0x27,0x16,0xbb,0xac,0x15,0x1,0xae,
  0x34,0xc1,0xfa,0x59,0x76,0x51,0x45,0xf8,0x18,0x10,0xbf,0xf1,0xc1,0x8d,0x69,0x7b,
  0xdb,0x4a,0xcf,0x2f,0x34,0x28,0x6e,0x9b,0x37,0xbb,0x7a,0x93,0x90,0x98,0x37,0xa9,
  0xab,0x7d,0x77,0x62,0xaf,0x55,0x6e,0xbb,0xb6,0xaf,0x53,0x0,0x16,0x48,0x52,0x3c,
  0x7d,0xda,0xed,0x4,0x40,0x25,0x2e,0xb4,0x16,0xdf,0xe1,0x48,0xc0,0xab,0x3a,0x5,
  0x9e,0xc,0x27,0x6e,0x52,0x9c,0x50,0xe7,0xe0,0xde,0xd,0x84,0x15,0x83,0xd8,0xf3,
  0x17,0x51,0xfb,0xb2,0x9f,0xe2,0xb3,0xdf,0x3,0xcd,0xd,0x79,0x11,0x86,0xe7,0x4,
  0x6d,0x47,0x5,0xf3,0xac,0x5a,0x2d,0xca,0x72,0x3a,0x6b,0x25,0x71,0x66,0x21,0xb1,
  0xed,0xb4,0xd9,0x20,0xd2,0xb1,0x10,0xd9,0x7a,0x7e,0x6e,0x90,0x39,0xef,0xc3,0xb1,
  0xff,0x1,0x23,0x16,0x1d,0x1a,
    // focus_highlighting.css
  0x0,0x0,0x6,0x14,
  0x0,
  0x0,0x27,0x5c,0x78,0xda,0xc5,0x5a,0x5b,0x6f,0xdb,0x36,0x14,0x7e,0x8e,0x7f,0x5,
  0x91,0xbe,0xa4,0x41,0x54,0x47,0x72,0x5b,0x6c,0xa,0x5a,0xa0,0x17,0x6c,0x7d,0x68,
  0xb1,0x75,0x9,0xd0,0x87,0xa0,0xf,0xb4,0x48,0xdb,0x44,0x68,0x51,0x25,0xa9,0x38,
  0xd9,0xb0,0xff,0xbe,0x43,0x51,0x92,0x25,0x59,0xb2,0x2e,0x91,0xba,0x34,0x17,0x5b,
  0xe6,0xe1,0xf9,0x78,0x2e,0xdf,0x39,0x24,0x3b,0x3f,0x9f,0xa1,0x73,0xf4,0x91,0xae,
  0x70,0xcc,0x35,0x52,0xfa,0x91,0x53,0xa4,0x36,0x94,0x6a,0x24,0x42,0xf4,0x8d,0x85,
  0x44,0xec,0x14,0xfa,0x93,0x63,0xbd,0x12,0x72,0xab,0xd0,0x8e,0xe9,0xd,0x5a,0x89,
  0x20,0x56,0x68,0xc3,0xd6,0x1b,0xe,0x3f,0x9a,0x85,0x6b,0xb4,0xe2,0x78,0x8d,0x68,
  0x88,0x97,0x9c,0x12,0x98,0x70,0x3e,0x43,0xf0,0x6f,0x7e,0x3e,0xe6,0x97,0xc1,0xf9,
  0xe1,0xa3,0x8,0xee,0x3e,0x88,0x50,0x63,0x16,0x52,0xf9,0x8d,0x91,0x35,0xd5,0xf0,
  0x7c,0xcc,0xaf,0xf9,0xc,0x13,0xe5,0x38,0x75,0x9a,0xd0,0x3f,0xb3,0x93,0x25,0xe,
  0xee,0xd6,0x52,0xc4,0x21,0xf1,0x51,0x84,0x39,0xd5,0x9a,0x9e,0xed,0x12,0x33,0x3d,
  0xbf,0x9a,0xfd,0x3b,0x9b,0x4d,0xb5,0xe8,0xeb,0x88,0x33,0xd0,0x25,0x7f,0xe2,0x6a,
  0xdf,0xa2,0xaf,0x99,0x56,0xb3,0xf2,0x8,0x13,0x2,0xae,0xf6,0x91,0x8b,0x2e,0xcd,
  0x8f,0x5d,0xee,0x5e,0x3c,0x1b,0xeb,0xfb,0x1b,0x1c,0x12,0x8,0xa3,0x92,0xb5,0x9c,
  0x40,0x70,0x21,0xf7,0x36,0x23,0x58,0xde,0x81,0xc5,0x4e,0xe6,0xe7,0x28,0xe,0x3,
  0xb1,0xdd,0xd2,0x50,0x23,0xbd,0xa1,0x10,0x5c,0x9c,0x8b,0x9d,0x89,0x29,0xe,0x58,
  0x10,0x5b,0xa1,0x47,0x11,0xa3,0x9d,0x88,0x39,0x81,0x27,0x77,0x14,0x69,0x81,0x2,
  0xd0,0xb0,0xa6,0xc9,0x70,0xc5,0xfe,0xa6,0x48,0xac,0x66,0xc8,0x7e,0x25,0x8f,0x32,
  0xd0,0x16,0x87,0x32,0xe1,0x68,0xf4,0x6c,0xa8,0x89,0x56,0xc0,0x1f,0x3d,0x5c,0x99,
  0x67,0x13,0x7a,0xeb,0x9d,0xa4,0x78,0xf2,0xe8,0xdc,0x2b,0xe9,0x14,0x98,0x65,0xc1,
  0x1b,0xa6,0x39,0x7d,0x8f,0x65,0x55,0x54,0x4b,0x1c,0xaa,0x8,0x4b,0x70,0x7,0x78,
  0x67,0x29,0x24,0xa1,0xd2,0x59,0xa,0xad,0xc5,0xd6,0x47,0x5e,0xf4,0x80,0x94,0xe0,
  0x8c,0xe4,0x1a,0x12,0x2,0x30,0x7e,0x4c,0xa3,0x23,0x1f,0x7a,0x9,0x46,0x36,0x6a,
  0xeb,0xe0,0xde,0x26,0x4,0x42,0xc9,0x9b,0x53,0x2d,0x63,0x7a,0xfa,0x1d,0x1d,0x81,
  0xd6,0x6,0x20,0x67,0xa1,0xe7,0x5,0x75,0xd9,0xc,0xef,0x63,0x10,0xb,0x4b,0xc1,
  0xb,0xb8,0x72,0x6c,0xb3,0x67,0x1a,0x2f,0xd5,0x17,0x1a,0xc6,0x76,0xa0,0xef,0x43,
  0x14,0xc6,0xe,0x18,0x8d,0x5,0x58,0x8b,0x4,0x0,0xdb,0xe2,0x35,0xf5,0x51,0x28,
  0x42,0x9a,0xca,0x90,0x14,0xe6,0x7,0x2e,0x14,0xdd,0x6b,0xf8,0x11,0x49,0x11,0x51,
  0xa9,0x1f,0x1d,0x16,0xc0,0x54,0x28,0x96,0xfc,0xcc,0x9f,0x3,0x9e,0x79,0x32,0x85,
  0x9a,0x7,0x66,0xbc,0xb3,0x4c,0x4,0x5e,0xa8,0xfb,0xf5,0xf3,0x8b,0xd9,0xc9,0xc9,
  0xd1,0x51,0xe,0x61,0x2a,0x61,0xd4,0x64,0x38,0xca,0xde,0x5d,0x55,0x95,0x5d,0x43,
  0xe,0x40,0x58,0xbf,0x4e,0x97,0xf5,0x8c,0x50,0x8d,0x83,0xcd,0xef,0xe0,0xd1,0xa8,
  0x7,0x3e,0x2b,0xd5,0xa,0xb0,0x34,0x6c,0x0,0xc2,0x93,0xc4,0x8a,0x53,0x25,0x9e,
  0xd,0xb0,0x1b,0xbc,0x9c,0x30,0xef,0x72,0x1d,0xad,0x69,0x97,0x85,0x6f,0x85,0xfb,
  0xf2,0xa4,0x49,0x3f,0x4e,0xaa,0xae,0x6f,0x3,0x7b,0xff,0x74,0xc7,0x88,0xde,0xf8,
  0x86,0x6b,0x4d,0xc8,0x1a,0xbe,0x2d,0x44,0xb1,0x8d,0xe1,0x46,0x2b,0x5b,0x53,0x3,
  0xe7,0xe9,0xd,0x53,0x8,0xbe,0x45,0xa4,0x99,0x8,0x31,0x47,0x2c,0x44,0x1,0x56,
  0xb4,0x99,0x54,0xcd,0x44,0x9,0xab,0x5a,0x86,0xac,0x59,0xf6,0x2d,0xe,0x34,0xbb,
  0xa7,0xf0,0x2a,0x4f,0xe0,0x8a,0x21,0x7e,0x18,0xea,0xc6,0x72,0x2d,0x31,0x61,0x40,
  0x24,0x67,0x2a,0x82,0x7c,0x21,0xc8,0x58,0x80,0x5c,0xa0,0x7,0x17,0x5e,0x5d,0x5e,
  0xa0,0xc7,0xf4,0xef,0x83,0x97,0xbe,0x4f,0xfe,0xbe,0x78,0x75,0x1,0x6d,0x88,0x88,
  0xcc,0x6b,0x88,0xbf,0x8a,0x4d,0xed,0x67,0xbe,0x5b,0xb1,0xa5,0xad,0x24,0x75,0xbe,
  0x28,0xf0,0x43,0xe3,0x82,0xd0,0xd7,0xcf,0x78,0x49,0xb9,0x59,0x45,0x7d,0x95,0xea,
  0x6c,0x87,0xc6,0x89,0xa0,0x7b,0xa2,0x16,0x9a,0x9d,0xee,0x19,0x8e,0xb5,0xf8,0xc4,
  0x8,0x4d,0xa8,0x2a,0x97,0xca,0x58,0x94,0xd3,0x15,0x14,0xaa,0x97,0x89,0x8f,0xdb,
  0x66,0x2,0xe,0xab,0x50,0xd1,0x16,0x4c,0xcf,0x42,0xc7,0x18,0xca,0x30,0xe6,0x55,
  0xd9,0x39,0x96,0xca,0xd2,0x28,0xcb,0xdf,0x96,0x8,0xd2,0xf1,0x6a,0xa2,0xeb,0x7f,
  0xa5,0xb4,0xf2,0x22,0xfd,0x8d,0xb8,0xb7,0x4d,0x9,0x38,0x3d,0x5d,0x87,0x9b,0x97,
  0x6,0xb9,0x5e,0xe2,0x33,0x88,0x27,0xfb,0xbd,0xf0,0x12,0xcf,0x97,0x4c,0x50,0x1e,
  0xe1,0xbd,0xac,0xb5,0xa4,0xf,0x41,0xab,0xa0,0x4a,0x55,0x83,0xbb,0x2c,0xfc,0xf2,
  0x17,0x2b,0xc,0xb9,0xf6,0x5b,0xd2,0x16,0x4b,0xa,0xcd,0x32,0x48,0x99,0xa4,0x36,
  0x5d,0x4c,0x3d,0x75,0x1c,0x94,0xc0,0x6,0x2a,0x29,0x96,0xb7,0x6,0x36,0xa9,0xad,
  0x80,0xc7,0x95,0xbd,0x45,0x35,0x51,0xd3,0xcb,0xdb,0x4e,0x3a,0x65,0xe2,0xc6,0xc1,
  0x6a,0xf7,0x7e,0x3c,0x30,0xb0,0xf7,0xa,0x78,0x60,0xff,0x2b,0x33,0xf3,0x30,0x35,
  0xc7,0x3c,0x59,0x51,0xf4,0xab,0xd7,0x5d,0x51,0x63,0xb6,0x17,0xdc,0x31,0x71,0xa5,
  0x9b,0xbc,0xcc,0x35,0x5,0x66,0x4b,0x50,0xf6,0x2a,0x71,0x69,0x81,0xcb,0xb6,0x14,
  0x5f,0xaf,0x3,0x9,0x9b,0x0,0xd3,0x63,0x25,0xcd,0x96,0x5,0xb2,0x7f,0x58,0xed,
  0xe7,0xe,0xc8,0x6c,0x1a,0xb3,0x1b,0xcb,0x5f,0xa7,0x49,0x2d,0x56,0xc8,0x10,0x38,
  0xec,0x81,0x9,0xec,0x58,0x60,0x3,0x63,0xab,0x2b,0xd3,0x8f,0x76,0xe0,0xb8,0x3e,
  0x99,0x68,0x2f,0xfd,0x2e,0x2b,0x41,0x93,0x75,0x4b,0x5,0xd,0x87,0xc,0x33,0x7a,
  0xb7,0xd2,0xbd,0xca,0xa5,0xf5,0xd5,0x56,0xb9,0xec,0x99,0xb4,0xbb,0x43,0x1b,0x50,
  0x9a,0x3e,0x68,0x7,0x1c,0xba,0x6,0x22,0xc,0xa0,0x85,0xa1,0x12,0x1e,0x6e,0xa1,
  0xa8,0x66,0x9b,0x48,0xef,0xb2,0x24,0x5c,0xd8,0xa0,0x14,0x77,0x5b,0x5,0x3,0x58,
  0xae,0x9b,0x1d,0x92,0x45,0x85,0xbf,0xf,0x25,0x6f,0xcd,0x22,0xff,0x8,0xf9,0xe3,
  0x9b,0xd3,0x15,0xe6,0xa,0x98,0xe7,0x56,0xc1,0x27,0xb0,0xbf,0xf9,0x2c,0x60,0x9f,
  0x2,0x96,0x7a,0x73,0x7a,0x79,0xfa,0xfd,0x62,0x98,0xa4,0x7,0x44,0x56,0xd8,0x69,
  0x25,0x4d,0xc3,0xeb,0x86,0x5a,0x9a,0xb1,0xf0,0x30,0x4d,0xee,0x60,0x8c,0x8b,0xb4,
  0x40,0x96,0x37,0x83,0xad,0x28,0x9b,0x9c,0x30,0xdc,0xa0,0xdd,0xe5,0xbd,0xc1,0x8b,
  0x5,0xcd,0x87,0x9d,0xe5,0x70,0xe7,0xd6,0x74,0xa9,0xcd,0xee,0xee,0x1c,0x93,0xdd,
  0xd,0xe1,0x3e,0xd1,0x90,0x8b,0xc1,0x8b,0x77,0x47,0x34,0xe4,0xa2,0xd6,0x90,0xc7,
  0x62,0xb2,0xc9,0x94,0x73,0xcb,0xbe,0xef,0xf2,0xf2,0x61,0xce,0x20,0xec,0xb9,0x6a,
  0x42,0x66,0x2,0x80,0xcc,0x50,0x1d,0x85,0x16,0x70,0x5a,0xfd,0xb5,0xb1,0xd3,0x37,
  0x97,0x87,0xa8,0x71,0x4b,0x6a,0x2c,0x99,0x4e,0xa1,0xc7,0x2b,0xe9,0x49,0x9,0x7a,
  0xa,0x45,0x3,0x9,0xa6,0x8b,0x2f,0x91,0xe5,0xfd,0x5a,0x8f,0x1e,0x64,0xc1,0x11,
  0xbf,0x5e,0xc,0xd,0x88,0xa3,0x71,0xdb,0x2d,0xff,0x87,0x3,0x77,0x87,0x2,0x77,
  0x5b,0x80,0x57,0x83,0x6e,0x74,0xe4,0xde,0x50,0xe4,0x5e,0xb,0xf2,0x83,0x30,0x1e,
  0x1d,0xfa,0x62,0x28,0xf4,0xf1,0x58,0x6e,0xca,0x7e,0xf5,0xda,0xc2,0x9e,0xb8,0x67,
  0x4d,0xb5,0x74,0x3c,0xe2,0xcb,0x3b,0xcc,0x7d,0x8f,0xab,0x22,0x1c,0xd8,0xfb,0x12,
  0xcf,0x1e,0x2f,0x28,0xeb,0x7,0xd5,0x72,0xab,0x54,0x3a,0x81,0x3f,0x2c,0xbe,0x29,
  0xae,0x36,0xee,0xcf,0x5c,0xe5,0x1e,0xb8,0xaa,0x7a,0xa6,0xd5,0x3a,0xb1,0x5b,0x17,
  0xbe,0x23,0xcc,0xeb,0xd5,0x24,0xf4,0x8,0xd3,0x2e,0xe,0x9,0xee,0xd8,0xac,0x53,
  0x46,0x6a,0xe9,0x56,0x6d,0xe2,0x78,0x2d,0xe9,0xea,0x71,0x21,0x54,0x2f,0xdf,0xed,
  0xb2,0xa8,0xf6,0x94,0xaa,0x75,0x6b,0x3e,0x4f,0x8c,0x74,0x93,0xee,0xf5,0x24,0xfd,
  0x11,0x33,0x49,0x9,0x5a,0xd2,0x0,0xc7,0xca,0xde,0xea,0x75,0xba,0x35,0xda,0x31,
  0xce,0x91,0x99,0xca,0xd0,0xe2,0x4e,0x32,0x5d,0x94,0xed,0xb5,0x2c,0x19,0x73,0x5a,
  0x53,0xa1,0x8f,0xc9,0xf6,0xbf,0xc9,0x7a,0xb2,0xdd,0x8e,0x81,0x1b,0x7e,0x9e,0x5c,
  0xe9,0x4d,0x7f,0x4a,0x2a,0x20,0x6d,0x50,0x2e,0xc1,0x30,0xf6,0x34,0x51,0x8d,0x9e,
  0x1b,0xf9,0x2d,0x5d,0xa6,0xbf,0xc7,0x39,0xe7,0xbd,0x72,0x22,0xd8,0xe9,0xb7,0x1d,
  0x6b,0x97,0x86,0xd,0x3c,0xd7,0x3e,0xee,0xd3,0xb1,0xd6,0x60,0x5e,0x86,0x94,0x94,
  0xce,0x6c,0xc7,0x41,0xf6,0x85,0x85,0x6c,0xb,0x82,0x3d,0x90,0x6d,0x53,0x91,0xba,
  0x83,0xe4,0xf6,0x7b,0xc3,0x4e,0xa8,0xa,0x47,0xbf,0x4f,0x3e,0xd7,0xee,0x40,0x9,
  0xe5,0xdb,0xe6,0xa1,0x67,0xda,0x3d,0x34,0xf4,0x39,0xce,0x7e,0x9d,0x5d,0x4f,0xfc,
  0xa4,0xcc,0xbe,0xc9,0x32,0x1b,0x87,0x4,0xbd,0x9f,0x28,0xbb,0x27,0x59,0xcf,0x5f,
  0xd4,0x9c,0x23,0x7e,0x4a,0xfe,0xcf,0xc8,0x44,0xb5,0xba,0xa8,0xe2,0xa9,0x25,0xba,
  0xbe,0x1,0x6c,0xd0,0xd3,0xb1,0x17,0xea,0xa5,0xce,0x6d,0x53,0xd7,0xb7,0xa3,0x6b,
  0xd1,0xe7,0xb5,0xe9,0xeb,0xdd,0x99,0xb6,0x28,0x5c,0x3c,0xd5,0x9e,0xff,0x1,0x25,
  0x7a,0xf4,0xea,
    // default.css
  0x0,0x0,0x5,0xa0,
  0x0,
  0x0,0x24,0x8f,0x78,0xda,0xcd,0x59,0xdf,0x6f,0x9b,0x48,0x10,0x7e,0x86,0xbf,0x62,
  0x95,0xbc,0xa4,0x91,0xa9,0x3,0x6e,0xa2,0x3b,0x4e,0x39,0x29,0x49,0xa5,0xeb,0x43,
  0xab,0xbb,0x5c,0x22,0xf5,0x21,0xea,0xc3,0x2,0x6b,0xb3,0xa,0x66,0xe9,0xb2,0xc4,
  0x71,0xab,0xfe,0xef,0x37,0xcb,0x2,0x6,0x9b,0x5f,0xc6,0x26,0x3a,0xe4,0x24,0xe,
  0x30,0x33,0xdf,0xcc,0xce,0x7c,0x3b,0xc,0xd3,0x73,0x1d,0x9d,0xa3,0x8f,0x64,0x8e,
  0x93,0x40,0xa0,0x58,0xac,0x3,0x82,0x62,0x9f,0x10,0x81,0x58,0x88,0xbe,0xd2,0xd0,
  0x63,0xab,0x18,0xfd,0x13,0x60,0x31,0x67,0x7c,0x19,0xc3,0xbd,0x53,0x1d,0xe9,0xd3,
  0xf3,0x63,0x1e,0x12,0xc0,0xdd,0x47,0xe6,0x3e,0xdf,0xb1,0x50,0x60,0x1a,0x12,0xfe,
  0x95,0x7a,0xb,0x22,0xe0,0xfc,0x31,0x8f,0xa9,0x8e,0xbd,0xd8,0x30,0xea,0x2c,0xa1,
  0x9f,0xba,0xe6,0x60,0xf7,0x79,0xc1,0x59,0x12,0x7a,0x36,0x8a,0x70,0x40,0x84,0x20,
  0x67,0xab,0xd4,0xff,0x77,0x7f,0xe8,0xbf,0x74,0x7d,0x2c,0xa7,0x1f,0xa2,0x80,0x82,
  0x2d,0xfe,0x86,0xde,0xfe,0x89,0xee,0x73,0xab,0xd2,0xf3,0x8,0x7b,0x1e,0xd,0x17,
  0x36,0x32,0xd1,0x85,0xfc,0x49,0xdd,0x6d,0x96,0xde,0x5c,0xc9,0x95,0xd8,0xb6,0x8f,
  0x43,0xf,0x12,0xe7,0xa7,0x8e,0xe0,0xa8,0x8b,0xa4,0x87,0xf9,0xf3,0xb8,0x71,0xbc,
  0xe1,0x4,0x8f,0x9e,0x37,0x1b,0x23,0x2d,0xbe,0x96,0xb3,0x46,0x89,0x3e,0x52,0x11,
  0x90,0x5b,0xcc,0x6f,0x13,0x21,0xa0,0xac,0x94,0xa8,0x3c,0x8a,0xd0,0x5f,0x44,0xaf,
  0xf2,0x47,0x45,0xe8,0x54,0x60,0x27,0xfe,0x42,0xc2,0x44,0xdd,0x6f,0xdb,0x4b,0xf8,
  0x6e,0x80,0x56,0xea,0x62,0xc1,0x78,0x49,0x9e,0x2e,0xf1,0x82,0xd8,0x28,0x64,0x21,
  0x49,0x45,0xb7,0x24,0x4b,0x77,0x7e,0x8f,0x38,0x8b,0x8,0x17,0x6b,0x83,0xba,0xa0,
  0x12,0x25,0x3c,0x38,0xb3,0xa7,0x0,0x6f,0x9a,0xea,0x88,0xa7,0x52,0xd2,0x48,0xd,
  0x39,0xa9,0xec,0xfb,0xf8,0x65,0x1,0x3e,0xd4,0xcb,0x3f,0xd0,0x1f,0x60,0xd6,0xbc,
  0xca,0x10,0x9f,0x7a,0x59,0x6c,0xee,0x2,0x16,0x93,0xfd,0x6d,0xbb,0x52,0xac,0x6c,
  0x77,0x52,0xc8,0xe6,0x47,0xab,0x8c,0xe1,0xd1,0x18,0x3b,0x1,0xf1,0x52,0x61,0x94,
  0xff,0xd7,0x1b,0x3d,0x11,0xd8,0xf5,0xff,0x82,0x65,0x8c,0xf6,0xc7,0xae,0x84,0xf7,
  0x4,0x5f,0x11,0x3a,0xc,0xfd,0x68,0x5,0xa5,0xf2,0xfc,0x11,0x3b,0x8,0x8a,0x1b,
  0xa5,0xe1,0x46,0xa,0x70,0xba,0x4d,0x40,0xda,0x8e,0x58,0x68,0x1b,0xe3,0x5d,0xd4,
  0xac,0x39,0x8c,0x7b,0x84,0x1b,0x2e,0xb,0x18,0xdf,0x5c,0xf,0xe8,0xc2,0x17,0xa5,
  0xcb,0xe9,0xce,0x66,0xa3,0x98,0x5,0xd4,0xdb,0x9c,0x5d,0x51,0x4f,0xf8,0xb6,0xa4,
  0x3d,0x59,0x7f,0x92,0xfa,0x36,0x6c,0x78,0x51,0x14,0x64,0xd,0xac,0x27,0xec,0xa,
  0xfa,0x42,0xe0,0xdb,0xf5,0x89,0xe0,0x9,0x39,0xf9,0xb6,0xd,0xf4,0x3b,0x44,0x88,
  0x60,0xbe,0xe0,0xd8,0xa3,0x24,0x14,0x67,0x71,0x4,0xf5,0xe1,0x21,0x89,0xd0,0x9b,
  0xa0,0x57,0x13,0xbe,0x5d,0x4c,0xd0,0x3a,0xfb,0xfb,0x6a,0x65,0xff,0xa7,0x7f,0xdf,
  0x5f,0x4e,0x20,0xc6,0x2c,0x92,0xdf,0x75,0x4d,0xdb,0xf2,0x59,0x5d,0xb3,0xcd,0x2d,
  0x5f,0xa5,0xb3,0xd3,0xf3,0xba,0x58,0xf9,0x70,0x3d,0x8b,0x7,0x4,0xb9,0xde,0x21,
  0x74,0xff,0x19,0x3b,0x24,0x90,0x5e,0x6c,0x45,0x72,0x43,0xdd,0xfd,0xe2,0xd0,0xa8,
  0x8,0x3a,0x8,0xa2,0xa0,0x29,0x75,0xa7,0x38,0x11,0xec,0x13,0xf5,0x48,0x4a,0x8f,
  0x85,0x54,0xb6,0x0,0x46,0x40,0xe6,0xc2,0x46,0x1f,0xe4,0x1a,0x74,0x6a,0x2,0xf2,
  0xaa,0xa7,0x9e,0x25,0xac,0x0,0xd,0xd,0x19,0x2f,0x64,0x49,0x55,0xf9,0x85,0x72,
  0x9c,0x14,0x7d,0x16,0x57,0xd2,0xd4,0xd8,0x3e,0x5b,0x61,0x6a,0xa3,0xa2,0xea,0xff,
  0x4e,0x6f,0xd5,0xe0,0xd8,0x3e,0x7b,0x21,0xe5,0x3d,0x24,0xf7,0x57,0x96,0x40,0x5a,
  0x1e,0x88,0x2f,0x1c,0x7c,0x6,0xc9,0xa8,0x3e,0x33,0xeb,0x5d,0x7d,0xd8,0xaa,0xb7,
  0x99,0x57,0xb5,0x6b,0x61,0x43,0xda,0xc7,0x31,0xf1,0xca,0x6,0x1b,0x75,0xa4,0xa6,
  0x7e,0x8d,0x4d,0x69,0xa3,0xd3,0x56,0x13,0x67,0x6d,0x73,0xd2,0x21,0x94,0x95,0x11,
  0x56,0xd6,0xad,0xe9,0xf7,0xf,0x2e,0x67,0x41,0x20,0xf7,0xe0,0x74,0x33,0x56,0x40,
  0x36,0x27,0x2b,0x7d,0x5e,0xca,0x6b,0x5a,0x35,0xcf,0x47,0x89,0xba,0xc,0xfc,0x83,
  0xda,0x2b,0x10,0x9b,0x23,0x59,0xef,0xc8,0x87,0x82,0x47,0xf3,0x24,0x4,0xde,0x60,
  0x21,0x86,0x6,0x72,0xad,0x6e,0x3c,0xee,0x92,0xa0,0x71,0x9e,0x52,0x6e,0x72,0xc6,
  0xc2,0xce,0x48,0x59,0x54,0xb2,0x20,0xd7,0xac,0xa9,0xb2,0x55,0x79,0x4f,0xcf,0x91,
  0xf0,0x69,0x8c,0xe0,0xc3,0x22,0x15,0x4f,0x44,0x43,0xe4,0x62,0xd8,0xaa,0xd7,0x2c,
  0x41,0x2b,0x96,0x4,0x1e,0xa,0xe8,0x33,0x41,0x10,0x79,0x17,0xba,0xf4,0x5,0x41,
  0x52,0x11,0x8a,0x41,0x13,0xd8,0xd4,0x76,0x69,0x70,0x2b,0x2f,0xb6,0xe8,0x38,0x25,
  0xbe,0xe2,0x1c,0x97,0x19,0x9b,0xe7,0x93,0x20,0xaf,0xc2,0x80,0x5,0x5d,0x0,0x5,
  0xba,0xb0,0xe3,0x11,0xe,0x27,0x97,0x40,0xbe,0x3e,0x51,0xb7,0x59,0x17,0x15,0x61,
  0x87,0x1,0x3f,0x2c,0x33,0x95,0x32,0xfd,0x76,0x2,0xa0,0xa8,0x4a,0xdf,0xdd,0x49,
  0x4a,0x1b,0x5a,0xbd,0xe4,0x93,0x74,0xf2,0xef,0x30,0x58,0x5f,0x9f,0xcc,0x71,0x10,
  0xc3,0xb6,0xf4,0x14,0xc3,0x15,0x68,0xc1,0x3f,0x33,0xe8,0xa1,0x21,0x52,0xd7,0x27,
  0x17,0x27,0xdf,0x26,0xc3,0x24,0x2d,0xd8,0xe5,0xd2,0x1a,0x57,0x15,0x99,0x6e,0x2e,
  0x57,0xd,0xec,0xf9,0xe1,0xb7,0x43,0x30,0x9a,0x83,0x31,0xce,0xb2,0x8e,0x44,0x41,
  0xcc,0x63,0xdd,0x89,0xb2,0x69,0x11,0x86,0x7,0xb4,0xbf,0xbc,0x35,0xd8,0x59,0xb0,
  0xbc,0xdb,0x88,0xc,0x5f,0xdc,0x9a,0xa6,0xa6,0x79,0xb9,0x7b,0xe7,0x64,0xff,0x40,
  0x98,0x7,0x6,0x72,0x36,0xd8,0x79,0xf3,0x88,0x81,0x9c,0xd5,0x6,0xb2,0x2d,0x27,
  0x9b,0x42,0x39,0x55,0xec,0x7b,0x53,0x6c,0x1f,0xf2,0x59,0x15,0xad,0xa8,0xf0,0x15,
  0x99,0x31,0x0,0x92,0x4e,0xa6,0xda,0x70,0x2a,0xfb,0xb5,0xb9,0xb3,0x6f,0x2d,0xf,
  0x31,0x63,0x56,0xcc,0x28,0x32,0x1d,0xc3,0x8e,0x55,0xb1,0x93,0x11,0xf4,0x18,0x86,
  0x6,0x12,0x4c,0x9f,0xb5,0x44,0x8a,0xf7,0x6b,0x57,0x74,0xa7,0xa,0x5a,0xd6,0x75,
  0x32,0x34,0x21,0x5a,0xf3,0xb6,0x5f,0xfd,0xf,0x7,0x6e,0xe,0x5,0x6e,0x76,0x0,
  0xdf,0x4e,0xba,0xa3,0x23,0xb7,0x86,0x22,0xb7,0x3a,0x90,0xef,0xa4,0xf1,0xd1,0xa1,
  0xcf,0x86,0x42,0x3f,0x2a,0xcb,0x8d,0xd5,0xae,0x3e,0x28,0xd4,0x23,0xb7,0xac,0x99,
  0x95,0x9e,0x3,0x9b,0xa2,0xc1,0xdc,0xb4,0xb8,0x71,0x84,0x5d,0x35,0x88,0xb6,0xd4,
  0xa3,0x64,0xac,0x96,0x21,0xee,0x18,0xd7,0xb,0x8e,0x43,0x90,0xe5,0xd0,0x74,0xd6,
  0xed,0xbd,0x19,0xae,0x2e,0xea,0xcf,0x57,0xca,0xdc,0x59,0xa9,0xed,0x9,0x48,0xa7,
  0x62,0xb3,0x2e,0x7b,0x8f,0xa0,0xd7,0xaa,0xa9,0xe7,0x23,0xa8,0x9d,0xed,0xf2,0x5b,
  0x9b,0xd6,0x31,0x33,0xb5,0xf2,0xc2,0x61,0xe4,0x7c,0xad,0xd8,0xea,0xf5,0xa,0xa8,
  0x4d,0xbe,0xfa,0x92,0x20,0x9f,0xf8,0x37,0xa9,0x2d,0x17,0x7f,0x9f,0x7,0x73,0x19,
  0xa4,0xc7,0xec,0x51,0x8f,0x93,0xef,0x9,0xe5,0xc4,0x43,0xe,0x71,0x71,0x2,0x8f,
  0x7a,0xc2,0x27,0xa8,0xee,0x1d,0xc5,0xd3,0x9c,0xb9,0x70,0xdd,0x2b,0x68,0x69,0x45,
  0x83,0x0,0x49,0x55,0x92,0x15,0x57,0x9c,0x8a,0xb2,0xec,0x5e,0x6e,0xf1,0x24,0x20,
  0x35,0x1b,0x74,0x9b,0x6c,0x3,0xa6,0x31,0xe3,0xd6,0x6,0x6e,0xf8,0xf4,0xf1,0x8d,
  0x48,0xbb,0xa,0x57,0x48,0x94,0xe,0x4,0x46,0x8d,0x4,0xe3,0xa3,0xd7,0x46,0xf1,
  0xe,0x27,0xb7,0x5f,0xcc,0x52,0xb5,0xce,0x1,0xe7,0x4b,0x6c,0x44,0xf0,0xa0,0x5f,
  0x99,0x70,0x6a,0x5a,0xfb,0x6d,0x8d,0x43,0x4d,0xad,0x75,0x9a,0xd9,0xba,0xa4,0xc7,
  0x72,0x41,0x7e,0xd,0x89,0x67,0x64,0xb9,0x9a,0xbd,0xa,0x6b,0x7,0xd6,0xf,0xd9,
  0x17,0x1a,0xd2,0x25,0x8,0xee,0x81,0x6c,0x99,0x89,0xe4,0xd8,0xfa,0x82,0xd2,0xfa,
  0xa3,0x2a,0xcd,0x6b,0xfb,0x20,0xaa,0xcc,0xa6,0xcb,0x70,0x7a,0x92,0x64,0xf5,0x75,
  0x68,0x31,0x90,0xd6,0x76,0x6,0xc3,0xd6,0xe5,0xe5,0x4,0x6d,0x7e,0xd5,0x3f,0xae,
  0xf4,0xb0,0xb0,0x99,0x41,0x77,0xda,0xf8,0x3d,0x1b,0x63,0xbf,0x59,0x61,0x3f,0xe6,
  0x85,0x2d,0xdf,0xb2,0xdd,0x8e,0x54,0xdc,0xa3,0xf8,0xf3,0x2f,0x91,0x53,0xc4,0x4f,
  0xe9,0xab,0xff,0x91,0xb6,0xea,0xb2,0x89,0x43,0x77,0xe8,0xfa,0xfe,0xaf,0xc1,0x4e,
  0xcf,0x56,0x68,0x2f,0x73,0x66,0x97,0xb9,0x7d,0x1b,0xba,0xe,0x7b,0x56,0x97,0xbd,
  0xbd,0x1b,0xd3,0xe,0x83,0xb3,0x83,0xe3,0xa9,0xff,0x7,0x95,0x3,0xe6,0xa0,
  
};

static const unsigned char qt_resource_name[] = {
  // ads
  0x0,0x3,
  0x0,0x0,0x67,0xb3,
  0x0,0x61,
  0x0,0x64,0x0,0x73,
    // stylesheets
  0x0,0xb,
  0xc,0x6b,0x3c,0xf3,
  0x0,0x73,
  0x0,0x74,0x0,0x79,0x0,0x6c,0x0,0x65,0x0,0x73,0x0,0x68,0x0,0x65,0x0,0x65,0x0,0x74,0x0,0x73,
    // images
  0x0,0x6,
  0x7,0x3,0x7d,0xc3,
  0x0,0x69,
  0x0,0x6d,0x0,0x61,0x0,0x67,0x0,0x65,0x0,0x73,
    // close-button-disabled.svg
  0x0,0x19,
  0x3,0x4c,0x6a,0xc7,
  0x0,0x63,
  0x0,0x6c,0x0,0x6f,0x0,0x73,0x0,0x65,0x0,0x2d,0x0,0x62,0x0,0x75,0x0,0x74,0x0,0x74,0x0,0x6f,0x0,0x6e,0x0,0x2d,0x0,0x64,0x0,0x69,0x0,0x73,0x0,0x61,
  0x0,0x62,0x0,0x6c,0x0,0x65,0x0,0x64,0x0,0x2e,0x0,0x73,0x0,0x76,0x0,0x67,
    // restore-button-focused.svg
  0x0,0x1a,
  0x0,0xe4,0x3d,0x7,
  0x0,0x72,
  0x0,0x65,0x0,0x73,0x0,0x74,0x0,0x6f,0x0,0x72,0x0,0x65,0x0,0x2d,0x0,0x62,0x0,0x75,0x0,0x74,0x0,0x74,0x0,0x6f,0x0,0x6e,0x0,0x2d,0x0,0x66,0x0,0x6f,
  0x0,0x63,0x0,0x75,0x0,0x73,0x0,0x65,0x0,0x64,0x0,0x2e,0x0,0x73,0x0,0x76,0x0,0x67,
    // vs-pin-button_45.svg
  0x0,0x14,
  0x8,0xff,0xc,0x87,
  0x0,0x76,
  0x0,0x73,0x0,0x2d,0x0,0x70,0x0,0x69,0x0,0x6e,0x0,0x2d,0x0,0x62,0x0,0x75,0x0,0x74,0x0,0x74,0x0,0x6f,0x0,0x6e,0x0,0x5f,0x0,0x34,0x0,0x35,0x0,0x2e,
  0x0,0x73,0x0,0x76,0x0,0x67,
    // pin-button-big.svg
  0x0,0x12,
  0xc,0x51,0x56,0xe7,
  0x0,0x70,
  0x0,0x69,0x0,0x6e,0x0,0x2d,0x0,0x62,0x0,0x75,0x0,0x74,0x0,0x74,0x0,0x6f,0x0,0x6e,0x0,0x2d,0x0,0x62,0x0,0x69,0x0,0x67,0x0,0x2e,0x0,0x73,0x0,0x76,
  0x0,0x67,
    // vs-pin-button-pinned.svg
  0x0,0x18,
  0x2,0xca,0x94,0xc7,
  0x0,0x76,
  0x0,0x73,0x0,0x2d,0x0,0x70,0x0,0x69,0x0,0x6e,0x0,0x2d,0x0,0x62,0x0,0x75,0x0,0x74,0x0,0x74,0x0,0x6f,0x0,0x6e,0x0,0x2d,0x0,0x70,0x0,0x69,0x0,0x6e,
  0x0,0x6e,0x0,0x65,0x0,0x64,0x0,0x2e,0x0,0x73,0x0,0x76,0x0,0x67,
    // vs-pin-button-disabled.svg
  0x0,0x1a,
  0x0,0xc0,0xd9,0x7,
  0x0,0x76,
  0x0,0x73,0x0,0x2d,0x0,0x70,0x0,0x69,0x0,0x6e,0x0,0x2d,0x0,0x62,0x0,0x75,0x0,0x74,0x0,0x74,0x0,0x6f,0x0,0x6e,0x0,0x2d,0x0,0x64,0x0,0x69,0x0,0x73,
  0x0,0x61,0x0,0x62,0x0,0x6c,0x0,0x65,0x0,0x64,0x0,0x2e,0x0,0x73,0x0,0x76,0x0,0x67,
    // tabs-menu-button.svg
  0x0,0x14,
  0xf,0xbf,0x57,0x87,
  0x0,0x74,
  0x0,0x61,0x0,0x62,0x0,0x73,0x0,0x2d,0x0,0x6d,0x0,0x65,0x0,0x6e,0x0,0x75,0x0,0x2d,0x0,0x62,0x0,0x75,0x0,0x74,0x0,0x74,0x0,0x6f,0x0,0x6e,0x0,0x2e,
  0x0,0x73,0x0,0x76,0x0,0x67,
    // minimize-button.svg
  0x0,0x13,
  0xa,0x72,0x70,0x47,
  0x0,0x6d,
  0x0,0x69,0x0,0x6e,0x0,0x69,0x0,0x6d,0x0,0x69,0x0,0x7a,0x0,0x65,0x0,0x2d,0x0,0x62,0x0,0x75,0x0,0x74,0x0,0x74,0x0,0x6f,0x0,0x6e,0x0,0x2e,0x0,0x73,
  0x0,0x76,0x0,0x67,
    // pin-button.svg
  0x0,0xe,
  0xb,0x86,0x7e,0x67,
  0x0,0x70,
  0x0,0x69,0x0,0x6e,0x0,0x2d,0x0,0x62,0x0,0x75,0x0,0x74,0x0,0x74,0x0,0x6f,0x0,0x6e,0x0,0x2e,0x0,0x73,0x0,0x76,0x0,0x67,
    // restore-button.svg
  0x0,0x12,
  0x4,0x94,0xce,0x27,
  0x0,0x72,
  0x0,0x65,0x0,0x73,0x0,0x74,0x0,0x6f,0x0,0x72,0x0,0x65,0x0,0x2d,0x0,0x62,0x0,0x75,0x0,0x74,0x0,0x74,0x0,0x6f,0x0,0x6e,0x0,0x2e,0x0,0x73,0x0,0x76,
  0x0,0x67,
    // detach-button.svg
  0x0,0x11,
  0x9,0xad,0x4a,0x47,
  0x0,0x64,
  0x0,0x65,0x0,0x74,0x0,0x61,0x0,0x63,0x0,0x68,0x0,0x2d,0x0,0x62,0x0,0x75,0x0,0x74,0x0,0x74,0x0,0x6f,0x0,0x6e,0x0,0x2e,0x0,0x73,0x0,0x76,0x0,0x67,
  
    // vs-pin-button.svg
  0x0,0x11,
  0xa,0xb3,0xf2,0x67,
  0x0,0x76,
  0x0,0x73,0x0,0x2d,0x0,0x70,0x0,0x69,0x0,0x6e,0x0,0x2d,0x0,0x62,0x0,0x75,0x0,0x74,0x0,0x74,0x0,0x6f,0x0,0x6e,0x0,0x2e,0x0,0x73,0x0,0x76,0x0,0x67,
  
    // minimize-button-focused.svg
  0x0,0x1b,
  0xd,0x98,0xc6,0x87,
  0x0,0x6d,
  0x0,0x69,0x0,0x6e,0x0,0x69,0x0,0x6d,0x0,0x69,0x0,0x7a,0x0,0x65,0x0,0x2d,0x0,0x62,0x0,0x75,0x0,0x74,0x0,0x74,0x0,0x6f,0x0,0x6e,0x0,0x2d,0x0,0x66,
  0x0,0x6f,0x0,0x63,0x0,0x75,0x0,0x73,0x0,0x65,0x0,0x64,0x0,0x2e,0x0,0x73,0x0,0x76,0x0,0x67,
    // maximize-button.svg
  0x0,0x13,
  0x4,0x9a,0x70,0x67,
  0x0,0x6d,
  0x0,0x61,0x0,0x78,0x0,0x69,0x0,0x6d,0x0,0x69,0x0,0x7a,0x0,0x65,0x0,0x2d,0x0,0x62,0x0,0x75,0x0,0x74,0x0,0x74,0x0,0x6f,0x0,0x6e,0x0,0x2e,0x0,0x73,
  0x0,0x76,0x0,0x67,
    // vs-pin-button-pinned-focused.svg
  0x0,0x20,
  0xc,0x51,0xe4,0x67,
  0x0,0x76,
  0x0,0x73,0x0,0x2d,0x0,0x70,0x0,0x69,0x0,0x6e,0x0,0x2d,0x0,0x62,0x0,0x75,0x0,0x74,0x0,0x74,0x0,0x6f,0x0,0x6e,0x0,0x2d,0x0,0x70,0x0,0x69,0x0,0x6e,
  0x0,0x6e,0x0,0x65,0x0,0x64,0x0,0x2d,0x0,0x66,0x0,0x6f,0x0,0x63,0x0,0x75,0x0,0x73,0x0,0x65,0x0,0x64,0x0,0x2e,0x0,0x73,0x0,0x76,0x0,0x67,
    // detach-button-disabled.svg
  0x0,0x1a,
  0x7,0xc4,0x1e,0xa7,
  0x0,0x64,
  0x0,0x65,0x0,0x74,0x0,0x61,0x0,0x63,0x0,0x68,0x0,0x2d,0x0,0x62,0x0,0x75,0x0,0x74,0x0,0x74,0x0,0x6f,0x0,0x6e,0x0,0x2d,0x0,0x64,0x0,0x69,0x0,0x73,
  0x0,0x61,0x0,0x62,0x0,0x6c,0x0,0x65,0x0,0x64,0x0,0x2e,0x0,0x73,0x0,0x76,0x0,0x67,
    // maximize-button-focused.svg
  0x0,0x1b,
  0xd,0x98,0xbd,0x27,
  0x0,0x6d,
  0x0,0x61,0x0,0x78,0x0,0x69,0x0,0x6d,0x0,0x69,0x0,0x7a,0x0,0x65,0x0,0x2d,0x0,0x62,0x0,0x75,0x0,0x74,0x0,0x74,0x0,0x6f,0x0,0x6e,0x0,0x2d,0x0,0x66,
  0x0,0x6f,0x0,0x63,0x0,0x75,0x0,0x73,0x0,0x65,0x0,0x64,0x0,0x2e,0x0,0x73,0x0,0x76,0x0,0x67,
    // close-button.svg
  0x0,0x10,
  0x8,0x7c,0xee,0x7,
  0x0,0x63,
  0x0,0x6c,0x0,0x6f,0x0,0x73,0x0,0x65,0x0,0x2d,0x0,0x62,0x0,0x75,0x0,0x74,0x0,0x74,0x0,0x6f,0x0,0x6e,0x0,0x2e,0x0,0x73,0x0,0x76,0x0,0x67,
    // close-button-focused.svg
  0x0,0x18,
  0x0,0xa4,0x4e,0xa7,
  0x0,0x63,
  0x0,0x6c,0x0,0x6f,0x0,0x73,0x0,0x65,0x0,0x2d,0x0,0x62,0x0,0x75,0x0,0x74,0x0,0x74,0x0,0x6f,0x0,0x6e,0x0,0x2d,0x0,0x66,0x0,0x6f,0x0,0x63,0x0,0x75,
  0x0,0x73,0x0,0x65,0x0,0x64,0x0,0x2e,0x0,0x73,0x0,0x76,0x0,0x67,
    // default_linux.css
  0x0,0x11,
  0xc,0x15,0xf2,0x83,
  0x0,0x64,
  0x0,0x65,0x0,0x66,0x0,0x61,0x0,0x75,0x0,0x6c,0x0,0x74,0x0,0x5f,0x0,0x6c,0x0,0x69,0x0,0x6e,0x0,0x75,0x0,0x78,0x0,0x2e,0x0,0x63,0x0,0x73,0x0,0x73,
  
    // focus_highlighting_linux.css
  0x0,0x1c,
  0xd,0x23,0x55,0x23,
  0x0,0x66,
  0x0,0x6f,0x0,0x63,0x0,0x75,0x0,0x73,0x0,0x5f,0x0,0x68,0x0,0x69,0x0,0x67,0x0,0x68,0x0,0x6c,0x0,0x69,0x0,0x67,0x0,0x68,0x0,0x74,0x0,0x69,0x0,0x6e,
  0x0,0x67,0x0,0x5f,0x0,0x6c,0x0,0x69,0x0,0x6e,0x0,0x75,0x0,0x78,0x0,0x2e,0x0,0x63,0x0,0x73,0x0,0x73,
    // focus_highlighting.css
  0x0,0x16,
  0x4,0x78,0xe7,0xe3,
  0x0,0x66,
  0x0,0x6f,0x0,0x63,0x0,0x75,0x0,0x73,0x0,0x5f,0x0,0x68,0x0,0x69,0x0,0x67,0x0,0x68,0x0,0x6c,0x0,0x69,0x0,0x67,0x0,0x68,0x0,0x74,0x0,0x69,0x0,0x6e,
  0x0,0x67,0x0,0x2e,0x0,0x63,0x0,0x73,0x0,0x73,
    // default.css
  0x0,0xb,
  0xc,0xe2,0x33,0xa3,
  0x0,0x64,
  0x0,0x65,0x0,0x66,0x0,0x61,0x0,0x75,0x0,0x6c,0x0,0x74,0x0,0x2e,0x0,0x63,0x0,0x73,0x0,0x73,
  
};

static const unsigned char qt_resource_struct[] = {
  // :
  0x0,0x0,0x0,0x0,0x0,0x2,0x0,0x0,0x0,0x1,0x0,0x0,0x0,0x1,
0x0,0x0,0x0,0x0,0x0,0x0,0x0,0x0,
  // :/ads
  0x0,0x0,0x0,0x0,0x0,0x2,0x0,0x0,0x0,0x2,0x0,0x0,0x0,0x2,
0x0,0x0,0x0,0x0,0x0,0x0,0x0,0x0,
  // :/ads/images
  0x0,0x0,0x0,0x28,0x0,0x2,0x0,0x0,0x0,0x13,0x0,0x0,0x0,0x8,
0x0,0x0,0x0,0x0,0x0,0x0,0x0,0x0,
  // :/ads/stylesheets
  0x0,0x0,0x0,0xc,0x0,0x2,0x0,0x0,0x0,0x4,0x0,0x0,0x0,0x4,
0x0,0x0,0x0,0x0,0x0,0x0,0x0,0x0,
  // :/ads/stylesheets/focus_highlighting.css
  0x0,0x0,0x4,0x50,0x0,0x1,0x0,0x0,0x0,0x1,0x0,0x0,0xd1,0x58,
0x0,0x0,0x1,0x9e,0x9c,0xad,0xb6,0xc4,
  // :/ads/stylesheets/default_linux.css
  0x0,0x0,0x3,0xea,0x0,0x1,0x0,0x0,0x0,0x1,0x0,0x0,0xc4,0x0,
0x0,0x0,0x1,0x9e,0x9c,0xad,0xb6,0xc4,
  // :/ads/stylesheets/default.css
  0x0,0x0,0x4,0x82,0x0,0x1,0x0,0x0,0x0,0x1,0x0,0x0,0xd7,0x70,
0x0,0x0,0x1,0x9e,0x9c,0xad,0xb6,0xc3,
  // :/ads/stylesheets/focus_highlighting_linux.css
  0x0,0x0,0x4,0x12,0x0,0x1,0x0,0x0,0x0,0x1,0x0,0x0,0xca,0x3d,
0x0,0x0,0x1,0x9e,0x9c,0xad,0xb6,0xc4,
  // :/ads/images/close-button-focused.svg
  0x0,0x0,0x3,0xb4,0x0,0x0,0x0,0x0,0x0,0x1,0x0,0x0,0xae,0x56,
0x0,0x0,0x1,0x9e,0x9c,0xad,0xb6,0xc1,
  // :/ads/images/vs-pin-button-disabled.svg
  0x0,0x0,0x1,0x3a,0x0,0x0,0x0,0x0,0x0,0x1,0x0,0x0,0x2d,0x3,
0x0,0x0,0x1,0x9e,0x9c,0xad,0xb6,0xc2,
  // :/ads/images/restore-button-focused.svg
  0x0,0x0,0x0,0x72,0x0,0x0,0x0,0x0,0x0,0x1,0x0,0x0,0x15,0xa4,
0x0,0x0,0x1,0x9e,0x9c,0xad,0xb6,0xc2,
  // :/ads/images/vs-pin-button-pinned.svg
  0x0,0x0,0x1,0x4,0x0,0x0,0x0,0x0,0x0,0x1,0x0,0x0,0x2b,0xc3,
0x0,0x0,0x1,0x9e,0x9c,0xad,0xb6,0xc3,
  // :/ads/images/close-button-disabled.svg
  0x0,0x0,0x0,0x3a,0x0,0x0,0x0,0x0,0x0,0x1,0x0,0x0,0x0,0x0,
0x0,0x0,0x1,0x9e,0x9c,0xad,0xb6,0xc1,
  // :/ads/images/restore-button.svg
  0x0,0x0,0x1,0xf0,0x0,0x0,0x0,0x0,0x0,0x1,0x0,0x0,0x47,0x60,
0x0,0x0,0x1,0x9e,0x9c,0xad,0xb6,0xc2,
  // :/ads/images/maximize-button.svg
  0x0,0x0,0x2,0xa6,0x0,0x0,0x0,0x0,0x0,0x1,0x0,0x0,0x71,0x3d,
0x0,0x0,0x1,0x9e,0x9c,0xad,0xb6,0xc2,
  // :/ads/images/detach-button-disabled.svg
  0x0,0x0,0x3,0x18,0x0,0x1,0x0,0x0,0x0,0x1,0x0,0x0,0x82,0xe,
0x0,0x0,0x1,0x9e,0x9c,0xad,0xb6,0xc1,
  // :/ads/images/close-button.svg
  0x0,0x0,0x3,0x8e,0x0,0x0,0x0,0x0,0x0,0x1,0x0,0x0,0x98,0xbc,
0x0,0x0,0x1,0x9e,0x9c,0xad,0xb6,0xc1,
  // :/ads/images/vs-pin-button_45.svg
  0x0,0x0,0x0,0xac,0x0,0x0,0x0,0x0,0x0,0x1,0x0,0x0,0x26,0x36,
0x0,0x0,0x1,0x9e,0x9c,0xad,0xb6,0xc3,
  // :/ads/images/detach-button.svg
  0x0,0x0,0x2,0x1a,0x0,0x0,0x0,0x0,0x0,0x1,0x0,0x0,0x57,0xea,
0x0,0x0,0x1,0x9e,0x9c,0xad,0xb6,0xc1,
  // :/ads/images/minimize-button.svg
  0x0,0x0,0x1,0xa2,0x0,0x0,0x0,0x0,0x0,0x1,0x0,0x0,0x3d,0x1b,
0x0,0x0,0x1,0x9e,0x9c,0xad,0xb6,0xc2,
  // :/ads/images/vs-pin-button.svg
  0x0,0x0,0x2,0x42,0x0,0x0,0x0,0x0,0x0,0x1,0x0,0x0,0x6e,0xd7,
0x0,0x0,0x1,0x9e,0x9c,0xad,0xb6,0xc3,
  // :/ads/images/pin-button.svg
  0x0,0x0,0x1,0xce,0x0,0x0,0x0,0x0,0x0,0x1,0x0,0x0,0x3e,0x18,
0x0,0x0,0x1,0x9e,0x9c,0xad,0xb6,0xc2,
  // :/ads/images/pin-button-big.svg
  0x0,0x0,0x0,0xda,0x0,0x0,0x0,0x0,0x0,0x1,0x0,0x0,0x28,0x13,
0x0,0x0,0x1,0x9e,0x9c,0xad,0xb6,0xc2,
  // :/ads/images/vs-pin-button-pinned-focused.svg
  0x0,0x0,0x2,0xd2,0x0,0x0,0x0,0x0,0x0,0x1,0x0,0x0,0x80,0xba,
0x0,0x0,0x1,0x9e,0x9c,0xad,0xb6,0xc2,
  // :/ads/images/maximize-button-focused.svg
  0x0,0x0,0x3,0x52,0x0,0x0,0x0,0x0,0x0,0x1,0x0,0x0,0x89,0x2e,
0x0,0x0,0x1,0x9e,0x9c,0xad,0xb6,0xc1,
  // :/ads/images/minimize-button-focused.svg
  0x0,0x0,0x2,0x6a,0x0,0x0,0x0,0x0,0x0,0x1,0x0,0x0,0x70,0x14,
0x0,0x0,0x1,0x9e,0x9c,0xad,0xb6,0xc2,
  // :/ads/images/tabs-menu-button.svg
  0x0,0x0,0x1,0x74,0x0,0x0,0x0,0x0,0x0,0x1,0x0,0x0,0x2e,0x53,
0x0,0x0,0x1,0x9e,0x9c,0xad,0xb6,0xc2,

};

#ifdef QT_NAMESPACE
#  define QT_RCC_PREPEND_NAMESPACE(name) ::QT_NAMESPACE::name
#  define QT_RCC_MANGLE_NAMESPACE0(x) x
#  define QT_RCC_MANGLE_NAMESPACE1(a, b) a##_##b
#  define QT_RCC_MANGLE_NAMESPACE2(a, b) QT_RCC_MANGLE_NAMESPACE1(a,b)
#  define QT_RCC_MANGLE_NAMESPACE(name) QT_RCC_MANGLE_NAMESPACE2( \
        QT_RCC_MANGLE_NAMESPACE0(name), QT_RCC_MANGLE_NAMESPACE0(QT_NAMESPACE))
#else
#   define QT_RCC_PREPEND_NAMESPACE(name) name
#   define QT_RCC_MANGLE_NAMESPACE(name) name
#endif

#if defined(QT_INLINE_NAMESPACE)
inline namespace QT_NAMESPACE {
#elif defined(QT_NAMESPACE)
namespace QT_NAMESPACE {
#endif

bool qRegisterResourceData(int, const unsigned char *, const unsigned char *, const unsigned char *);
bool qUnregisterResourceData(int, const unsigned char *, const unsigned char *, const unsigned char *);

#if defined(__ELF__) || defined(__APPLE__)
static inline unsigned char qResourceFeatureZlib()
{
    extern const unsigned char qt_resourceFeatureZlib;
    return qt_resourceFeatureZlib;
}
#else
unsigned char qResourceFeatureZlib();
#endif

#ifdef QT_NAMESPACE
}
#endif

int QT_RCC_MANGLE_NAMESPACE(qInitResources_ads)();
int QT_RCC_MANGLE_NAMESPACE(qInitResources_ads)()
{
    int version = 3;
    QT_RCC_PREPEND_NAMESPACE(qRegisterResourceData)
        (version, qt_resource_struct, qt_resource_name, qt_resource_data);
    return 1;
}

int QT_RCC_MANGLE_NAMESPACE(qCleanupResources_ads)();
int QT_RCC_MANGLE_NAMESPACE(qCleanupResources_ads)()
{
    int version = 3;
    version += QT_RCC_PREPEND_NAMESPACE(qResourceFeatureZlib());
    QT_RCC_PREPEND_NAMESPACE(qUnregisterResourceData)
       (version, qt_resource_struct, qt_resource_name, qt_resource_data);
    return 1;
}

#ifdef __clang__
#   pragma clang diagnostic push
#   pragma clang diagnostic ignored "-Wexit-time-destructors"
#endif

namespace {
   struct initializer {
       initializer() { QT_RCC_MANGLE_NAMESPACE(qInitResources_ads)(); }
       ~initializer() { QT_RCC_MANGLE_NAMESPACE(qCleanupResources_ads)(); }
   } dummy;
}

#ifdef __clang__
#   pragma clang diagnostic pop
#endif
